{
	"format_version": "1.10.0",
	"animation_controllers": {
		"controller.animation.chicken.general": {
			"initial_state": "default",
			"states": {
				"default": {
					"animations": [
						"idle"
					],
					"transitions": [
						{
							"walking": "query.modified_move_speed"
						}
					],
					"blend_transition": 0.3
				},
				"walking": {
					"animations": [
						{
							"walk": "query.modified_move_speed"
						}
					],
					"transitions": [
						{
							"default": "!query.ground_speed"
						}
					],
					"blend_transition": 0.3
				}
			}
		}
	}
}