{
	"format_version": "1.10.0",
	"animation_controllers": {
		"controller.animation.cow.general": {
			"states": {
				"default": {
					"transitions": [
						{
							"walking": "query.modified_move_speed"
						}
					],
					"blend_transition": 0.3
				},
				"walking": {
					"animations": [
						{
							"walk": "query.modified_move_speed"
						}
					],
					"transitions": [
						{
							"default": "!query.ground_speed"
						}
					],
					"blend_transition": 0.3
				}
			}
		},
		"controller.animation.cow.eyelids": {
			"initial_state": "default",
			"states": {
				"default": {
					"animations": [
						"blink"
					],
					"transitions": [
						{
							"dead": "query.health==0"
						}
					]
				},
				"dead": {
					"transitions": [
						{
							"default": "query.health>0"
						}
					]
				}
			}
		}
	}
}