{
	"format_version": "1.10.0",
	"animation_controllers": {
		"controller.animation.enderman.general": {
			"states": {
				"default": {
					"animations": [
						"bob"
					],
					"transitions": [
						{
							"walking": "query.ground_speed"
						},
						{
							"running": "query.ground_speed&&query.is_angry"
						}
					],
					"blend_via_shortest_path": true,
					"blend_transition": 0.3
				},
				"walking": {
					"animations": [
						{
							"walking": "query.modified_move_speed"
						},
						{
							"walking_not_holding": "query.modified_move_speed&&!query.is_carrying_block"
						}
					],
					"transitions": [
						{
							"default": "!query.ground_speed&&query.all_animations_finished"
						},
						{
							"running": "query.ground_speed&&query.is_angry"
						}
					]
				},
				"running": {
					"animations": [
						{
							"running": "query.modified_move_speed"
						},
						{
							"running_not_holding": "query.modified_move_speed&&!query.is_carrying_block"
						}
					],
					"transitions": [
						{
							"default": "!query.ground_speed&&query.all_animations_finished"
						},
						{
							"walking": "query.ground_speed&&!query.is_angry"
						}
					]
				}
			}
		},
		"controller.animation.enderman.angry": {
			"initial_state": "default",
			"states": {
				"default": {
					"transitions": [
						{
							"angry": "query.is_angry"
						}
					],
					"blend_transition": 0.4
				},
				"angry": {
					"animations": [
						"angry"
					],
					"transitions": [
						{
							"default": "!query.is_angry"
						}
					],
					"blend_transition": 0.4
				}
			}
		}
	}
}