{
	"format_version": "1.10.0",
	"animation_controllers": {
		"controller.animation.fox.general": {
			"initial_state": "default",
			"states": {
				"crouch": {
					"animations": [
						"crouch",
						{
							"walk": "query.modified_move_speed"
						}
					],
					"blend_transition": 0.4,
					"transitions": [
						{
							"default": "!query.is_stalking&&!query.is_interested"
						},
						{
							"wiggle": "query.is_interested"
						}
					]
				},
				"default": {
					"animations": [
						"idle"
					],
					"blend_transition": 0.1,
					"transitions": [
						{
							"walk": "query.ground_speed>0.4&&!query.is_stalking&&!query.is_interested"
						},
						{
							"crouch": "query.is_stalking"
						},
						{
							"sleep": "query.is_sleeping"
						},
						{
							"stuck": "query.is_stunned"
						},
						{
							"sit": "query.is_sitting"
						}
					]
				},
				"walk": {
					"animations": [
						"walk"
					],
					"blend_transition": 0.2,
					"transitions": [
						{
							"default": "query.ground_speed<0.4"
						},
						{
							"crouch": "query.is_stalking"
						},
						{
							"wiggle": "query.is_interested"
						},
						{
							"sleep": "query.is_sleeping"
						},
						{
							"stuck": "query.is_stunned"
						},
						{
							"sit": "query.is_sitting"
						}
					]
				},
				"pounce": {
					"animations": [
						"look_at_target",
						"pounce",
						{
							"walk": "query.modified_move_speed"
						}
					],
					"blend_transition": 2,
					"transitions": [
						{
							"default": "query.is_on_ground"
						}
					]
				},
				"sit": {
					"animations": [
						"sit"
					],
					"blend_transition": 0.2,
					"transitions": [
						{
							"default": "!query.is_sitting"
						}
					]
				},
				"sleep": {
					"animations": [
						"sleep"
					],
					"blend_transition": 0.2,
					"transitions": [
						{
							"default": "!query.is_sleeping"
						}
					]
				},
				"stuck": {
					"animations": [
						"stuck",
						{
							"walk": "math.cos(query.life_time*20*53.7)"
						}
					],
					"blend_transition": 0.2,
					"transitions": [
						{
							"default": "!query.is_stunned"
						}
					]
				},
				"wiggle": {
					"animations": [
						"wiggle",
						{
							"walk": "query.modified_move_speed"
						}
					],
					"blend_transition": 0.2,
					"transitions": [
						{
							"default": "!query.has_target&&query.is_on_ground"
						},
						{
							"crouch": "query.is_on_ground&&!query.is_interested&&query.is_stalking"
						},
						{
							"pounce": "!query.is_on_ground"
						}
					]
				}
			}
		}
	}
}