{
	"format_version": "1.10.0",
	"animation_controllers": {
		"controller.animation.iron_golem.general": {
			"initial_state": "default",
			"states": {
				"default": {
					"animations": [
						"idle"
					],
					"transitions": [
						{
							"walking": "query.ground_speed>0.2"
						},
						{
							"flower": "variable.offer_flower_tick"
						},
						{
							"has_target": "query.has_target"
						},
						{
							"attack": "variable.attack_animation_tick>0"
						}
					],
					"blend_transition": 0.2,
					"blend_via_shortest_path": true
				},
				"walking": {
					"animations": [
						"walk"
					],
					"transitions": [
						{
							"default": "query.ground_speed<0.2"
						},
						{
							"flower": "variable.offer_flower_tick"
						},
						{
							"has_target": "query.has_target"
						},
						{
							"attack": "variable.attack_animation_tick>0"
						}
					],
					"blend_transition": 0.2,
					"blend_via_shortest_path": true
				},
				"flower": {
					"animations": [
						"flower"
					],
					"transitions": [
						{
							"attack": "variable.attack_animation_tick>0"
						},
						{
							"default": "variable.offer_flower_tick<=0"
						},
						{
							"has_target": "query.has_target"
						},
						{
							"walking": "query.ground_speed>0.2"
						}
					],
					"blend_transition": 0.2,
					"blend_via_shortest_path": true
				},
				"has_target": {
					"animations": [
						"has_target"
					],
					"transitions": [
						{
							"attack": "variable.attack_animation_tick>0"
						},
						{
							"default": "query.ground_speed<0.2&&!query.has_target"
						},
						{
							"walking": "query.ground_speed>0.2&&!query.has_target"
						},
						{
							"flower": "variable.offer_flower_tick&&!query.has_target"
						}
					],
					"blend_transition": 0.2,
					"blend_via_shortest_path": true
				},
				"attack": {
					"animations": [
						"attack"
					],
					"transitions": [
						{
							"default": "!query.has_target&&variable.attack_animation_tick==0"
						},
						{
							"has_target": "query.has_target&&variable.attack_animation_tick==0"
						},
						{
							"walking": "query.ground_speed>0.2&&variable.attack_animation_tick==0"
						},
						{
							"flower": "variable.offer_flower_tick"
						}
					],
					"blend_transition": 0.3
				}
			}
		}
	}
}