{
	"format_version": "1.10.0",
	"animation_controllers": {
		"controller.animation.panda.move": {
			"initial_state": "default",
			"states": {
				"default": {
					"animations": [
						{
							"walk": "query.modified_move_speed*2"
						},
						{
							"idle": "query.is_alive"
						},
						"look_at_target"
					],
					"transitions": [
						{
							"rolling": "query.roll_counter>0"
						},
						{
							"sitting": "query.sit_amount>0"
						},
						{
							"lying": "query.lie_amount>0"
						}
					]
				},
				"lying": {
					"animations": [
						"lying"
					],
					"transitions": [
						{
							"default": "query.lie_amount<=0"
						},
						{
							"rolling": "query.roll_counter>0"
						},
						{
							"sitting": "query.sit_amount>0"
						}
					]
				},
				"rolling": {
					"animations": [
						"rolling"
					],
					"transitions": [
						{
							"default": "query.roll_counter<=0"
						},
						{
							"sitting": "query.sit_amount>0"
						},
						{
							"lying": "query.lie_amount>0"
						}
					]
				},
				"sitting": {
					"animations": [
						"sitting"
					],
					"transitions": [
						{
							"default": "query.sit_amount<=0"
						},
						{
							"rolling": "query.roll_counter>0"
						},
						{
							"lying": "query.lie_amount>0"
						}
					]
				}
			}
		},
		"controller.animation.panda.sneezing": {
			"initial_state": "baby",
			"states": {
				"baby": {
					"animations": [
						{
							"sneezing": "query.sneeze_counter"
						}
					]
				}
			}
		},
		"controller.animation.panda.unhappy": {
			"initial_state": "baby",
			"states": {
				"baby": {
					"animations": [
						{
							"unhappy": "query.unhappy_counter"
						}
					]
				}
			}
		}
	}
}