{
	"format_version": "1.8.0",
	"geometry.fox.bma2": {
		"texturewidth": 64,
		"textureheight": 32,
		"visible_bounds_width": 4,
		"visible_bounds_height": 2.5,
		"visible_bounds_offset": [0, 0.75, 0],
		"bones": [
			{
				"name": "root",
				"pivot": [0, 0, 0]
			},
			{
				"name": "head",
				"parent": "root",
				"pivot": [0, 8, -3],
				"cubes": [
					{"origin": [-4, 4, -9], "size": [8, 6, 6], "uv": [0, 0]}
				],
				"locators": {
					"lead": [0, 4, -4]
				}
			},
			{
				"name": "left_ear",
				"parent": "head",
				"pivot": [3, 10, -7.5],
				"cubes": [
					{"origin": [2, 10, -8], "size": [2, 2, 1], "uv": [22, 0]}
				]
			},
			{
				"name": "right_ear",
				"parent": "head",
				"pivot": [-3, 10, -7.5],
				"cubes": [
					{"origin": [-4, 10, -8], "size": [2, 2, 1], "uv": [22, 0], "mirror": true}
				]
			},
			{
				"name": "eyelids",
				"parent": "head",
				"pivot": [0, 6.5, -8]
			},
			{
				"name": "left_eyelid",
				"parent": "eyelids",
				"pivot": [3, 6.5, -8.5],
				"cubes": [
					{"origin": [2, 6, -9], "size": [2, 1, 1], "uv": [11, 20]}
				]
			},
			{
				"name": "right_eyelid",
				"parent": "eyelids",
				"pivot": [-3, 6.5, -8.5],
				"cubes": [
					{"origin": [-4, 6, -9], "size": [2, 1, 1], "uv": [11, 20], "mirror": true}
				]
			},
			{
				"name": "snout",
				"parent": "head",
				"pivot": [0, 5, -8.5],
				"cubes": [
					{"origin": [-2, 4, -12], "size": [4, 2, 3], "uv": [0, 24]}
				],
				"locators": {
					"held_item": [-2, 2, -7]
				}
			},
			{
				"name": "body",
				"parent": "root",
				"pivot": [0, 8, 0],
				"rotation": [90, 0, 0]
			},
			{
				"name": "torso",
				"parent": "body",
				"pivot": [0, 8, 0],
				"cubes": [
					{"origin": [-3, 0, -3], "size": [6, 11, 6], "uv": [30, 15]}
				]
			},
			{
				"name": "tail",
				"parent": "body",
				"pivot": [0, 1, 0],
				"cubes": [
					{"origin": [-2, -8, -2.25], "size": [4, 9, 5], "uv": [28, 0]}
				]
			},
			{
				"name": "leg0",
				"parent": "root",
				"pivot": [-3, 6, 6],
				"cubes": [
					{"origin": [-3.005, 0, 5], "size": [2, 6, 2], "uv": [14, 24]}
				]
			},
			{
				"name": "leg1",
				"parent": "root",
				"pivot": [1, 6, 6],
				"cubes": [
					{"origin": [1.005, 0, 5], "size": [2, 6, 2], "uv": [22, 24]}
				]
			},
			{
				"name": "leg2",
				"parent": "root",
				"pivot": [-3, 6, -1],
				"cubes": [
					{"origin": [-3.005, 0, -2], "size": [2, 6, 2], "uv": [14, 24]}
				]
			},
			{
				"name": "leg3",
				"parent": "root",
				"pivot": [1, 6, -1],
				"cubes": [
					{"origin": [1.005, 0, -2], "size": [2, 6, 2], "uv": [22, 24]}
				]
			}
		]
	}
}