{
	"format_version": "1.12.0",
	"minecraft:geometry": [
		{
			"description": {
				"identifier": "geometry.goat.bma2",
				"texture_width": 64,
				"texture_height": 64,
				"visible_bounds_width": 5,
				"visible_bounds_height": 4,
				"visible_bounds_offset": [0, 1, 0]
			},
			"bones": [
				{
					"name": "root",
					"pivot": [-0.5, 0, 0]
				},
				{
					"name": "head",
					"parent": "root",
					"pivot": [0, 17, -8],
					"cubes": [
						{"origin": [-2.5, 15, -16], "size": [5, 7, 10], "pivot": [0.5, 18, -8], "rotation": [55, 0, 0], "uv": [34, 46]}
					]
				},
				{
					"name": "eyelids",
					"parent": "head",
					"pivot": [0, 18, -10]
				},
				{
					"name": "left_eyelid",
					"parent": "eyelids",
					"pivot": [2.55, 17.63156, -10.13147],
					"cubes": [
						{"origin": [2.6, 17.13156, -10.63147], "size": [0, 1, 1], "pivot": [2.6, 17.63156, -10.13147], "rotation": [55, 0, 0], "uv": [42, 55]}
					]
				},
				{
					"name": "right_eyelid",
					"parent": "eyelids",
					"pivot": [-2.55, 17.63156, -10.13147],
					"cubes": [
						{"origin": [-2.6, 17.13156, -10.63147], "size": [0, 1, 1], "pivot": [-2.6, 17.63156, -10.13147], "rotation": [55, 0, 0], "uv": [42, 55], "mirror": true}
					]
				},
				{
					"name": "beard",
					"parent": "head",
					"pivot": [0, 12.5, -11.5],
					"cubes": [
						{"origin": [0, 6, -14], "size": [0, 7, 5], "uv": [23, 52]}
					]
				},
				{
					"name": "right_horn",
					"parent": "head",
					"pivot": [0.5, 18, -8],
					"cubes": [
						{"origin": [-2.49, 19, -10], "size": [2, 7, 2], "uv": [12, 55]}
					]
				},
				{
					"name": "left_horn",
					"parent": "head",
					"pivot": [0.5, 18, -8],
					"cubes": [
						{"origin": [0.49, 19, -10], "size": [2, 7, 2], "uv": [12, 55]}
					]
				},
				{
					"name": "left_ear",
					"parent": "head",
					"pivot": [2.5, 20, -9.5],
					"cubes": [
						{"origin": [2.5, 19, -10], "size": [3, 2, 1], "uv": [2, 61], "mirror": true}
					]
				},
				{
					"name": "right_ear",
					"parent": "head",
					"pivot": [-2.5, 20, -9.5],
					"cubes": [
						{"origin": [-5.5, 19, -10], "size": [3, 2, 1], "uv": [2, 61]}
					]
				},
				{
					"name": "body",
					"parent": "root",
					"pivot": [-0.16667, 13.16667, -2.16667],
					"cubes": [
						{"origin": [-4.5, 6, -7], "size": [9, 11, 16], "uv": [1, 1]},
						{"origin": [-5.5, 4, -8], "size": [11, 14, 11], "uv": [0, 28]}
					],
					"locators": {
						"lead": [-0.5, 20, -5]
					}
				},
				{
					"name": "left_front_leg",
					"parent": "root",
					"pivot": [2, 8, -4.5],
					"cubes": [
						{"origin": [0.5, 0, -6], "size": [3, 10, 3], "uv": [35, 2]}
					]
				},
				{
					"name": "right_front_leg",
					"parent": "root",
					"pivot": [-2, 8, -4.5],
					"cubes": [
						{"origin": [-3.5, 0, -6], "size": [3, 10, 3], "uv": [49, 2]}
					]
				},
				{
					"name": "left_back_leg",
					"parent": "root",
					"pivot": [2, 6, 5.5],
					"cubes": [
						{"origin": [0.5, 0, 4], "size": [3, 6, 3], "uv": [36, 29]}
					]
				},
				{
					"name": "right_back_leg",
					"parent": "root",
					"pivot": [-2, 6, 5.5],
					"cubes": [
						{"origin": [-3.5, 0, 4], "size": [3, 6, 3], "uv": [49, 29]}
					]
				}
			]
		}
	]
}