{
	"format_version": "1.12.0",
	"minecraft:geometry": [
		{
			"description": {
				"identifier": "geometry.horse.bma2",
				"texture_width": 64,
				"texture_height": 64,
				"visible_bounds_width": 5,
				"visible_bounds_height": 4,
				"visible_bounds_offset": [0, 2, 0]
			},
			"bones": [
				{
					"name": "root",
					"pivot": [0, 0, 0]
				},
				{
					"name": "Body",
					"parent": "root",
					"pivot": [0, 13, 9]
				},
				{
					"name": "torso",
					"parent": "Body",
					"pivot": [0, 16, 0],
					"cubes": [
						{"origin": [-5, 11, -11], "size": [10, 10, 22], "uv": [0, 32]}
					]
				},
				{
					"name": "Neck",
					"parent": "torso",
					"pivot": [0, 17, -8],
					"rotation": [30, 0, 0],
					"cubes": [
						{"origin": [-2, 16, -11], "size": [4, 12, 7], "uv": [0, 35]}
					],
					"locators": {
						"lead": [0, 17, -8]
					}
				},
				{
					"name": "Head",
					"parent": "Neck",
					"pivot": [0, 28, -11],
					"cubes": [
						{"origin": [-3, 28, -11], "size": [6, 5, 7], "uv": [0, 13]}
					]
				},
				{
					"name": "Muzzle",
					"parent": "Head",
					"pivot": [0, 28, -11],
					"cubes": [
						{"origin": [-2, 28, -16], "size": [4, 5, 5], "uv": [0, 25]}
					]
				},
				{
					"name": "EarL",
					"parent": "Head",
					"pivot": [1.93617, 32.39363, -4.51],
					"rotation": [0, 0, 5],
					"cubes": [
						{"origin": [0.84901, 31.88983, -5.01], "size": [2, 3, 1], "uv": [19, 16], "mirror": true}
					]
				},
				{
					"name": "EarR",
					"parent": "Head",
					"pivot": [-1.93617, 32.39363, -4.51],
					"rotation": [0, 0, -5],
					"cubes": [
						{"origin": [-2.84901, 31.88983, -5.01], "size": [2, 3, 1], "uv": [19, 16]}
					]
				},
				{
					"name": "MuleEarL",
					"parent": "Head",
					"pivot": [1.8563, 31.63727, -4.51],
					"rotation": [0, 0, 15],
					"cubes": [
						{"origin": [0.85166, 32.01831, -5.01], "size": [2, 7, 1], "uv": [0, 12], "mirror": true}
					]
				},
				{
					"name": "MuleEarLR",
					"parent": "Head",
					"pivot": [-1.8563, 31.63727, -4.51],
					"rotation": [0, 0, -15],
					"cubes": [
						{"origin": [-2.85166, 32.01831, -5.01], "size": [2, 7, 1], "uv": [0, 12]}
					]
				},
				{
					"name": "ReinsL",
					"parent": "Head",
					"pivot": [2, 30.5, -13.5],
					"rotation": [-35, 0, 0],
					"cubes": [
						{"origin": [3.1, 29, -13], "size": [0, 3, 16], "uv": [32, 2]}
					]
				},
				{
					"name": "ReinsR",
					"parent": "Head",
					"pivot": [-3, 30.5, -13.5],
					"rotation": [-35, 0, 0],
					"cubes": [
						{"origin": [-3.1, 29, -13], "size": [0, 3, 16], "uv": [32, 2]}
					]
				},
				{
					"name": "Bridle",
					"parent": "Head",
					"pivot": [0, 17, -8],
					"cubes": [
						{"origin": [-2, 28, -13], "size": [4, 5, 2], "inflate": 0.25, "uv": [19, 0]},
						{"origin": [-3, 28, -11], "size": [6, 5, 7], "inflate": 0.25, "uv": [0, 0]}
					]
				},
				{
					"name": "BitL",
					"parent": "Bridle",
					"pivot": [0, 17, -8],
					"cubes": [
						{"origin": [2, 29, -14], "size": [1, 2, 2], "uv": [29, 5]}
					]
				},
				{
					"name": "BitR",
					"parent": "Bridle",
					"pivot": [0, 17, -8],
					"cubes": [
						{"origin": [-3, 29, -14], "size": [1, 2, 2], "uv": [29, 5]}
					]
				},
				{
					"name": "eyelids",
					"parent": "Head",
					"pivot": [0, 31, -8]
				},
				{
					"name": "left_eyelid",
					"parent": "eyelids",
					"pivot": [3.1, 31.5, -8],
					"cubes": [
						{"origin": [3.1, 31, -9], "size": [0, 1, 2], "uv": [7, 22]}
					]
				},
				{
					"name": "right_eyelid",
					"parent": "eyelids",
					"pivot": [-3.1, 31.5, -8],
					"cubes": [
						{"origin": [-3.1, 31, -9], "size": [0, 1, 2], "uv": [7, 22], "mirror": true}
					]
				},
				{
					"name": "Mane",
					"parent": "Neck",
					"pivot": [0, 25, -3.95],
					"cubes": [
						{"origin": [-1, 17, -3.95], "size": [2, 16, 2], "uv": [56, 36]}
					]
				},
				{
					"name": "Tail",
					"parent": "torso",
					"pivot": [0, 20, 11],
					"rotation": [25, 0, 0],
					"cubes": [
						{"origin": [-1.5, 6, 9], "size": [3, 14, 4], "uv": [42, 36]}
					]
				},
				{
					"name": "BagL",
					"parent": "torso",
					"pivot": [5, 21, 11],
					"rotation": [0, 90, 0],
					"cubes": [
						{"origin": [6, 13, 11], "size": [8, 8, 3], "uv": [26, 21], "mirror": true}
					]
				},
				{
					"name": "BagR",
					"parent": "torso",
					"pivot": [-5, 21, 11],
					"rotation": [0, -90, 0],
					"cubes": [
						{"origin": [-14, 13, 11], "size": [8, 8, 3], "uv": [26, 21]}
					]
				},
				{
					"name": "Saddle",
					"parent": "torso",
					"pivot": [0, 22, 2],
					"cubes": [
						{"origin": [-5, 12, -3.5], "size": [10, 9, 9], "inflate": 0.5, "uv": [26, 0]}
					]
				},
				{
					"name": "LegBL",
					"parent": "Body",
					"pivot": [3, 11, 9],
					"cubes": [
						{"origin": [1, 0, 7], "size": [4, 11, 4], "uv": [48, 21], "mirror": true}
					]
				},
				{
					"name": "LegBR",
					"parent": "Body",
					"pivot": [-3, 11, 9],
					"cubes": [
						{"origin": [-5, 0, 7], "size": [4, 11, 4], "uv": [48, 21]}
					]
				},
				{
					"name": "LegFL",
					"parent": "Body",
					"pivot": [3, 11, -9],
					"cubes": [
						{"origin": [1, 0, -11], "size": [4, 11, 4], "uv": [48, 21], "mirror": true}
					]
				},
				{
					"name": "LegFR",
					"parent": "Body",
					"pivot": [-3, 11, -9],
					"cubes": [
						{"origin": [-5, 0, -11], "size": [4, 11, 4], "uv": [48, 21]}
					]
				}
			]
		}
	]
}