{
	"format_version": "1.12.0",
	"minecraft:geometry": [
		{
			"description": {
				"identifier": "geometry.llama.bma2",
				"texture_width": 128,
				"texture_height": 64,
				"visible_bounds_width": 6,
				"visible_bounds_height": 6,
				"visible_bounds_offset": [0, 1, 0]
			},
			"bones": [
				{
					"name": "root",
					"pivot": [0, 0, 0]
				},
				{
					"name": "head",
					"parent": "root",
					"pivot": [0, 17, -6],
					"cubes": [
						{"origin": [-4, 15, -12], "size": [8, 18, 6], "uv": [0, 14]}
					],
					"locators": {
						"lead": [0, 18, -11]
					}
				},
				{
					"name": "eyelids",
					"parent": "head",
					"pivot": [0, 30.5, -12.05],
					"cubes": [
						{"origin": [2, 30, -12.05], "size": [1, 1, 0], "uv": [14, 12]},
						{"origin": [-3, 30, -12.05], "size": [1, 1, 0], "uv": [14, 12], "mirror": true}
					]
				},
				{
					"name": "snout",
					"parent": "head",
					"pivot": [0, 29, -11.5],
					"cubes": [
						{"origin": [-2, 27, -16], "size": [4, 4, 9], "uv": [0, 0]}
					]
				},
				{
					"name": "left_ear",
					"parent": "head",
					"pivot": [2.5, 33, -9],
					"cubes": [
						{"origin": [1, 33, -10], "size": [3, 3, 2], "uv": [17, 0]}
					]
				},
				{
					"name": "right_ear",
					"parent": "head",
					"pivot": [-2.5, 33, -9],
					"cubes": [
						{"origin": [-4, 33, -10], "size": [3, 3, 2], "uv": [17, 0], "mirror": true}
					]
				},
				{
					"name": "body",
					"parent": "root",
					"pivot": [0, 19, -2],
					"cubes": [
						{"origin": [-6, 10.74518, -5.00812], "size": [12, 18, 10], "pivot": [0, 18.74518, 1.99188], "rotation": [90, 0, 0], "uv": [29, 0]}
					]
				},
				{
					"name": "chest1",
					"parent": "body",
					"pivot": [-8.5, 20.74518, 2.99188],
					"rotation": [0, 90, 0],
					"cubes": [
						{"origin": [-11.5, 12.74518, 2.99188], "size": [8, 8, 3], "uv": [45, 28]}
					]
				},
				{
					"name": "chest2",
					"parent": "body",
					"pivot": [5.5, 20.74518, 2.99188],
					"rotation": [0, 90, 0],
					"cubes": [
						{"origin": [2.5, 12.74518, 2.99188], "size": [8, 8, 3], "uv": [45, 41]}
					]
				},
				{
					"name": "leg0",
					"parent": "root",
					"pivot": [-3.5, 14, 6],
					"cubes": [
						{"origin": [-5.5, 0, 4], "size": [4, 14, 4], "uv": [29, 29]}
					]
				},
				{
					"name": "leg1",
					"parent": "root",
					"pivot": [3.5, 14, 6],
					"cubes": [
						{"origin": [1.5, 0, 4], "size": [4, 14, 4], "uv": [29, 29]}
					]
				},
				{
					"name": "leg2",
					"parent": "root",
					"pivot": [-3.5, 14, -5],
					"cubes": [
						{"origin": [-5.5, 0, -7], "size": [4, 14, 4], "uv": [29, 29]}
					]
				},
				{
					"name": "leg3",
					"parent": "root",
					"pivot": [3.5, 14, -5],
					"cubes": [
						{"origin": [1.5, 0, -7], "size": [4, 14, 4], "uv": [29, 29]}
					]
				}
			]
		}
	]
}