{
	"format_version": "1.12.0",
	"minecraft:geometry": [
		{
			"description": {
				"identifier": "geometry.panda.bma2",
				"texture_width": 64,
				"texture_height": 64,
				"visible_bounds_width": 4,
				"visible_bounds_height": 5,
				"visible_bounds_offset": [0, 1.5, 0]
			},
			"bones": [
				{
					"name": "root",
					"pivot": [0, 0, 0]
				},
				{
					"name": "root2",
					"parent": "root",
					"pivot": [0, 13, 0]
				},
				{
					"name": "head",
					"parent": "root2",
					"pivot": [0, 12.5, -13],
					"cubes": [
						{"origin": [-6.5, 7.5, -21], "size": [13, 10, 9], "uv": [0, 6]}
					],
					"locators": {
						"lead": [0, 14, -16]
					}
				},
				{
					"name": "eyelids",
					"parent": "head",
					"pivot": [0, 13, -21.05],
					"cubes": [
						{"origin": [2.5, 12.5, -21.05], "size": [2, 1, 0], "uv": [19, 20]},
						{"origin": [-4.5, 12.5, -21.05], "size": [2, 1, 0], "uv": [19, 20], "mirror": true}
					]
				},
				{
					"name": "left_ear",
					"parent": "head",
					"pivot": [6, 17.5, -17.5],
					"cubes": [
						{"origin": [3.5, 16.5, -18], "size": [5, 4, 1], "uv": [52, 25]}
					]
				},
				{
					"name": "right_ear",
					"parent": "head",
					"pivot": [-6, 17.5, -17.5],
					"cubes": [
						{"origin": [-8.5, 16.5, -18], "size": [5, 4, 1], "uv": [52, 25], "mirror": true}
					]
				},
				{
					"name": "snout",
					"parent": "head",
					"pivot": [0, 10, -21],
					"cubes": [
						{"origin": [-3.5, 7.5, -23], "size": [7, 5, 2], "uv": [45, 16]}
					]
				},
				{
					"name": "body",
					"parent": "root2",
					"pivot": [0, 14, -4],
					"cubes": [
						{"origin": [-9.5, 1, -6.5], "size": [19, 26, 13], "pivot": [0, 14, 0], "rotation": [90, 0, 0], "uv": [0, 25]}
					]
				},
				{
					"name": "leg0",
					"parent": "root2",
					"pivot": [-5.5, 9, 9],
					"cubes": [
						{"origin": [-8.5, 0, 6], "size": [6, 9, 6], "uv": [40, 0]}
					]
				},
				{
					"name": "leg1",
					"parent": "root2",
					"pivot": [5.5, 9, 9],
					"cubes": [
						{"origin": [2.5, 0, 6], "size": [6, 9, 6], "uv": [40, 0]}
					]
				},
				{
					"name": "leg2",
					"parent": "root2",
					"pivot": [-5.5, 9, -9],
					"cubes": [
						{"origin": [-8.5, 0, -12], "size": [6, 9, 6], "uv": [40, 0]}
					]
				},
				{
					"name": "leg3",
					"parent": "root2",
					"pivot": [5.5, 9, -9],
					"cubes": [
						{"origin": [2.5, 0, -12], "size": [6, 9, 6], "uv": [40, 0]}
					]
				}
			]
		}
	]
}