{
	"format_version": "1.12.0",
	"minecraft:geometry": [
		{
			"description": {
				"identifier": "geometry.pig.bma2",
				"texture_width": 64,
				"texture_height": 32,
				"visible_bounds_width": 3,
				"visible_bounds_height": 2.25,
				"visible_bounds_offset": [0, 0.875, 0]
			},
			"bones": [
				{
					"name": "root",
					"pivot": [0, 0, 0]
				},
				{
					"name": "head",
					"parent": "root",
					"pivot": [0, 12, -6],
					"cubes": [
						{"origin": [-4, 8, -14], "size": [8, 8, 8], "uv": [0, 0]}
					],
					"locators": {
						"lead": [0, 14, -6]
					}
				},
				{
					"name": "snout",
					"parent": "head",
					"pivot": [0, 10.5, -13.5],
					"cubes": [
						{"origin": [-2, 9, -15], "size": [4, 3, 1], "uv": [16, 16]}
					]
				},
				{
					"name": "eyelids",
					"parent": "head",
					"pivot": [0, 12.5, -14.05],
					"cubes": [
						{"origin": [2, 12, -14.05], "size": [2, 1, 0], "uv": [8, 15]},
						{"origin": [-4, 12, -14.05], "size": [2, 1, 0], "uv": [8, 15], "mirror": true}
					]
				},
				{
					"name": "body",
					"parent": "root",
					"pivot": [0, 10, -1],
					"cubes": [
						{"origin": [-5, -9, 6], "size": [10, 16, 8], "pivot": [0, 0, 0], "rotation": [90, 0, 0], "uv": [28, 8]}
					]
				},
				{
					"name": "leg0",
					"parent": "root",
					"pivot": [-3, 6, 7],
					"cubes": [
						{"origin": [-5, 0, 5], "size": [4, 6, 4], "uv": [0, 16]}
					]
				},
				{
					"name": "leg1",
					"parent": "root",
					"pivot": [3, 6, 7],
					"mirror": true,
					"cubes": [
						{"origin": [1, 0, 5], "size": [4, 6, 4], "uv": [0, 16]}
					]
				},
				{
					"name": "leg2",
					"parent": "root",
					"pivot": [-3, 6, -5],
					"cubes": [
						{"origin": [-5, 0, -7], "size": [4, 6, 4], "uv": [0, 16]}
					]
				},
				{
					"name": "leg3",
					"parent": "root",
					"pivot": [3, 6, -5],
					"mirror": true,
					"cubes": [
						{"origin": [1, 0, -7], "size": [4, 6, 4], "uv": [0, 16]}
					]
				}
			]
		}
	]
}