{
	"format_version": "1.12.0",
	"minecraft:geometry": [
		{
			"description": {
				"identifier": "geometry.pillager.bma2",
				"texture_width": 64,
				"texture_height": 64,
				"visible_bounds_width": 6,
				"visible_bounds_height": 4,
				"visible_bounds_offset": [0, 1, 0]
			},
			"bones": [
				{
					"name": "root",
					"pivot": [0, 0, 0]
				},
				{
					"name": "spine",
					"parent": "root",
					"pivot": [0, 12, 0]
				},
				{
					"name": "head",
					"parent": "spine",
					"pivot": [0, 24, 0],
					"cubes": [
						{"origin": [-4, 24, -4], "size": [8, 10, 8], "uv": [0, 0]}
					],
					"locators": {
						"lead": [0, 0, 0]
					}
				},
				{
					"name": "nose",
					"parent": "head",
					"pivot": [0, 26, -4],
					"cubes": [
						{"origin": [-1, 23, -6], "size": [2, 4, 2], "uv": [24, 0]}
					]
				},
				{
					"name": "eyelids",
					"parent": "head",
					"pivot": [0, 24, 0]
				},
				{
					"name": "left_eyelid",
					"parent": "eyelids",
					"pivot": [2, 27.5, -4.05],
					"cubes": [
						{"origin": [1, 27, -4.05], "size": [2, 1, 0], "uv": [16, 17]}
					]
				},
				{
					"name": "right_eyelid",
					"parent": "eyelids",
					"pivot": [-2, 27.5, -4.05],
					"cubes": [
						{"origin": [-3, 27, -4.05], "size": [2, 1, 0], "uv": [16, 17], "mirror": true}
					]
				},
				{
					"name": "body",
					"parent": "spine",
					"pivot": [0, 15, 0],
					"cubes": [
						{"origin": [-4, 12, -3], "size": [8, 12, 6], "uv": [16, 20]},
						{"origin": [-4, 6, -3], "size": [8, 18, 6], "inflate": 0.5, "uv": [0, 38]}
					]
				},
				{
					"name": "leftarm",
					"parent": "spine",
					"pivot": [5, 22, 0],
					"mirror": true,
					"cubes": [
						{"origin": [4, 12, -2], "size": [4, 12, 4], "uv": [40, 46]}
					]
				},
				{
					"name": "leftItem",
					"parent": "leftarm",
					"pivot": [6, 15, 1]
				},
				{
					"name": "rightarm",
					"parent": "spine",
					"pivot": [-5, 22, 0],
					"cubes": [
						{"origin": [-8, 12, -2], "size": [4, 12, 4], "uv": [40, 46]}
					]
				},
				{
					"name": "rightItem",
					"parent": "rightarm",
					"pivot": [-6, 15, 1]
				},
				{
					"name": "waist",
					"parent": "root",
					"pivot": [0, 12, 0]
				},
				{
					"name": "leftLeg",
					"parent": "waist",
					"pivot": [2, 12, 0],
					"cubes": [
						{"origin": [0, 0, -2], "size": [4, 12, 4], "uv": [0, 22]}
					]
				},
				{
					"name": "rightLeg",
					"parent": "waist",
					"pivot": [-2, 12, 0],
					"mirror": true,
					"cubes": [
						{"origin": [-4, 0, -2], "size": [4, 12, 4], "uv": [0, 22]}
					]
				}
			]
		}
	]
}