{
	"format_version": "1.12.0",
	"minecraft:geometry": [
		{
			"description": {
				"identifier": "geometry.ravager.bma2",
				"texture_width": 128,
				"texture_height": 128,
				"visible_bounds_width": 6,
				"visible_bounds_height": 5,
				"visible_bounds_offset": [0, 1.5, 0]
			},
			"bones": [
				{
					"name": "root",
					"pivot": [0, 0, 0]
				},
				{
					"name": "neck",
					"parent": "root",
					"pivot": [0, 20, -20],
					"cubes": [
						{"origin": [-5, 21, -10], "size": [10, 10, 18], "uv": [68, 73]}
					]
				},
				{
					"name": "head",
					"parent": "neck",
					"pivot": [0, 28, -10],
					"cubes": [
						{"origin": [-8, 14, -24], "size": [16, 20, 16], "uv": [0, 0]}
					],
					"locators": {
						"stun": [0, 32, -15]
					}
				},
				{
					"name": "mouth",
					"parent": "head",
					"pivot": [0, 15, -10],
					"cubes": [
						{"origin": [-8, 13, -24], "size": [16, 3, 16], "uv": [0, 36]}
					]
				},
				{
					"name": "horns",
					"parent": "head",
					"pivot": [-5, 27, -19],
					"rotation": [60, 0, 0],
					"cubes": [
						{"origin": [-10, 27, -20], "size": [2, 14, 4], "uv": [74, 55]},
						{"origin": [8, 27, -20], "size": [2, 14, 4], "uv": [74, 55]}
					]
				},
				{
					"name": "eyelids",
					"parent": "head",
					"pivot": [0, 20.5, -24.1],
					"cubes": [
						{"origin": [2, 20, -24.1], "size": [4, 1, 0], "uv": [32, 32]},
						{"origin": [-6, 20, -24.1], "size": [4, 1, 0], "uv": [32, 32], "mirror": true}
					]
				},
				{
					"name": "nose",
					"parent": "head",
					"pivot": [0, 19, -24],
					"cubes": [
						{"origin": [-2, 12, -28], "size": [4, 8, 4], "uv": [0, 0]}
					]
				},
				{
					"name": "body",
					"parent": "root",
					"pivot": [0, 25, 2]
				},
				{
					"name": "bone",
					"parent": "body",
					"pivot": [0, 25, 2],
					"rotation": [90, 0, 0],
					"cubes": [
						{"origin": [-7, 16, -8], "size": [14, 16, 20], "uv": [0, 55]},
						{"origin": [-6, 3, -8], "size": [12, 13, 18], "uv": [0, 91]}
					]
				},
				{
					"name": "leg0",
					"parent": "root",
					"pivot": [-4, 30.5, 21],
					"cubes": [
						{"origin": [-12, 0, 17], "size": [8, 37, 8], "uv": [96, 0]}
					]
				},
				{
					"name": "leg1",
					"parent": "root",
					"pivot": [4, 30.5, 21],
					"cubes": [
						{"origin": [4, 0, 17], "size": [8, 37, 8], "uv": [96, 0], "mirror": true}
					]
				},
				{
					"name": "leg2",
					"parent": "root",
					"pivot": [-4, 30.5, -4],
					"cubes": [
						{"origin": [-12, 0, -8], "size": [8, 37, 8], "uv": [96, 0]}
					]
				},
				{
					"name": "leg3",
					"parent": "root",
					"pivot": [4, 30.5, -4],
					"cubes": [
						{"origin": [4, 0, -8], "size": [8, 37, 8], "uv": [96, 0], "mirror": true}
					]
				}
			]
		}
	]
}