{
	"format_version": "1.12.0",
	"minecraft:geometry": [
		{
			"description": {
				"identifier": "geometry.spider.bma2",
				"texture_width": 64,
				"texture_height": 32,
				"visible_bounds_width": 4,
				"visible_bounds_height": 3,
				"visible_bounds_offset": [0, 0.5, 0]
			},
			"bones": [
				{
					"name": "root",
					"pivot": [0, 6, 0]
				},
				{
					"name": "segment",
					"parent": "root",
					"pivot": [0, 6, 0],
					"cubes": [
						{"origin": [-3, 3, -3], "size": [6, 6, 6], "uv": [0, 0]}
					]
				},
				{
					"name": "head",
					"parent": "root",
					"pivot": [0, 6, -3],
					"cubes": [
						{"origin": [-4, 2, -11], "size": [8, 8, 8], "uv": [32, 4]}
					]
				},
				{
					"name": "fangs",
					"parent": "head",
					"pivot": [0, 6, -3]
				},
				{
					"name": "left_fang",
					"parent": "fangs",
					"pivot": [2, 3.5, -11],
					"cubes": [
						{"origin": [1, 1, -12], "size": [2, 3, 1], "uv": [27, 20]}
					]
				},
				{
					"name": "right_fang",
					"parent": "fangs",
					"pivot": [-2, 3.5, -11],
					"cubes": [
						{"origin": [-3, 1, -12], "size": [2, 3, 1], "uv": [27, 20], "mirror": true}
					]
				},
				{
					"name": "abdomen",
					"parent": "root",
					"pivot": [0, 6, 3],
					"cubes": [
						{"origin": [-5, 2, 3], "size": [10, 8, 12], "uv": [0, 12]}
					]
				},
				{
					"name": "leg0",
					"parent": "root",
					"pivot": [-4, 6, 2],
					"cubes": [
						{"origin": [-19, 5, 1], "size": [16, 2, 2], "uv": [18, 0]}
					]
				},
				{
					"name": "leg1",
					"parent": "root",
					"pivot": [4, 6, 2],
					"cubes": [
						{"origin": [3, 5, 1], "size": [16, 2, 2], "uv": [18, 0], "mirror": true}
					]
				},
				{
					"name": "leg2",
					"parent": "root",
					"pivot": [-4, 6, 1],
					"cubes": [
						{"origin": [-19, 5, 0], "size": [16, 2, 2], "uv": [18, 0]}
					]
				},
				{
					"name": "leg3",
					"parent": "root",
					"pivot": [4, 6, 1],
					"cubes": [
						{"origin": [3, 5, 0], "size": [16, 2, 2], "uv": [18, 0], "mirror": true}
					]
				},
				{
					"name": "leg4",
					"parent": "root",
					"pivot": [-4, 6, 0],
					"cubes": [
						{"origin": [-19, 5, -1], "size": [16, 2, 2], "uv": [18, 0]}
					]
				},
				{
					"name": "leg5",
					"parent": "root",
					"pivot": [4, 6, 0],
					"cubes": [
						{"origin": [3, 5, -1], "size": [16, 2, 2], "uv": [18, 0], "mirror": true}
					]
				},
				{
					"name": "leg6",
					"parent": "root",
					"pivot": [-4, 6, -1],
					"cubes": [
						{"origin": [-19, 5, -2], "size": [16, 2, 2], "uv": [18, 0]}
					]
				},
				{
					"name": "leg7",
					"parent": "root",
					"pivot": [4, 6, -1],
					"cubes": [
						{"origin": [3, 5, -2], "size": [16, 2, 2], "uv": [18, 0], "mirror": true}
					]
				}
			]
		}
	]
}