{
	"format_version": "1.8.0",
	"geometry.vindicator.bma2": {
		"texturewidth": 64,
		"textureheight": 64,
		"visible_bounds_width": 6,
		"visible_bounds_height": 3,
		"visible_bounds_offset": [0, 1.5, 0],
		"bones": [
			{
				"name": "root",
				"pivot": [0, 0, 0]
			},
			{
				"name": "spine",
				"parent": "root",
				"pivot": [0, 12, 0]
			},
			{
				"name": "head",
				"parent": "spine",
				"pivot": [0, 24, 0],
				"cubes": [
					{"origin": [-4, 24, -4], "size": [8, 10, 8], "uv": [0, 0]}
				]
			},
			{
				"name": "nose",
				"parent": "head",
				"pivot": [0, 26, -4],
				"cubes": [
					{"origin": [-1, 23, -6], "size": [2, 4, 2], "uv": [24, 0]}
				]
			},
			{
				"name": "eyelids",
				"parent": "head",
				"pivot": [0, 27.5, -4.1],
				"cubes": [
					{"origin": [1, 27, -4.1], "size": [2, 1, 0], "uv": [16, 17]},
					{"origin": [-3, 27, -4.1], "size": [2, 1, 0], "uv": [16, 17], "mirror": true}
				]
			},
			{
				"name": "body",
				"parent": "spine",
				"pivot": [0, 24, 0],
				"cubes": [
					{"origin": [-4, 12, -3], "size": [8, 12, 6], "uv": [16, 20]},
					{"origin": [-4, 6, -3], "size": [8, 18, 6], "uv": [0, 38], "inflate": 0.5}
				]
			},
			{
				"name": "arms",
				"parent": "spine",
				"pivot": [0, 22, 0],
				"cubes": [
					{"origin": [-8, 16, -2], "size": [4, 8, 4], "uv": [44, 22]},
					{"origin": [4, 16, -2], "size": [4, 8, 4], "uv": [44, 22]},
					{"origin": [-4, 16, -2], "size": [8, 4, 4], "uv": [40, 38]}
				]
			},
			{
				"name": "leftArm",
				"parent": "spine",
				"pivot": [5, 22, 0],
				"mirror": true,
				"cubes": [
					{"origin": [4, 12, -2], "size": [4, 12, 4], "uv": [40, 46]}
				]
			},
			{
				"name": "leftItem",
				"parent": "leftArm",
				"pivot": [6, 15, 1]
			},
			{
				"name": "rightArm",
				"parent": "spine",
				"pivot": [-5, 22, 0],
				"cubes": [
					{"origin": [-8, 12, -2], "size": [4, 12, 4], "uv": [40, 46]}
				]
			},
			{
				"name": "rightItem",
				"parent": "rightArm",
				"pivot": [-5.5, 16, 0.5]
			},
			{
				"name": "waist",
				"parent": "root",
				"pivot": [0, 12, 0]
			},
			{
				"name": "leg0",
				"parent": "waist",
				"pivot": [-2, 12, 0],
				"cubes": [
					{"origin": [-4, 0, -2], "size": [4, 12, 4], "uv": [0, 22]}
				]
			},
			{
				"name": "leg1",
				"parent": "waist",
				"pivot": [2, 12, 0],
				"mirror": true,
				"cubes": [
					{"origin": [0, 0, -2], "size": [4, 12, 4], "uv": [0, 22]}
				]
			}
		]
	}
}