{
	"format_version": "1.8.0",
	"geometry.wolf": {
		"texturewidth": 64,
		"textureheight": 32,
		"visible_bounds_width": 4,
		"visible_bounds_height": 3,
		"visible_bounds_offset": [0, 0.5, 0],
		"bones": [
			{
				"name": "root",
				"pivot": [0, 0, 0]
			},
			{
				"name": "upperBody",
				"parent": "root",
				"pivot": [-1, 10, -3]
			},
			{
				"name": "head",
				"parent": "upperBody",
				"pivot": [-1, 10.5, -7.5],
				"cubes": [
					{"origin": [-4, 7.5, -9.5], "size": [6, 6, 4], "uv": [0, 0]},
					{"origin": [-2.5, 8.51563, -12.5], "size": [3, 2, 4], "uv": [0, 10]}
				],
				"locators": {
					"lead": [-1, 10.5, -7.5]
				}
			},
			{
				"name": "eyelids",
				"parent": "head",
				"pivot": [-1, 10.5, -7.5],
				"cubes": [
					{"origin": [-4, 10.5, -9.6], "size": [2, 1, 0], "uv": [4, 0]},
					{"origin": [0, 10.5, -9.6], "size": [2, 1, 0], "uv": [4, 0]}
				]
			},
			{
				"name": "jaw",
				"parent": "head",
				"pivot": [-1, 9.5, -9.5],
				"cubes": [
					{"origin": [-2.5, 7.51563, -12.5], "size": [3, 2, 4], "uv": [0, 11]}
				]
			},
			{
				"name": "left_ear",
				"parent": "head",
				"pivot": [1, 13.5, -7],
				"cubes": [
					{"origin": [0, 13.5, -7.5], "size": [2, 2, 1], "uv": [16, 14]}
				]
			},
			{
				"name": "right_ear",
				"parent": "head",
				"pivot": [-3, 13.5, -7],
				"cubes": [
					{"origin": [-4, 13.5, -7.5], "size": [2, 2, 1], "uv": [16, 14]}
				]
			},
			{
				"name": "torso",
				"parent": "upperBody",
				"pivot": [-1, 10, -3],
				"rotation": [90, 0, 0],
				"cubes": [
					{"origin": [-5, 7, -6], "size": [8, 6, 7], "uv": [21, 0]}
				]
			},
			{
				"name": "body",
				"parent": "upperBody",
				"pivot": [0, 10, 1],
				"rotation": [90, 0, 0],
				"cubes": [
					{"origin": [-4, 2, -2], "size": [6, 9, 6], "uv": [18, 14]}
				]
			},
			{
				"name": "tail",
				"parent": "body",
				"pivot": [-1, 3, 3],
				"rotation": [-50, 0, 0],
				"cubes": [
					{"origin": [-2, -5, 2], "size": [2, 8, 2], "uv": [9, 18]}
				]
			},
			{
				"name": "leg0",
				"parent": "root",
				"pivot": [-2.5, 8, 7],
				"cubes": [
					{"origin": [-3.5, 0, 6], "size": [2, 8, 2], "uv": [0, 18]}
				]
			},
			{
				"name": "leg1",
				"parent": "root",
				"pivot": [0.5, 8, 7],
				"cubes": [
					{"origin": [-0.5, 0, 6], "size": [2, 8, 2], "uv": [0, 18]}
				]
			},
			{
				"name": "leg2",
				"parent": "root",
				"pivot": [-2.5, 8, -5],
				"cubes": [
					{"origin": [-3.5, 0, -6], "size": [2, 8, 2], "uv": [0, 18]}
				]
			},
			{
				"name": "leg3",
				"parent": "root",
				"pivot": [0.5, 8, -5],
				"cubes": [
					{"origin": [-0.5, 0, -6], "size": [2, 8, 2], "uv": [0, 18]}
				]
			}
		]
	}
}