{
	"format_version": "1.12.0",
	"minecraft:geometry": [
		{
			"description": {
				"identifier": "geometry.zombie.villager_v2.bma2",
				"texture_width": 64,
				"texture_height": 64,
				"visible_bounds_width": 3,
				"visible_bounds_height": 3,
				"visible_bounds_offset": [0, 1.5, 0]
			},
			"bones": [
				{
					"name": "root",
					"pivot": [0, 0, 0]
				},
				{
					"name": "spine",
					"parent": "root",
					"pivot": [0, 12, 0]
				},
				{
					"name": "head",
					"parent": "spine",
					"pivot": [0, 24, 0],
					"cubes": [
						{"origin": [-4, 24, -4], "size": [8, 10, 8], "inflate": 0.25, "uv": [0, 0]},
						{"origin": [-1, 23, -6], "size": [2, 4, 2], "inflate": 0.25, "uv": [24, 0]}
					]
				},
				{
					"name": "helmet",
					"parent": "head",
					"pivot": [0, 24, 0],
					"cubes": [
						{"origin": [-4, 24, -4], "size": [8, 10, 8], "inflate": 0.5, "uv": [32, 0]}
					]
				},
				{
					"name": "brim",
					"parent": "head",
					"pivot": [0, 24, 0],
					"rotation": [-90, 0, 0],
					"cubes": [
						{"origin": [-8, 16, -6], "size": [16, 16, 1], "inflate": 0.1, "uv": [30, 47]}
					]
				},
				{
					"name": "body",
					"parent": "spine",
					"pivot": [0, 12, 0],
					"cubes": [
						{"origin": [-4, 12, -3], "size": [8, 12, 6], "uv": [16, 20]},
						{"origin": [-4, 6, -3], "size": [8, 18, 6], "inflate": 0.5, "uv": [0, 38]}
					]
				},
				{
					"name": "leftArm",
					"parent": "spine",
					"pivot": [5, 22, 0],
					"mirror": true,
					"cubes": [
						{"origin": [4, 12, -2], "size": [4, 12, 4], "uv": [44, 22]}
					]
				},
				{
					"name": "leftItem",
					"parent": "leftArm",
					"pivot": [6, 15, 1]
				},
				{
					"name": "rightArm",
					"parent": "spine",
					"pivot": [-5, 22, 0],
					"cubes": [
						{"origin": [-8, 12, -2], "size": [4, 12, 4], "uv": [44, 22]}
					]
				},
				{
					"name": "rightItem",
					"parent": "rightArm",
					"pivot": [-6, 15, 1]
				},
				{
					"name": "waist",
					"parent": "root",
					"pivot": [0, 12, 0]
				},
				{
					"name": "leftLeg",
					"parent": "waist",
					"pivot": [2, 12, 0],
					"mirror": true,
					"cubes": [
						{"origin": [0, 0, -2], "size": [4, 12, 4], "uv": [0, 22]}
					]
				},
				{
					"name": "rightLeg",
					"parent": "waist",
					"pivot": [-2, 12, 0],
					"cubes": [
						{"origin": [-4, 0, -2], "size": [4, 12, 4], "uv": [0, 22]}
					]
				}
			]
		}
	]
}