{
	"format_version": "1.8.0",
	"animations": {
		"animation.cat.baby_transform": {
			"loop": true,
			"bones": {
				"head": {
					"scale": 1.5
				}
			}
		},
		"animation.cat.blink": {
			"loop": true,
			"animation_length": 1.5,
			"anim_time_update": "q.anim_time + (q.delta_time * math.random(0.1, 1))",
			"bones": {
				"eyelids": {
					"position": {
						"0.0": [0, 0, 0],
						"0.25": [0, 0, 1],
						"1.5": [0, 0, 0]
					}
				}
			}
		},
		"animation.cat.idle": {
			"loop": true,
			"animation_length": 1,
			"bones": {
				"tail1": {
					"rotation": {
						"0.0": [59.78638, 6.49053, -3.76613],
						"0.5": [59.97637, 2.16489, 6.28164],
						"1.0": [59.78638, 6.49053, -3.76613]
					}
				},
				"tail2": {
					"rotation": {
						"0.0": [39.89247, -3.21154, 3.83424],
						"0.25": [39.56869, 6.40865, -7.69263],
						"0.5": [39.35296, 6.38452, -7.72069],
						"0.75": [39.40672, -4.78591, 5.77043],
						"1.0": [39.89247, -3.21154, 3.83424]
					},
					"position": [0, -8, -8]
				},
				"rightEar": {
					"rotation": {
						"0.0": [0, 17.5, 0],
						"0.25": [5.41615, 16.66577, 18.29388],
						"0.5": [5.32938, -13.20834, 15.51528],
						"0.75": [5.32938, -13.20834, 15.51528],
						"1.0": [0, 17.5, 0]
					}
				},
				"leftEar": {
					"rotation": {
						"0.0": [0, 0, 0],
						"0.25": [0, -20, 0],
						"0.5": [0, -20, 0],
						"0.75": [7.92945, -18.42031, -23.78773],
						"1.0": [0, 0, 0]
					}
				}
			}
		},
		"animation.cat.walk": {
			"loop": true,
			"animation_length": 0.5,
			"anim_time_update": "q.anim_time + (q.delta_time * (q.modified_move_speed * 2))",
			"bones": {
				"backLegL": {
					"rotation": {
						"0.0": [30, 0, 0],
						"0.25": [-30, 0, 0],
						"0.375": [-7.5, 0, 0],
						"0.5": [30, 0, 0]
					},
					"position": {
						"0.0": [0, 0, 0],
						"0.125": [0, 2, 0],
						"0.25": [0, 0, 0],
						"0.5": [0, 0, 0]
					}
				},
				"backLegR": {
					"rotation": {
						"0.0": [-30, 0, 0],
						"0.125": [-7.5, 0, 0],
						"0.25": [30, 0, 0],
						"0.5": [-30, 0, 0]
					},
					"position": {
						"0.0": [0, 0, 0],
						"0.25": [0, 0, 0],
						"0.375": [0, 2, 0],
						"0.5": [0, 0, 0]
					}
				},
				"frontLegL": {
					"rotation": {
						"0.0": [-15, 0, 0],
						"0.0833": [-32.5, 0, 0],
						"0.2917": [12.5, 0, 0],
						"0.375": [15.71429, 0, 0],
						"0.5": [-15, 0, 0]
					}
				},
				"frontLegR": {
					"rotation": {
						"0.0": [15, 0, 0],
						"0.0833": [23.21429, 0, 0],
						"0.2917": [-30, 0, 0],
						"0.375": [-7.5, 0, 0],
						"0.5": [15, 0, 0]
					}
				},
				"tail1": {
					"rotation": {
						"0.0": [52.39445, 3.9649, -3.04868],
						"0.25": [52.5, 0, 6.09738],
						"0.5": [52.39445, 3.9649, -3.04868]
					}
				},
				"tail2": {
					"rotation": {
						"0.0": [22.19157, -3.81024, 9.25249],
						"0.125": [22.32648, 2.86313, -6.93488],
						"0.25": [20.94102, 8.42106, -20.94102],
						"0.375": [21.29954, -2.27808, 5.7949],
						"0.5": [22.19157, -3.81024, 9.25249]
					},
					"position": [0, -8, -8]
				},
				"root": {
					"rotation": {
						"0.0": [0, 0, 0],
						"0.0833": [2.47403, 0, 0],
						"0.1667": [-0.01299, 0, 0],
						"0.25": [0, 0, 0],
						"0.3333": [2.5, 0, 0],
						"0.4167": [0, 0, 0],
						"0.5": [0, 0, 0]
					},
					"position": {
						"0.0": [0, -0.5, 0],
						"0.0833": [0, -0.75, 0],
						"0.1667": [0, -0.37, 0],
						"0.25": [0, -0.5, 0],
						"0.3333": [0, -0.5, 0],
						"0.4167": [0, -0.37, 0],
						"0.5": [0, -0.5, 0]
					}
				}
			}
		},
		"animation.cat.sneak": {
			"loop": true,
			"animation_length": 1,
			"anim_time_update": "q.anim_time + (q.delta_time * (q.modified_move_speed * 2.5))",
			"bones": {
				"backLegL": {
					"rotation": {
						"0.0": [30, 0, 0],
						"0.5": [-30, 0, 0],
						"0.8333": [-7.5, 0, 0],
						"1.0": [30, 0, 0]
					},
					"position": {
						"0.0": [0, 0, 0],
						"0.3333": [0, 2, 0],
						"0.5": [0, 0, 0],
						"1.0": [0, 0, 0]
					}
				},
				"backLegR": {
					"rotation": {
						"0.0": [-30, 0, 0],
						"0.3333": [-7.5, 0, 0],
						"0.5": [30, 0, 0],
						"1.0": [-30, 0, 0]
					},
					"position": {
						"0.0": [0, 0, 0],
						"0.5": [0, 0, 0],
						"0.8333": [0, 2, 0],
						"1.0": [0, 0, 0]
					}
				},
				"body": {
					"position": [0, -1, 0]
				},
				"frontLegL": {
					"rotation": {
						"0.0": [-15, 0, 0],
						"0.1667": [-32.5, 0, 0],
						"0.6667": [12.5, 0, 0],
						"0.8333": [15.71429, 0, 0],
						"1.0": [-15, 0, 0]
					},
					"position": [0, 1, 0]
				},
				"frontLegR": {
					"rotation": {
						"0.0": [15, 0, 0],
						"0.1667": [23.21429, 0, 0],
						"0.6667": [-30, 0, 0],
						"0.8333": [-7.5, 0, 0],
						"1.0": [15, 0, 0]
					},
					"position": [0, 1, 0]
				},
				"head": {
					"position": [0, -1, 0]
				},
				"tail1": {
					"rotation": [62.5, 0, 0],
					"position": [0, -1, 0]
				},
				"tail2": {
					"rotation": {
						"0.0": ["62+math.cos(query.modified_distance_moved*57.3)*27*query.modified_move_speed", 0, 0],
						"0.5": ["26.1182+math.cos(query.modified_distance_moved*57.3)*27*query.modified_move_speed", 0, 0],
						"1.0": ["62+math.cos(query.modified_distance_moved*57.3)*27*query.modified_move_speed", 0, 0]
					},
					"position": [0, -8, -8]
				},
				"root": {
					"position": [0, -1, 0]
				}
			}
		},
		"animation.cat.sprint": {
			"loop": true,
			"animation_length": 1,
			"anim_time_update": "q.anim_time + (q.delta_time * (q.modified_move_speed * 3.5))",
			"bones": {
				"backLegL": {
					"rotation": {
						"0.0": [-32.5, 0, 0],
						"0.125": [0, 0, 0],
						"0.5": [55, 0, 0],
						"0.875": [-25, 0, 0],
						"1.0": [-32.5, 0, 0]
					}
				},
				"backLegR": {
					"rotation": {
						"0.0": [-40, 0, 0],
						"0.375": [0, 0, 0],
						"0.625": [62.5, 0, 0],
						"1.0": [-40, 0, 0]
					}
				},
				"frontLegL": {
					"rotation": {
						"0.0": [30, 0, 0],
						"0.375": [-59.89078, -3.53329, -3.54002],
						"0.625": [4.64286, 0, 0],
						"1.0": [30, 0, 0]
					},
					"position": {
						"0.0": [0, -1.5, 0],
						"0.5": [0, 0, 0],
						"1.0": [0, -1.5, 0]
					}
				},
				"frontLegR": {
					"rotation": {
						"0.0": [30, 0, 0],
						"0.25": [-45, 0, 0],
						"0.625": [4.64286, 0, 0],
						"1.0": [30, 0, 0]
					},
					"position": {
						"0.0": [0, 0, 0],
						"0.5": [0, -1.5, 0],
						"1.0": [0, 0, 0]
					}
				},
				"tail1": {
					"rotation": {
						"0.0": [57.5, 0, 0],
						"0.5": [40, 0, 0],
						"1.0": [57.5, 0, 0]
					}
				},
				"tail2": {
					"rotation": {
						"0.0": ["62+math.cos(query.modified_distance_moved*57.3)*18*query.modified_move_speed", 0, 0],
						"0.25": ["14.5+math.cos(query.modified_distance_moved*57.3)*18*query.modified_move_speed", 0, 0],
						"0.5": ["24.5+math.cos(query.modified_distance_moved*57.3)*18*query.modified_move_speed", 0, 0],
						"1.0": ["62+math.cos(query.modified_distance_moved*57.3)*18*query.modified_move_speed", 0, 0]
					},
					"position": [0, -8, -8]
				},
				"root": {
					"rotation": {
						"0.0": [-12.5, 0, 0],
						"0.375": [0, 0, 0],
						"0.5": [0, 0, 0],
						"1.0": [-12.5, 0, 0]
					},
					"position": {
						"0.0": [0, 0, 0],
						"0.625": [0, 0, 0],
						"0.875": [0, 1, 0],
						"1.0": [0, 0, 0]
					}
				}
			}
		},
		"animation.cat.sit": {
			"loop": true,
			"animation_length": 1,
			"bones": {
				"backLegL": {
					"rotation": [-83.52973, -24.09293, -6.8817],
					"position": [0, -6, 0]
				},
				"backLegR": {
					"rotation": [-83.52973, 24.09293, 6.8817],
					"position": [0, -6, 0]
				},
				"body": {
					"rotation": [-45, 0, 0],
					"position": [0, -1, 0]
				},
				"frontLegL": {
					"rotation": [2.13162, 0.28057, -7.49478],
					"position": [0, -1.5, 2]
				},
				"frontLegR": {
					"rotation": [2.13162, -0.28057, 7.49478],
					"position": [0, -1.5, 2]
				},
				"tail1": {
					"rotation": {
						"0.0": [59.78638, 6.49053, -3.76613],
						"0.5": [59.97637, 2.16489, 6.28164],
						"1.0": [59.78638, 6.49053, -3.76613]
					},
					"position": [0, -6.5, -0.5]
				},
				"tail2": {
					"rotation": {
						"0.0": [39.89247, -3.21154, 3.83424],
						"0.25": [39.56869, 6.40865, -7.69263],
						"0.5": [39.35296, 6.38452, -7.72069],
						"0.75": [39.40672, -4.78591, 5.77043],
						"1.0": [39.89247, -3.21154, 3.83424]
					},
					"position": [0, -8, -8]
				},
				"root": {
					"position": [0, 1, 0]
				},
				"head": {
					"position": [0, 4, 3]
				},
				"leftEar": {
					"rotation": {
						"0.0": [0, 0, 0],
						"0.25": [0, -20, 0],
						"0.5": [0, -20, 0],
						"0.75": [7.92945, -18.42031, -23.78773],
						"1.0": [0, 0, 0]
					}
				},
				"rightEar": {
					"rotation": {
						"0.0": [0, 17.5, 0],
						"0.25": [5.41615, 16.66577, 18.29388],
						"0.5": [5.32938, -13.20834, 15.51528],
						"0.75": [5.32938, -13.20834, 15.51528],
						"1.0": [0, 17.5, 0]
					}
				}
			}
		},
		"animation.cat.lie_down": {
			"loop": true,
			"bones": {
				"backLegL": {
					"rotation": [-22.92, 0, 0],
					"position": [0, -0.7, 0]
				},
				"backLegR": {
					"rotation": [28.65, 0, -28.65],
					"position": [0.1, -1.2, 0]
				},
				"body": {
					"rotation": [0, 0, "math.lerprotate(0,90,variable.liedownamount)"],
					"position": [0, "variable.liedownamount*-4.5+variable.lieonplayer*(4.5+query.is_baby*6)", 0]
				},
				"frontLegL": {
					"rotation": [-72.81, 0, 0],
					"position": [0, -1, -1.5]
				},
				"frontLegR": {
					"rotation": [-30, 0, -14.46],
					"position": [0.2, -0.9, 0]
				},
				"head": {
					"rotation": [-10, "math.lerprotate(this,75.81,variable.liedownamount)", 0],
					"position": [-0.1, 0, -0.5]
				},
				"tail1": {
					"rotation": ["math.lerprotate(this,-33.84,variable.liedownamounttail)", 0, 0],
					"position": [0, 0, 0]
				},
				"tail2": {
					"rotation": ["math.lerprotate(this,-68.92,variable.liedownamounttail)", 0, 0],
					"position": [0, 0, 0]
				},
				"root": {
					"rotation": [-0.65426, -4.95712, -82.47168]
				}
			}
		},
		"animation.cat.death": {
			"loop": "hold_on_last_frame",
			"animation_length": 1,
			"bones": {
				"root": {
					"rotation": {
						"0.0": [0, 0, 0],
						"0.5": [0, 0, -90]
					},
					"position": {
						"0.0": [0, 0, 0],
						"0.0417": [0, 1.80483, 0],
						"0.0833": [0, 2.74693, 0],
						"0.125": [0, 3.3417, 0],
						"0.1667": [0, 3.71889, 0],
						"0.2083": [0, 3.93096, 0],
						"0.25": [0, 4, 0],
						"0.2917": [0, 3.8802, 0],
						"0.3333": [0, 3.52313, 0],
						"0.4167": [0, 2.47687, 0],
						"0.4583": [0, 2.1198, 0],
						"0.5": [0, 2, 0],
						"0.625": [0, 2.5, 0],
						"0.75": [0, 2, 0]
					}
				},
				"head": {
					"rotation": {
						"0.0": [0, 0, 0],
						"0.25": [35, 0, 0],
						"0.5": [-14.72765, -31.63886, 7.85085],
						"0.5833": [-12.92638, 14.63639, -3.31914],
						"0.6667": [-12.51153, 2.4407, -0.54143],
						"0.75": [-12.92638, 14.63639, -3.31914]
					}
				},
				"tail1": {
					"rotation": {
						"0.0": [62.5, 0, 0],
						"0.125": [45, 0, 0],
						"0.25": [36.40051, 28.53623, -32.94098],
						"0.5": [28.24912, 36.6102, -47.98262],
						"0.75": [87.49762, -2.49762, 0.10912]
					}
				},
				"tail2": {
					"rotation": {
						"0.0": [25, 0, 0],
						"0.0833": [-7.5, 0, 0],
						"0.2083": [-7.24721, 1.93597, 14.87739],
						"0.4167": [-7.15656, -2.24944, -17.35932],
						"0.75": [-7.15656, -2.24944, -17.35932],
						"0.8333": [-7.43656, 0.9762, 7.43656]
					},
					"position": [0, -8, -8]
				},
				"backLegL": {
					"rotation": {
						"0.0833": [0, 0, 0],
						"0.2083": [-27.5, 0, 0],
						"0.375": [-24.78507, -12.31064, -24.78507],
						"0.5": [-24.78507, -12.31064, -24.78507],
						"0.5833": [-26.69458, 6.86379, 13.36965],
						"0.6667": [-27.14233, 4.59902, 8.88927],
						"0.75": [-26.69458, 6.86379, 13.36965]
					}
				},
				"backLegR": {
					"rotation": {
						"0.0": [0, 0, 0],
						"0.2917": [20, 0, 0],
						"0.4167": [19.37006, 5.07855, -14.13272],
						"0.5": [19.37006, 5.07855, -14.13272],
						"0.5833": [20, 0, 0]
					},
					"position": {
						"0.0": [0, 0, 0],
						"0.2083": [0, -1, 0]
					}
				},
				"frontLegL": {
					"rotation": {
						"0.0": [0, 0, 0],
						"0.125": [30, 0, 0],
						"0.2917": [23.05787, 19.7426, -38.43432],
						"0.5": [23.05787, 19.7426, -38.43432],
						"0.625": [2.06879, -1.84793, 17.15905],
						"0.7083": [2.22192, -1.66063, 12.16021],
						"0.7917": [2.06879, -1.84793, 17.15905]
					}
				},
				"frontLegR": {
					"rotation": {
						"0.0": [0, 0, 0],
						"0.1667": [27.5, 0, 0],
						"0.3333": [27.14233, 4.59902, -8.88927],
						"0.5": [27.14233, 4.59902, -8.88927],
						"0.5833": [27.47766, -1.15408, 2.21783],
						"0.6667": [27.41063, -2.30644, 4.43745],
						"0.75": [27.47766, -1.15408, 2.21783]
					}
				}
			}
		},
		"animation.cat.death_rot": {
			"loop": true,
			"bones": {
				"root": {
					"rotation": [0, 0, "Math.min(Math.sqrt(Math.max(0, query.anim_time * 20 - 0.5) / 20 * 1.6), 1) * -90"]
				}
			}
		}
	}
}