{
	"format_version": "1.8.0",
	"animations": {
		"animation.mooshroom.baby_transform": {
			"loop": true,
			"bones": {
				"head": {
					"position": [0, 4, 4],
					"scale": 2
				},
				"head2": {
					"position": [0, 4, 4],
					"scale": 2
				}
			}
		},
		"animation.mooshroom.look_at_target": {
			"loop": true,
			"bones": {
				"head": {
					"relative_to": {
						"rotation": "entity"
					},
					"rotation": ["query.target_x_rotation - this", "query.target_y_rotation - this", 0]
				},
				"head2": {
					"relative_to": {
						"rotation": "entity"
					},
					"rotation": ["query.target_x_rotation - this", "query.target_y_rotation - this", 0]
				}
			}
		},
		"animation.mooshroom.walk": {
			"loop": true,
			"animation_length": 1.5,
			"anim_time_update": "q.anim_time + (q.delta_time * (q.modified_move_speed * 1.2))",
			"bones": {
				"leg0": {
					"rotation": {
						"0.0": {
							"post": [15.83, 0, 0],
							"lerp_mode": "catmullrom"
						},
						"0.375": {
							"post": [30, 0, 0],
							"lerp_mode": "catmullrom"
						},
						"0.75": {
							"post": [-25, 0, 0],
							"lerp_mode": "catmullrom"
						},
						"1.0833": {
							"post": [-14.19, 0, 0],
							"lerp_mode": "catmullrom"
						},
						"1.5": {
							"post": [15.83, 0, 0],
							"lerp_mode": "catmullrom"
						}
					},
					"position": {
						"0.0": {
							"post": [0, -0.33, -0.42],
							"lerp_mode": "catmullrom"
						},
						"0.375": {
							"post": [0, -1, 0],
							"lerp_mode": "catmullrom"
						},
						"0.5833": {
							"post": [0, 2, -1],
							"lerp_mode": "catmullrom"
						},
						"0.75": {
							"post": [0, 0, -1],
							"lerp_mode": "catmullrom"
						},
						"1.0833": {
							"post": [0, 0.25, -2.8],
							"lerp_mode": "catmullrom"
						},
						"1.375": {
							"post": [0, -0.05, -0.74],
							"lerp_mode": "catmullrom"
						},
						"1.5": {
							"post": [0, -0.33, -0.42],
							"lerp_mode": "catmullrom"
						}
					}
				},
				"leg1": {
					"rotation": {
						"0.0": {
							"post": [-25, 0, 0],
							"lerp_mode": "catmullrom"
						},
						"0.3333": {
							"post": [-14.19, 0, 0],
							"lerp_mode": "catmullrom"
						},
						"0.75": {
							"post": [15.83, 0, 0],
							"lerp_mode": "catmullrom"
						},
						"1.125": {
							"post": [30, 0, 0],
							"lerp_mode": "catmullrom"
						},
						"1.5": {
							"post": [-25, 0, 0],
							"lerp_mode": "catmullrom"
						}
					},
					"position": {
						"0.0": {
							"post": [0, 0, -1],
							"lerp_mode": "catmullrom"
						},
						"0.3333": {
							"post": [0, 0.25, -2.8],
							"lerp_mode": "catmullrom"
						},
						"0.625": {
							"post": [0, -0.05, -0.74],
							"lerp_mode": "catmullrom"
						},
						"1.125": {
							"post": [0, -1, 0],
							"lerp_mode": "catmullrom"
						},
						"1.3333": {
							"post": [0, 2, -1],
							"lerp_mode": "catmullrom"
						},
						"1.5": {
							"post": [0, 0, -1],
							"lerp_mode": "catmullrom"
						}
					}
				},
				"leg3": {
					"rotation": {
						"0.0": {
							"post": [14.75, 0, 0],
							"lerp_mode": "catmullrom"
						},
						"0.25": {
							"post": [-25, 0, 0],
							"lerp_mode": "catmullrom"
						},
						"0.5833": {
							"post": [-14.19, 0, 0],
							"lerp_mode": "catmullrom"
						},
						"1.0": {
							"post": [15.83, 0, 0],
							"lerp_mode": "catmullrom"
						},
						"1.375": {
							"post": [30, 0, 0],
							"lerp_mode": "catmullrom"
						},
						"1.5": {
							"post": [14.75, 0, 0],
							"lerp_mode": "catmullrom"
						}
					},
					"position": {
						"0.0": {
							"post": [0, 0.97, 0.41],
							"lerp_mode": "catmullrom"
						},
						"0.0833": {
							"post": [0, 2, 0],
							"lerp_mode": "catmullrom"
						},
						"0.25": {
							"post": [0, 0, 0],
							"lerp_mode": "catmullrom"
						},
						"0.5833": {
							"post": [0, 0.25, -1.8],
							"lerp_mode": "catmullrom"
						},
						"0.875": {
							"post": [0, -0.05, 0.26],
							"lerp_mode": "catmullrom"
						},
						"1.375": {
							"post": [0, -1, 0],
							"lerp_mode": "catmullrom"
						},
						"1.5": {
							"post": [0, 0.97, 0.41],
							"lerp_mode": "catmullrom"
						}
					}
				},
				"body": {
					"rotation": {
						"0.0": {
							"post": [0, 0, 2.5],
							"lerp_mode": "catmullrom"
						},
						"0.375": {
							"post": [0, 0, 0],
							"lerp_mode": "catmullrom"
						},
						"0.75": {
							"post": [0, 0, -2.5],
							"lerp_mode": "catmullrom"
						},
						"1.125": {
							"post": [0, 0, 0],
							"lerp_mode": "catmullrom"
						},
						"1.5": {
							"post": [0, 0, 2.5],
							"lerp_mode": "catmullrom"
						}
					},
					"position": {
						"0.0": {
							"post": [0, -1.5, 0],
							"lerp_mode": "catmullrom"
						},
						"0.375": {
							"post": [0, -1, 0],
							"lerp_mode": "catmullrom"
						},
						"0.75": {
							"post": [0, -1.5, 0],
							"lerp_mode": "catmullrom"
						},
						"1.125": {
							"post": [0, -1, 0],
							"lerp_mode": "catmullrom"
						},
						"1.5": {
							"post": [0, -1.5, 0],
							"lerp_mode": "catmullrom"
						}
					}
				},
				"head2": {
					"rotation": {
						"0.0": {
							"post": [0, 0, 0],
							"lerp_mode": "catmullrom"
						},
						"0.25": {
							"post": [2.5, 0, 0],
							"lerp_mode": "catmullrom"
						},
						"0.375": {
							"post": [2.5, 0, 0],
							"lerp_mode": "catmullrom"
						},
						"0.625": {
							"post": [0, 0, 0],
							"lerp_mode": "catmullrom"
						},
						"0.75": {
							"post": [0, 0, 0],
							"lerp_mode": "catmullrom"
						},
						"1.0": {
							"post": [2.5, 0, 0],
							"lerp_mode": "catmullrom"
						},
						"1.125": {
							"post": [2.5, 0, 0],
							"lerp_mode": "catmullrom"
						},
						"1.375": {
							"post": [0, 0, 0],
							"lerp_mode": "catmullrom"
						},
						"1.5": {
							"post": [0, 0, 0],
							"lerp_mode": "catmullrom"
						}
					},
					"position": {
						"0.0": {
							"post": [0, -1.5, 0],
							"lerp_mode": "catmullrom"
						},
						"0.375": {
							"post": [0, -1, 0],
							"lerp_mode": "catmullrom"
						},
						"0.75": {
							"post": [0, -1.5, 0],
							"lerp_mode": "catmullrom"
						},
						"1.125": {
							"post": [0, -1, 0],
							"lerp_mode": "catmullrom"
						},
						"1.5": {
							"post": [0, -1.5, 0],
							"lerp_mode": "catmullrom"
						}
					}
				},
				"leg2": {
					"rotation": {
						"0.0": {
							"post": [-2.8, 0, 0],
							"lerp_mode": "catmullrom"
						},
						"0.25": {
							"post": [15.83, 0, 0],
							"lerp_mode": "catmullrom"
						},
						"0.625": {
							"post": [30, 0, 0],
							"lerp_mode": "catmullrom"
						},
						"0.75": {
							"post": [14.75, 0, 0],
							"lerp_mode": "catmullrom"
						},
						"1.0": {
							"post": [-25, 0, 0],
							"lerp_mode": "catmullrom"
						},
						"1.3333": {
							"post": [-14.19, 0, 0],
							"lerp_mode": "catmullrom"
						},
						"1.5": {
							"post": [-2.8, 0, 0],
							"lerp_mode": "catmullrom"
						}
					},
					"position": {
						"0.0": {
							"post": [0, 0.15, -0.66],
							"lerp_mode": "catmullrom"
						},
						"0.125": {
							"post": [0, -0.05, 0.26],
							"lerp_mode": "catmullrom"
						},
						"0.625": {
							"post": [0, -1, 0],
							"lerp_mode": "catmullrom"
						},
						"0.75": {
							"post": [0, 0.97, 0.41],
							"lerp_mode": "catmullrom"
						},
						"0.8333": {
							"post": [0, 2, 0],
							"lerp_mode": "catmullrom"
						},
						"1.0": {
							"post": [0, 0, 0],
							"lerp_mode": "catmullrom"
						},
						"1.3333": {
							"post": [0, 0.25, -1.8],
							"lerp_mode": "catmullrom"
						},
						"1.5": {
							"post": [0, 0.15, -0.66],
							"lerp_mode": "catmullrom"
						}
					}
				},
				"head": {
					"rotation": {
						"0.0": {
							"post": [0, 0, 0],
							"lerp_mode": "catmullrom"
						},
						"0.25": {
							"post": [2.5, 0, 0],
							"lerp_mode": "catmullrom"
						},
						"0.375": {
							"post": [2.5, 0, 0],
							"lerp_mode": "catmullrom"
						},
						"0.625": {
							"post": [0, 0, 0],
							"lerp_mode": "catmullrom"
						},
						"0.75": {
							"post": [0, 0, 0],
							"lerp_mode": "catmullrom"
						},
						"1.0": {
							"post": [2.5, 0, 0],
							"lerp_mode": "catmullrom"
						},
						"1.125": {
							"post": [2.5, 0, 0],
							"lerp_mode": "catmullrom"
						},
						"1.375": {
							"post": [0, 0, 0],
							"lerp_mode": "catmullrom"
						},
						"1.5": {
							"post": [0, 0, 0],
							"lerp_mode": "catmullrom"
						}
					},
					"position": {
						"0.0": {
							"post": [0, -1.5, 0],
							"lerp_mode": "catmullrom"
						},
						"0.375": {
							"post": [0, -1, 0],
							"lerp_mode": "catmullrom"
						},
						"0.75": {
							"post": [0, -1.5, 0],
							"lerp_mode": "catmullrom"
						},
						"1.125": {
							"post": [0, -1, 0],
							"lerp_mode": "catmullrom"
						},
						"1.5": {
							"post": [0, -1.5, 0],
							"lerp_mode": "catmullrom"
						}
					}
				}
			}
		},
		"animation.mooshroom.run": {
			"loop": true,
			"animation_length": 1,
			"anim_time_update": "q.anim_time + (q.delta_time * (q.modified_move_speed * 2))",
			"bones": {
				"head2": {
					"rotation": {
						"0.0": {
							"post": [-2.5, 0, 0],
							"lerp_mode": "catmullrom"
						},
						"0.25": {
							"post": [-2.5, 0, 0],
							"lerp_mode": "catmullrom"
						},
						"0.5": {
							"post": [2.5, 0, 0],
							"lerp_mode": "catmullrom"
						},
						"0.75": {
							"post": [2.5, 0, 0],
							"lerp_mode": "catmullrom"
						},
						"1.0": {
							"post": [-2.5, 0, 0],
							"lerp_mode": "catmullrom"
						}
					},
					"position": {
						"0.0": {
							"post": [0, -3, 0],
							"lerp_mode": "catmullrom"
						},
						"0.5": {
							"post": [0, -1, 0],
							"lerp_mode": "catmullrom"
						},
						"1.0": {
							"post": [0, -3, 0],
							"lerp_mode": "catmullrom"
						}
					}
				},
				"leg0": {
					"rotation": {
						"0.0": {
							"post": [3.39, 0, 0],
							"lerp_mode": "catmullrom"
						},
						"0.125": {
							"post": [-25, 0, 0],
							"lerp_mode": "catmullrom"
						},
						"0.3333": {
							"post": [-14.19, 0, 0],
							"lerp_mode": "catmullrom"
						},
						"0.625": {
							"post": [15.83, 0, 0],
							"lerp_mode": "catmullrom"
						},
						"0.875": {
							"post": [30, 0, 0],
							"lerp_mode": "catmullrom"
						},
						"1.0": {
							"post": [3.39, 0, 0],
							"lerp_mode": "catmullrom"
						}
					},
					"position": {
						"0.0": {
							"post": [0, 2, -1],
							"lerp_mode": "catmullrom"
						},
						"0.125": {
							"post": [0, 0, -1],
							"lerp_mode": "catmullrom"
						},
						"0.3333": {
							"post": [0, 0.25, -2.8],
							"lerp_mode": "catmullrom"
						},
						"0.5417": {
							"post": [0, -0.05, -0.74],
							"lerp_mode": "catmullrom"
						},
						"0.875": {
							"post": [0, -1, 0],
							"lerp_mode": "catmullrom"
						},
						"1.0": {
							"post": [0, 2, -1],
							"lerp_mode": "catmullrom"
						}
					}
				},
				"leg1": {
					"rotation": {
						"0.0": {
							"post": [-25, 0, 0],
							"lerp_mode": "catmullrom"
						},
						"0.2083": {
							"post": [-14.19, 0, 0],
							"lerp_mode": "catmullrom"
						},
						"0.5": {
							"post": [15.83, 0, 0],
							"lerp_mode": "catmullrom"
						},
						"0.75": {
							"post": [30, 0, 0],
							"lerp_mode": "catmullrom"
						},
						"1.0": {
							"post": [-25, 0, 0],
							"lerp_mode": "catmullrom"
						}
					},
					"position": {
						"0.0": {
							"post": [0, 0, -1],
							"lerp_mode": "catmullrom"
						},
						"0.2083": {
							"post": [0, 0.25, -2.8],
							"lerp_mode": "catmullrom"
						},
						"0.4167": {
							"post": [0, -0.05, -0.74],
							"lerp_mode": "catmullrom"
						},
						"0.75": {
							"post": [0, -1, 0],
							"lerp_mode": "catmullrom"
						},
						"0.875": {
							"post": [0, 2, -1],
							"lerp_mode": "catmullrom"
						},
						"1.0": {
							"post": [0, 0, -1],
							"lerp_mode": "catmullrom"
						}
					}
				},
				"leg2": {
					"rotation": {
						"0.0": {
							"post": [24.79, 0, 0],
							"lerp_mode": "catmullrom"
						},
						"0.125": {
							"post": [30, 0, 0],
							"lerp_mode": "catmullrom"
						},
						"0.375": {
							"post": [-25, 0, 0],
							"lerp_mode": "catmullrom"
						},
						"0.5833": {
							"post": [-14.19, 0, 0],
							"lerp_mode": "catmullrom"
						},
						"0.875": {
							"post": [15.83, 0, 0],
							"lerp_mode": "catmullrom"
						},
						"1.0": {
							"post": [24.79, 0, 0],
							"lerp_mode": "catmullrom"
						}
					},
					"position": {
						"0.0": {
							"post": [0, -0.68, 0.83],
							"lerp_mode": "catmullrom"
						},
						"0.125": {
							"post": [0, -1, 1],
							"lerp_mode": "catmullrom"
						},
						"0.25": {
							"post": [0, 2, 0],
							"lerp_mode": "catmullrom"
						},
						"0.375": {
							"post": [0, 0, 0],
							"lerp_mode": "catmullrom"
						},
						"0.5833": {
							"post": [0, 0.25, -1.8],
							"lerp_mode": "catmullrom"
						},
						"0.7917": {
							"post": [0, -0.05, 0.26],
							"lerp_mode": "catmullrom"
						},
						"1.0": {
							"post": [0, -0.68, 0.83],
							"lerp_mode": "catmullrom"
						}
					}
				},
				"leg3": {
					"rotation": {
						"0.0": {
							"post": [30, 0, 0],
							"lerp_mode": "catmullrom"
						},
						"0.25": {
							"post": [-25, 0, 0],
							"lerp_mode": "catmullrom"
						},
						"0.4583": {
							"post": [-14.19, 0, 0],
							"lerp_mode": "catmullrom"
						},
						"0.75": {
							"post": [15.83, 0, 0],
							"lerp_mode": "catmullrom"
						},
						"1.0": {
							"post": [30, 0, 0],
							"lerp_mode": "catmullrom"
						}
					},
					"position": {
						"0.0": {
							"post": [0, -1, 1],
							"lerp_mode": "catmullrom"
						},
						"0.125": {
							"post": [0, 2, 0],
							"lerp_mode": "catmullrom"
						},
						"0.25": {
							"post": [0, 0, 0],
							"lerp_mode": "catmullrom"
						},
						"0.4583": {
							"post": [0, 0.25, -1.8],
							"lerp_mode": "catmullrom"
						},
						"0.6667": {
							"post": [0, -0.05, 0.26],
							"lerp_mode": "catmullrom"
						},
						"1.0": {
							"post": [0, -1, 1],
							"lerp_mode": "catmullrom"
						}
					}
				},
				"body": {
					"rotation": {
						"0.0": {
							"post": [7.5, 0, 0],
							"lerp_mode": "catmullrom"
						},
						"0.5": {
							"post": [-5, 0, 0],
							"lerp_mode": "catmullrom"
						},
						"1.0": {
							"post": [7.5, 0, 0],
							"lerp_mode": "catmullrom"
						}
					},
					"position": {
						"0.0": {
							"post": [0, -1, 0],
							"lerp_mode": "catmullrom"
						},
						"0.25": {
							"post": [0, 0, 0],
							"lerp_mode": "catmullrom"
						},
						"0.5": {
							"post": [0, 0, 0],
							"lerp_mode": "catmullrom"
						},
						"0.75": {
							"post": [0, -1, 0],
							"lerp_mode": "catmullrom"
						},
						"1.0": {
							"post": [0, -1, 0],
							"lerp_mode": "catmullrom"
						}
					}
				},
				"head": {
					"rotation": {
						"0.0": {
							"post": [-2.5, 0, 0],
							"lerp_mode": "catmullrom"
						},
						"0.25": {
							"post": [-2.5, 0, 0],
							"lerp_mode": "catmullrom"
						},
						"0.5": {
							"post": [2.5, 0, 0],
							"lerp_mode": "catmullrom"
						},
						"0.75": {
							"post": [2.5, 0, 0],
							"lerp_mode": "catmullrom"
						},
						"1.0": {
							"post": [-2.5, 0, 0],
							"lerp_mode": "catmullrom"
						}
					},
					"position": {
						"0.0": {
							"post": [0, -3, 0],
							"lerp_mode": "catmullrom"
						},
						"0.5": {
							"post": [0, -1, 0],
							"lerp_mode": "catmullrom"
						},
						"1.0": {
							"post": [0, -3, 0],
							"lerp_mode": "catmullrom"
						}
					}
				}
			}
		},
		"animation.cow.death": {
			"loop": "hold_on_last_frame",
			"animation_length": 1,
			"bones": {
				"leg0": {
					"rotation": {
						"0.0": [0, 0, 0],
						"0.25": [0, 0, 10],
						"0.4167": [0, 0, 10.82],
						"0.6667": [0, 0, -22.5]
					},
					"position": {
						"0.25": [0, 0, 0],
						"0.4167": [0, 2, 0],
						"0.6667": [0, 0, 0]
					}
				},
				"leg1": {
					"rotation": {
						"0.0": [0, 0, 0],
						"0.0833": [0, 0, -30],
						"0.25": [0, 0, 10],
						"0.5": [0, 0, -40],
						"0.5833": [0, 0, -40],
						"0.75": [27.5, 0, 15],
						"0.8333": [27.47766, 1.15408, 12.78217],
						"0.9167": [27.5, 0, 15]
					},
					"position": {
						"0.0": [0, 0, 0],
						"0.0833": [0, 1, 0],
						"0.1667": [1, 2, 0],
						"0.3333": [1, 0, 0],
						"0.4167": [0, 0, 0]
					}
				},
				"leg3": {
					"rotation": {
						"0.0": [0, 0, 0],
						"0.0833": [0, 0, 7.5],
						"0.3333": [0, 0, -25],
						"0.5": [0, 0, -40],
						"0.5833": [0, 0, -40],
						"0.75": [-20, 0, 15],
						"0.8333": [-19.98247, -0.85481, 12.65059],
						"0.9167": [-20, 0, 15]
					},
					"position": {
						"0.0": [0, 0, 0],
						"0.0833": [0, 1, 0],
						"0.1667": [1, 2, 0],
						"0.3333": [1, 0, 0],
						"0.4167": [0, 0, 0]
					}
				},
				"root": {
					"rotation": {
						"0.0": [0, 0, 0],
						"0.0833": [0, 0, 7.5],
						"0.25": [0, 0, 10],
						"0.5": [0, 0, -42.5],
						"0.6667": [0, 0, -90]
					}
				},
				"body": {
					"position": {
						"0.6667": [0, 0, 0],
						"0.8333": [0.5, 0, 0],
						"0.9167": [0, 0, 0]
					}
				},
				"head": {
					"rotation": {
						"0.0": [0, 0, 0],
						"0.3333": [25, 0, 0],
						"0.5": [-30.40531, -53.54818, 25.26795],
						"0.6667": [-30.40531, -53.54818, 25.26795],
						"0.8333": [-17.51565, -2.38422, 0.7522],
						"0.9167": [-17.89807, -11.91276, 3.81397],
						"1.0": [-17.51565, -2.38422, 0.7522]
					}
				}
			}
		},
		"animation.cow.death_rot": {
			"loop": true,
			"bones": {
				"root": {
					"rotation": [0, 0, "Math.min(Math.sqrt(Math.max(0, query.anim_time * 20 - 0.5) / 20 * 1.6), 1) * -90"]
				}
			}
		},
		"animation.cow.blink": {
			"loop": true,
			"animation_length": 3,
			"bones": {
				"eyelids": {
					"position": {
						"0.0": [0, 1, 1],
						"0.75": [0, 0, 0],
						"1.5": [0, 1, 1],
						"2.25": [0, 1, 1]
					}
				}
			}
		},
		"animation.cow.walk": {
			"loop": true,
			"animation_length": 1.5,
			"anim_time_update": "q.anim_time + (q.delta_time * (q.modified_move_speed * 4))",
			"bones": {
				"leg0": {
					"rotation": {
						"0.0": {
							"post": [15.83, 0, 0],
							"lerp_mode": "catmullrom"
						},
						"0.375": {
							"post": [30, 0, 0],
							"lerp_mode": "catmullrom"
						},
						"0.75": {
							"post": [-25, 0, 0],
							"lerp_mode": "catmullrom"
						},
						"1.0833": {
							"post": [-14.19, 0, 0],
							"lerp_mode": "catmullrom"
						},
						"1.5": {
							"post": [15.83, 0, 0],
							"lerp_mode": "catmullrom"
						}
					},
					"position": {
						"0.0": {
							"post": [0, -0.33, -0.42],
							"lerp_mode": "catmullrom"
						},
						"0.375": {
							"post": [0, -1, 0],
							"lerp_mode": "catmullrom"
						},
						"0.5833": {
							"post": [0, 2, -1],
							"lerp_mode": "catmullrom"
						},
						"0.75": {
							"post": [0, 0, -1],
							"lerp_mode": "catmullrom"
						},
						"1.0833": {
							"post": [0, 0.25, -2.8],
							"lerp_mode": "catmullrom"
						},
						"1.375": {
							"post": [0, -0.05, -0.74],
							"lerp_mode": "catmullrom"
						},
						"1.5": {
							"post": [0, -0.33, -0.42],
							"lerp_mode": "catmullrom"
						}
					}
				},
				"leg1": {
					"rotation": {
						"0.0": {
							"post": [-25, 0, 0],
							"lerp_mode": "catmullrom"
						},
						"0.3333": {
							"post": [-14.19, 0, 0],
							"lerp_mode": "catmullrom"
						},
						"0.75": {
							"post": [15.83, 0, 0],
							"lerp_mode": "catmullrom"
						},
						"1.125": {
							"post": [30, 0, 0],
							"lerp_mode": "catmullrom"
						},
						"1.5": {
							"post": [-25, 0, 0],
							"lerp_mode": "catmullrom"
						}
					},
					"position": {
						"0.0": {
							"post": [0, 0, -1],
							"lerp_mode": "catmullrom"
						},
						"0.3333": {
							"post": [0, 0.25, -2.8],
							"lerp_mode": "catmullrom"
						},
						"0.625": {
							"post": [0, -0.05, -0.74],
							"lerp_mode": "catmullrom"
						},
						"1.125": {
							"post": [0, -1, 0],
							"lerp_mode": "catmullrom"
						},
						"1.3333": {
							"post": [0, 2, -1],
							"lerp_mode": "catmullrom"
						},
						"1.5": {
							"post": [0, 0, -1],
							"lerp_mode": "catmullrom"
						}
					}
				},
				"leg3": {
					"rotation": {
						"0.0": {
							"post": [14.75, 0, 0],
							"lerp_mode": "catmullrom"
						},
						"0.25": {
							"post": [-25, 0, 0],
							"lerp_mode": "catmullrom"
						},
						"0.5833": {
							"post": [-14.19, 0, 0],
							"lerp_mode": "catmullrom"
						},
						"1.0": {
							"post": [15.83, 0, 0],
							"lerp_mode": "catmullrom"
						},
						"1.375": {
							"post": [30, 0, 0],
							"lerp_mode": "catmullrom"
						},
						"1.5": {
							"post": [14.75, 0, 0],
							"lerp_mode": "catmullrom"
						}
					},
					"position": {
						"0.0": {
							"post": [0, 0.97, 0.41],
							"lerp_mode": "catmullrom"
						},
						"0.0833": {
							"post": [0, 2, 0],
							"lerp_mode": "catmullrom"
						},
						"0.25": {
							"post": [0, 0, 0],
							"lerp_mode": "catmullrom"
						},
						"0.5833": {
							"post": [0, 0.25, -1.8],
							"lerp_mode": "catmullrom"
						},
						"0.875": {
							"post": [0, -0.05, 0.26],
							"lerp_mode": "catmullrom"
						},
						"1.375": {
							"post": [0, -1, 0],
							"lerp_mode": "catmullrom"
						},
						"1.5": {
							"post": [0, 0.97, 0.41],
							"lerp_mode": "catmullrom"
						}
					}
				},
				"body": {
					"rotation": {
						"0.0": {
							"post": [0, 0, 2.5],
							"lerp_mode": "catmullrom"
						},
						"0.375": {
							"post": [0, 0, 0],
							"lerp_mode": "catmullrom"
						},
						"0.75": {
							"post": [0, 0, -2.5],
							"lerp_mode": "catmullrom"
						},
						"1.125": {
							"post": [0, 0, 0],
							"lerp_mode": "catmullrom"
						},
						"1.5": {
							"post": [0, 0, 2.5],
							"lerp_mode": "catmullrom"
						}
					},
					"position": {
						"0.0": {
							"post": [0, -1.5, 0],
							"lerp_mode": "catmullrom"
						},
						"0.375": {
							"post": [0, -1, 0],
							"lerp_mode": "catmullrom"
						},
						"0.75": {
							"post": [0, -1.5, 0],
							"lerp_mode": "catmullrom"
						},
						"1.125": {
							"post": [0, -1, 0],
							"lerp_mode": "catmullrom"
						},
						"1.5": {
							"post": [0, -1.5, 0],
							"lerp_mode": "catmullrom"
						}
					}
				},
				"head": {
					"rotation": {
						"0.0": {
							"post": [0, 0, 0],
							"lerp_mode": "catmullrom"
						},
						"0.25": {
							"post": [2.5, 0, 0],
							"lerp_mode": "catmullrom"
						},
						"0.375": {
							"post": [2.5, 0, 0],
							"lerp_mode": "catmullrom"
						},
						"0.625": {
							"post": [0, 0, 0],
							"lerp_mode": "catmullrom"
						},
						"0.75": {
							"post": [0, 0, 0],
							"lerp_mode": "catmullrom"
						},
						"1.0": {
							"post": [2.5, 0, 0],
							"lerp_mode": "catmullrom"
						},
						"1.125": {
							"post": [2.5, 0, 0],
							"lerp_mode": "catmullrom"
						},
						"1.375": {
							"post": [0, 0, 0],
							"lerp_mode": "catmullrom"
						},
						"1.5": {
							"post": [0, 0, 0],
							"lerp_mode": "catmullrom"
						}
					},
					"position": {
						"0.0": {
							"post": [0, -1.5, 0],
							"lerp_mode": "catmullrom"
						},
						"0.375": {
							"post": [0, -1, 0],
							"lerp_mode": "catmullrom"
						},
						"0.75": {
							"post": [0, -1.5, 0],
							"lerp_mode": "catmullrom"
						},
						"1.125": {
							"post": [0, -1, 0],
							"lerp_mode": "catmullrom"
						},
						"1.5": {
							"post": [0, -1.5, 0],
							"lerp_mode": "catmullrom"
						}
					}
				},
				"leg2": {
					"rotation": {
						"0.0": {
							"post": [-2.8, 0, 0],
							"lerp_mode": "catmullrom"
						},
						"0.25": {
							"post": [15.83, 0, 0],
							"lerp_mode": "catmullrom"
						},
						"0.625": {
							"post": [30, 0, 0],
							"lerp_mode": "catmullrom"
						},
						"0.75": {
							"post": [14.75, 0, 0],
							"lerp_mode": "catmullrom"
						},
						"1.0": {
							"post": [-25, 0, 0],
							"lerp_mode": "catmullrom"
						},
						"1.3333": {
							"post": [-14.19, 0, 0],
							"lerp_mode": "catmullrom"
						},
						"1.5": {
							"post": [-2.8, 0, 0],
							"lerp_mode": "catmullrom"
						}
					},
					"position": {
						"0.0": {
							"post": [0, 0.15, -0.66],
							"lerp_mode": "catmullrom"
						},
						"0.125": {
							"post": [0, -0.05, 0.26],
							"lerp_mode": "catmullrom"
						},
						"0.625": {
							"post": [0, -1, 0],
							"lerp_mode": "catmullrom"
						},
						"0.75": {
							"post": [0, 0.97, 0.41],
							"lerp_mode": "catmullrom"
						},
						"0.8333": {
							"post": [0, 2, 0],
							"lerp_mode": "catmullrom"
						},
						"1.0": {
							"post": [0, 0, 0],
							"lerp_mode": "catmullrom"
						},
						"1.3333": {
							"post": [0, 0.25, -1.8],
							"lerp_mode": "catmullrom"
						},
						"1.5": {
							"post": [0, 0.15, -0.66],
							"lerp_mode": "catmullrom"
						}
					}
				}
			}
		},
		"animation.cow.run": {
			"loop": true,
			"animation_length": 1,
			"anim_time_update": "q.anim_time + (q.delta_time * (q.modified_move_speed * 3))",
			"bones": {
				"head": {
					"rotation": {
						"0.0": {
							"post": [-2.5, 0, 0],
							"lerp_mode": "catmullrom"
						},
						"0.25": {
							"post": [-2.5, 0, 0],
							"lerp_mode": "catmullrom"
						},
						"0.5": {
							"post": [2.5, 0, 0],
							"lerp_mode": "catmullrom"
						},
						"0.75": {
							"post": [2.5, 0, 0],
							"lerp_mode": "catmullrom"
						},
						"1.0": {
							"post": [-2.5, 0, 0],
							"lerp_mode": "catmullrom"
						}
					},
					"position": {
						"0.0": {
							"post": [0, -3, 0],
							"lerp_mode": "catmullrom"
						},
						"0.5": {
							"post": [0, -1, 0],
							"lerp_mode": "catmullrom"
						},
						"1.0": {
							"post": [0, -3, 0],
							"lerp_mode": "catmullrom"
						}
					}
				},
				"leg0": {
					"rotation": {
						"0.0": {
							"post": [3.39, 0, 0],
							"lerp_mode": "catmullrom"
						},
						"0.125": {
							"post": [-25, 0, 0],
							"lerp_mode": "catmullrom"
						},
						"0.3333": {
							"post": [-14.19, 0, 0],
							"lerp_mode": "catmullrom"
						},
						"0.625": {
							"post": [15.83, 0, 0],
							"lerp_mode": "catmullrom"
						},
						"0.875": {
							"post": [30, 0, 0],
							"lerp_mode": "catmullrom"
						},
						"1.0": {
							"post": [3.39, 0, 0],
							"lerp_mode": "catmullrom"
						}
					},
					"position": {
						"0.0": {
							"post": [0, 2, -1],
							"lerp_mode": "catmullrom"
						},
						"0.125": {
							"post": [0, 0, -1],
							"lerp_mode": "catmullrom"
						},
						"0.3333": {
							"post": [0, 0.25, -2.8],
							"lerp_mode": "catmullrom"
						},
						"0.5417": {
							"post": [0, -0.05, -0.74],
							"lerp_mode": "catmullrom"
						},
						"0.875": {
							"post": [0, -1, 0],
							"lerp_mode": "catmullrom"
						},
						"1.0": {
							"post": [0, 2, -1],
							"lerp_mode": "catmullrom"
						}
					}
				},
				"leg1": {
					"rotation": {
						"0.0": {
							"post": [-25, 0, 0],
							"lerp_mode": "catmullrom"
						},
						"0.2083": {
							"post": [-14.19, 0, 0],
							"lerp_mode": "catmullrom"
						},
						"0.5": {
							"post": [15.83, 0, 0],
							"lerp_mode": "catmullrom"
						},
						"0.75": {
							"post": [30, 0, 0],
							"lerp_mode": "catmullrom"
						},
						"1.0": {
							"post": [-25, 0, 0],
							"lerp_mode": "catmullrom"
						}
					},
					"position": {
						"0.0": {
							"post": [0, 0, -1],
							"lerp_mode": "catmullrom"
						},
						"0.2083": {
							"post": [0, 0.25, -2.8],
							"lerp_mode": "catmullrom"
						},
						"0.4167": {
							"post": [0, -0.05, -0.74],
							"lerp_mode": "catmullrom"
						},
						"0.75": {
							"post": [0, -1, 0],
							"lerp_mode": "catmullrom"
						},
						"0.875": {
							"post": [0, 2, -1],
							"lerp_mode": "catmullrom"
						},
						"1.0": {
							"post": [0, 0, -1],
							"lerp_mode": "catmullrom"
						}
					}
				},
				"leg2": {
					"rotation": {
						"0.0": {
							"post": [24.79, 0, 0],
							"lerp_mode": "catmullrom"
						},
						"0.125": {
							"post": [30, 0, 0],
							"lerp_mode": "catmullrom"
						},
						"0.375": {
							"post": [-25, 0, 0],
							"lerp_mode": "catmullrom"
						},
						"0.5833": {
							"post": [-14.19, 0, 0],
							"lerp_mode": "catmullrom"
						},
						"0.875": {
							"post": [15.83, 0, 0],
							"lerp_mode": "catmullrom"
						},
						"1.0": {
							"post": [24.79, 0, 0],
							"lerp_mode": "catmullrom"
						}
					},
					"position": {
						"0.0": {
							"post": [0, -0.68, 0.83],
							"lerp_mode": "catmullrom"
						},
						"0.125": {
							"post": [0, -1, 1],
							"lerp_mode": "catmullrom"
						},
						"0.25": {
							"post": [0, 2, 0],
							"lerp_mode": "catmullrom"
						},
						"0.375": {
							"post": [0, 0, 0],
							"lerp_mode": "catmullrom"
						},
						"0.5833": {
							"post": [0, 0.25, -1.8],
							"lerp_mode": "catmullrom"
						},
						"0.7917": {
							"post": [0, -0.05, 0.26],
							"lerp_mode": "catmullrom"
						},
						"1.0": {
							"post": [0, -0.68, 0.83],
							"lerp_mode": "catmullrom"
						}
					}
				},
				"leg3": {
					"rotation": {
						"0.0": {
							"post": [30, 0, 0],
							"lerp_mode": "catmullrom"
						},
						"0.25": {
							"post": [-25, 0, 0],
							"lerp_mode": "catmullrom"
						},
						"0.4583": {
							"post": [-14.19, 0, 0],
							"lerp_mode": "catmullrom"
						},
						"0.75": {
							"post": [15.83, 0, 0],
							"lerp_mode": "catmullrom"
						},
						"1.0": {
							"post": [30, 0, 0],
							"lerp_mode": "catmullrom"
						}
					},
					"position": {
						"0.0": {
							"post": [0, -1, 1],
							"lerp_mode": "catmullrom"
						},
						"0.125": {
							"post": [0, 2, 0],
							"lerp_mode": "catmullrom"
						},
						"0.25": {
							"post": [0, 0, 0],
							"lerp_mode": "catmullrom"
						},
						"0.4583": {
							"post": [0, 0.25, -1.8],
							"lerp_mode": "catmullrom"
						},
						"0.6667": {
							"post": [0, -0.05, 0.26],
							"lerp_mode": "catmullrom"
						},
						"1.0": {
							"post": [0, -1, 1],
							"lerp_mode": "catmullrom"
						}
					}
				},
				"body": {
					"rotation": {
						"0.0": {
							"post": [7.5, 0, 0],
							"lerp_mode": "catmullrom"
						},
						"0.5": {
							"post": [-5, 0, 0],
							"lerp_mode": "catmullrom"
						},
						"1.0": {
							"post": [7.5, 0, 0],
							"lerp_mode": "catmullrom"
						}
					},
					"position": {
						"0.0": {
							"post": [0, -1, 0],
							"lerp_mode": "catmullrom"
						},
						"0.25": {
							"post": [0, 0, 0],
							"lerp_mode": "catmullrom"
						},
						"0.5": {
							"post": [0, 0, 0],
							"lerp_mode": "catmullrom"
						},
						"0.75": {
							"post": [0, -1, 0],
							"lerp_mode": "catmullrom"
						},
						"1.0": {
							"post": [0, -1, 0],
							"lerp_mode": "catmullrom"
						}
					}
				}
			}
		}
	}
}