{
	"format_version": "1.8.0",
	"animations": {
		"animation.fox.baby_transform": {
			"loop": true,
			"bones": {
				"head": {
					"position": [0, "query.is_baby ? 4.0 : 0.0", "query.is_baby ? 4.0 : 0.0"],
					"scale": "query.is_baby ? 1.3 : 1.0"
				}
			}
		},
		"animation.fox.blink": {
			"loop": true,
			"animation_length": 3,
			"bones": {
				"eyelids": {
					"scale": {
						"0.0": [0, 0, 0],
						"1.5": [1.02, 1.02, 1.02],
						"3.0": [0, 0, 0]
					}
				}
			}
		},
		"animation.fox.idle": {
			"loop": true,
			"animation_length": 3,
			"bones": {
				"head": {
					"rotation": {
						"0.0": [2.5, 0, 0],
						"0.375": [0, 0, 0],
						"0.75": [0, 0, 0],
						"1.125": [2.5, 0, 0],
						"1.5": [2.5, 0, 0],
						"1.875": [0, 0, 0],
						"2.25": [0, 0, 0],
						"2.625": [2.5, 0, 0],
						"3.0": [2.5, 0, 0]
					},
					"position": {
						"0.0": [0, 0, 0],
						"0.75": [0, -0.25, 0],
						"1.5": [0, 0, 0],
						"2.25": [0, -0.25, 0],
						"3.0": [0, 0, 0]
					}
				},
				"left_ear": {
					"rotation": {
						"2.0": [0, 0, 0],
						"2.125": [0, 0, 10],
						"2.25": [0, 0, 0],
						"2.375": [0, 0, 10],
						"2.5": [0, 0, 0]
					}
				},
				"snout": {
					"rotation": {
						"0.0": [0, 0, 0],
						"0.125": [-2.5, 0, 0],
						"0.25": [0, 0, 0],
						"0.375": [-2.5, 0, 0],
						"0.5": [0, 0, 0]
					}
				},
				"body": {
					"position": {
						"0.0": [0, 0, 0],
						"0.75": [0, -0.25, 0],
						"1.5": [0, 0, 0],
						"2.25": [0, -0.25, 0],
						"3.0": [0, 0, 0]
					}
				},
				"tail": {
					"rotation": {
						"0.0": [-20, 0, 0],
						"0.375": [-17.5, 0, 0],
						"0.75": [-17.5, 0, 0],
						"1.125": [-20, 0, 0],
						"1.5": [-20, 0, 0],
						"1.875": [-17.5, 0, 0],
						"2.0833": [-16.23994, -5.81201, -19.17006],
						"2.25": [-16.50371, 5.90316, 19.14314],
						"2.4583": [-16.23994, -5.81201, -19.17006],
						"2.625": [-16.50371, 5.90316, 19.14314],
						"3.0": [-20, 0, 0]
					}
				},
				"right_ear": {
					"rotation": {
						"2.0": [0, 0, 0],
						"2.125": [0, 0, -10],
						"2.25": [0, 0, 0],
						"2.375": [0, 0, -10],
						"2.5": [0, 0, 0]
					}
				}
			}
		},
		"animation.fox.walk": {
			"loop": true,
			"animation_length": 1.5,
			"anim_time_update": "q.anim_time + (q.delta_time * (q.modified_move_speed * 5))",
			"bones": {
				"head": {
					"rotation": {
						"0.0": {
							"post": [0, 0, 0],
							"lerp_mode": "catmullrom"
						},
						"0.2083": {
							"post": [2.5, 0, 0],
							"lerp_mode": "catmullrom"
						},
						"0.375": {
							"post": [2.5, 0, 0],
							"lerp_mode": "catmullrom"
						},
						"0.5833": {
							"post": [0, 0, 0],
							"lerp_mode": "catmullrom"
						},
						"0.75": {
							"post": [0, 0, 0],
							"lerp_mode": "catmullrom"
						},
						"0.9583": {
							"post": [2.5, 0, 0],
							"lerp_mode": "catmullrom"
						},
						"1.125": {
							"post": [2.5, 0, 0],
							"lerp_mode": "catmullrom"
						},
						"1.3333": {
							"post": [0, 0, 0],
							"lerp_mode": "catmullrom"
						},
						"1.5": {
							"post": [0, 0, 0],
							"lerp_mode": "catmullrom"
						}
					},
					"position": {
						"0.0": {
							"post": [0, -0.5, 0],
							"lerp_mode": "catmullrom"
						},
						"0.2083": {
							"post": [0, 0, 0],
							"lerp_mode": "catmullrom"
						},
						"0.375": {
							"post": [0, 0, 0],
							"lerp_mode": "catmullrom"
						},
						"0.5833": {
							"post": [0, -0.5, 0],
							"lerp_mode": "catmullrom"
						},
						"0.75": {
							"post": [0, -0.5, 0],
							"lerp_mode": "catmullrom"
						},
						"0.9583": {
							"post": [0, 0, 0],
							"lerp_mode": "catmullrom"
						},
						"1.125": {
							"post": [0, 0, 0],
							"lerp_mode": "catmullrom"
						},
						"1.3333": {
							"post": [0, -0.5, 0],
							"lerp_mode": "catmullrom"
						},
						"1.5": {
							"post": [0, -0.5, 0],
							"lerp_mode": "catmullrom"
						}
					}
				},
				"left_ear": {
					"rotation": {
						"0.0": {
							"post": [0, 0, 0],
							"lerp_mode": "catmullrom"
						},
						"0.375": {
							"post": [-10, 0, 0],
							"lerp_mode": "catmullrom"
						},
						"0.75": {
							"post": [0, 0, 0],
							"lerp_mode": "catmullrom"
						},
						"1.125": {
							"post": [-10, 0, 0],
							"lerp_mode": "catmullrom"
						},
						"1.5": {
							"post": [0, 0, 0],
							"lerp_mode": "catmullrom"
						}
					}
				},
				"right_ear": {
					"rotation": {
						"0.0": {
							"post": [0, 0, 0],
							"lerp_mode": "catmullrom"
						},
						"0.375": {
							"post": [-10, 0, 0],
							"lerp_mode": "catmullrom"
						},
						"0.75": {
							"post": [0, 0, 0],
							"lerp_mode": "catmullrom"
						},
						"1.125": {
							"post": [-10, 0, 0],
							"lerp_mode": "catmullrom"
						},
						"1.5": {
							"post": [0, 0, 0],
							"lerp_mode": "catmullrom"
						}
					}
				},
				"torso": {
					"rotation": {
						"0.0": {
							"post": [0, 5, 0],
							"lerp_mode": "catmullrom"
						},
						"0.375": {
							"post": [0, 0, 0],
							"lerp_mode": "catmullrom"
						},
						"0.75": {
							"post": [0, -5, 0],
							"lerp_mode": "catmullrom"
						},
						"1.125": {
							"post": [0, 0, 0],
							"lerp_mode": "catmullrom"
						},
						"1.5": {
							"post": [0, 5, 0],
							"lerp_mode": "catmullrom"
						}
					},
					"position": {
						"0.0": {
							"post": [0, 0, -0.5],
							"lerp_mode": "catmullrom"
						},
						"0.375": {
							"post": [0, 0, 0],
							"lerp_mode": "catmullrom"
						},
						"0.75": {
							"post": [0, 0, -0.5],
							"lerp_mode": "catmullrom"
						},
						"1.125": {
							"post": [0, 0, 0],
							"lerp_mode": "catmullrom"
						},
						"1.5": {
							"post": [0, 0, -0.5],
							"lerp_mode": "catmullrom"
						}
					}
				},
				"tail": {
					"rotation": {
						"0.0": {
							"post": [-20, 0, 0],
							"lerp_mode": "catmullrom"
						},
						"0.2083": {
							"post": [-22.5, 0, 0],
							"lerp_mode": "catmullrom"
						},
						"0.375": {
							"post": [-22.5, 0, 0],
							"lerp_mode": "catmullrom"
						},
						"0.5833": {
							"post": [-20, 0, 0],
							"lerp_mode": "catmullrom"
						},
						"0.75": {
							"post": [-20, 0, 0],
							"lerp_mode": "catmullrom"
						},
						"0.9583": {
							"post": [-22.5, 0, 0],
							"lerp_mode": "catmullrom"
						},
						"1.125": {
							"post": [-22.5, 0, 0],
							"lerp_mode": "catmullrom"
						},
						"1.3333": {
							"post": [-20, 0, 0],
							"lerp_mode": "catmullrom"
						},
						"1.5": {
							"post": [-20, 0, 0],
							"lerp_mode": "catmullrom"
						}
					},
					"position": {
						"0.0": {
							"post": [0, 0, -0.5],
							"lerp_mode": "catmullrom"
						},
						"0.375": {
							"post": [0, 0, 0],
							"lerp_mode": "catmullrom"
						},
						"0.75": {
							"post": [0, 0, -0.5],
							"lerp_mode": "catmullrom"
						},
						"1.125": {
							"post": [0, 0, 0],
							"lerp_mode": "catmullrom"
						},
						"1.5": {
							"post": [0, 0, -0.5],
							"lerp_mode": "catmullrom"
						}
					}
				},
				"leg0": {
					"rotation": {
						"0.0": {
							"post": [25, 0, 0],
							"lerp_mode": "catmullrom"
						},
						"0.375": {
							"post": [30, 0, 0],
							"lerp_mode": "catmullrom"
						},
						"0.75": {
							"post": [-30, 0, 0],
							"lerp_mode": "catmullrom"
						},
						"1.5": {
							"post": [25, 0, 0],
							"lerp_mode": "catmullrom"
						}
					},
					"position": {
						"0.0": {
							"post": [0, -0.5, 0],
							"lerp_mode": "catmullrom"
						},
						"0.375": {
							"post": [0, -0.5, 0],
							"lerp_mode": "catmullrom"
						},
						"0.5833": {
							"post": [0, 1.5, -1],
							"lerp_mode": "catmullrom"
						},
						"0.75": {
							"post": [0, -0.25, -1.5],
							"lerp_mode": "catmullrom"
						},
						"1.0": {
							"post": [0, 0, -2],
							"lerp_mode": "catmullrom"
						},
						"1.5": {
							"post": [0, -0.5, 0],
							"lerp_mode": "catmullrom"
						}
					}
				},
				"leg1": {
					"rotation": {
						"0.0": {
							"post": [-30, 0, 0],
							"lerp_mode": "catmullrom"
						},
						"0.75": {
							"post": [25, 0, 0],
							"lerp_mode": "catmullrom"
						},
						"1.125": {
							"post": [30, 0, 0],
							"lerp_mode": "catmullrom"
						},
						"1.5": {
							"post": [-30, 0, 0],
							"lerp_mode": "catmullrom"
						}
					},
					"position": {
						"0.0": {
							"post": [0, -0.25, -1.5],
							"lerp_mode": "catmullrom"
						},
						"0.25": {
							"post": [0, 0, -2],
							"lerp_mode": "catmullrom"
						},
						"0.75": {
							"post": [0, -0.5, 0],
							"lerp_mode": "catmullrom"
						},
						"1.125": {
							"post": [0, -0.5, 0],
							"lerp_mode": "catmullrom"
						},
						"1.3333": {
							"post": [0, 1.5, -1],
							"lerp_mode": "catmullrom"
						},
						"1.5": {
							"post": [0, -0.25, -1.5],
							"lerp_mode": "catmullrom"
						}
					}
				},
				"leg2": {
					"rotation": {
						"0.0": {
							"post": [6.76, 0, 0],
							"lerp_mode": "catmullrom"
						},
						"0.25": {
							"post": [25, 0, 0],
							"lerp_mode": "catmullrom"
						},
						"0.625": {
							"post": [30, 0, 0],
							"lerp_mode": "catmullrom"
						},
						"0.75": {
							"post": [12.59, 0, 0],
							"lerp_mode": "catmullrom"
						},
						"1.0": {
							"post": [-30, 0, 0],
							"lerp_mode": "catmullrom"
						},
						"1.5": {
							"post": [6.76, 0, 0],
							"lerp_mode": "catmullrom"
						}
					},
					"position": {
						"0.0": {
							"post": [0, -0.23, -1.03],
							"lerp_mode": "catmullrom"
						},
						"0.25": {
							"post": [0, -0.5, 0],
							"lerp_mode": "catmullrom"
						},
						"0.625": {
							"post": [0, -0.5, 0],
							"lerp_mode": "catmullrom"
						},
						"0.75": {
							"post": [0, 0.26, -0.67],
							"lerp_mode": "catmullrom"
						},
						"0.8333": {
							"post": [0, 1.5, -1],
							"lerp_mode": "catmullrom"
						},
						"1.0": {
							"post": [0, -0.25, -1.5],
							"lerp_mode": "catmullrom"
						},
						"1.25": {
							"post": [0, 0, -2],
							"lerp_mode": "catmullrom"
						},
						"1.5": {
							"post": [0, -0.23, -1.03],
							"lerp_mode": "catmullrom"
						}
					}
				},
				"leg3": {
					"rotation": {
						"0.0": {
							"post": [12.59, 0, 0],
							"lerp_mode": "catmullrom"
						},
						"0.25": {
							"post": [-30, 0, 0],
							"lerp_mode": "catmullrom"
						},
						"1.0": {
							"post": [25, 0, 0],
							"lerp_mode": "catmullrom"
						},
						"1.375": {
							"post": [30, 0, 0],
							"lerp_mode": "catmullrom"
						},
						"1.5": {
							"post": [12.59, 0, 0],
							"lerp_mode": "catmullrom"
						}
					},
					"position": {
						"0.0": {
							"post": [0, 0.26, -0.67],
							"lerp_mode": "catmullrom"
						},
						"0.0833": {
							"post": [0, 1.5, -1],
							"lerp_mode": "catmullrom"
						},
						"0.25": {
							"post": [0, -0.25, -1.5],
							"lerp_mode": "catmullrom"
						},
						"0.5": {
							"post": [0, 0, -2],
							"lerp_mode": "catmullrom"
						},
						"1.0": {
							"post": [0, -0.5, 0],
							"lerp_mode": "catmullrom"
						},
						"1.375": {
							"post": [0, -0.5, 0],
							"lerp_mode": "catmullrom"
						},
						"1.5": {
							"post": [0, 0.26, -0.67],
							"lerp_mode": "catmullrom"
						}
					}
				}
			}
		},
		"animation.fox.run": {
			"loop": true,
			"animation_length": 1,
			"anim_time_update": "q.anim_time + (q.delta_time * (q.modified_move_speed * 4))",
			"bones": {
				"head": {
					"rotation": {
						"0.0": {
							"post": [0, 0, 0],
							"lerp_mode": "catmullrom"
						},
						"0.25": {
							"post": [0, 0, 0],
							"lerp_mode": "catmullrom"
						},
						"0.5": {
							"post": [5, 0, 0],
							"lerp_mode": "catmullrom"
						},
						"0.75": {
							"post": [5, 0, 0],
							"lerp_mode": "catmullrom"
						},
						"1.0": {
							"post": [0, 0, 0],
							"lerp_mode": "catmullrom"
						}
					},
					"position": {
						"0.0": {
							"post": [0, -1, 0],
							"lerp_mode": "catmullrom"
						},
						"0.5": {
							"post": [0, 0.5, 0],
							"lerp_mode": "catmullrom"
						},
						"1.0": {
							"post": [0, -1, 0],
							"lerp_mode": "catmullrom"
						}
					}
				},
				"left_ear": {
					"rotation": {
						"0.0": {
							"post": [5, 0, 0],
							"lerp_mode": "catmullrom"
						},
						"0.25": {
							"post": [-40, 0, 0],
							"lerp_mode": "catmullrom"
						},
						"0.75": {
							"post": [5, 0, 0],
							"lerp_mode": "catmullrom"
						},
						"1.0": {
							"post": [5, 0, 0],
							"lerp_mode": "catmullrom"
						}
					}
				},
				"right_ear": {
					"rotation": {
						"0.0": {
							"post": [5, 0, 0],
							"lerp_mode": "catmullrom"
						},
						"0.25": {
							"post": [-40, 0, 0],
							"lerp_mode": "catmullrom"
						},
						"0.75": {
							"post": [5, 0, 0],
							"lerp_mode": "catmullrom"
						},
						"1.0": {
							"post": [5, 0, 0],
							"lerp_mode": "catmullrom"
						}
					}
				},
				"body": {
					"rotation": {
						"0.0": {
							"post": [5, 0, 0],
							"lerp_mode": "catmullrom"
						},
						"0.25": {
							"post": [0, 0, 0],
							"lerp_mode": "catmullrom"
						},
						"0.5": {
							"post": [-5, 0, 0],
							"lerp_mode": "catmullrom"
						},
						"0.75": {
							"post": [0, 0, 0],
							"lerp_mode": "catmullrom"
						},
						"1.0": {
							"post": [5, 0, 0],
							"lerp_mode": "catmullrom"
						}
					},
					"position": {
						"0.0": {
							"post": [0, -1, 0],
							"lerp_mode": "catmullrom"
						},
						"0.5": {
							"post": [0, 0, 0],
							"lerp_mode": "catmullrom"
						},
						"1.0": {
							"post": [0, -1, 0],
							"lerp_mode": "catmullrom"
						}
					}
				},
				"tail": {
					"rotation": {
						"0.0": {
							"post": [-20, 0, 0],
							"lerp_mode": "catmullrom"
						},
						"0.25": {
							"post": [0, 0, 0],
							"lerp_mode": "catmullrom"
						},
						"0.5": {
							"post": [0, 0, 0],
							"lerp_mode": "catmullrom"
						},
						"0.75": {
							"post": [-20, 0, 0],
							"lerp_mode": "catmullrom"
						},
						"1.0": {
							"post": [-20, 0, 0],
							"lerp_mode": "catmullrom"
						}
					}
				},
				"leg0": {
					"rotation": {
						"0.0": {
							"post": [0.31, 0, 0],
							"lerp_mode": "catmullrom"
						},
						"0.125": {
							"post": [-30, 0, 0],
							"lerp_mode": "catmullrom"
						},
						"0.625": {
							"post": [25, 0, 0],
							"lerp_mode": "catmullrom"
						},
						"0.875": {
							"post": [30, 0, 0],
							"lerp_mode": "catmullrom"
						},
						"1.0": {
							"post": [0.31, 0, 0],
							"lerp_mode": "catmullrom"
						}
					},
					"position": {
						"0.0": {
							"post": [0, 1.5, -1],
							"lerp_mode": "catmullrom"
						},
						"0.125": {
							"post": [0, -0.25, -1.5],
							"lerp_mode": "catmullrom"
						},
						"0.2917": {
							"post": [0, 0, -2],
							"lerp_mode": "catmullrom"
						},
						"0.625": {
							"post": [0, -0.5, 0],
							"lerp_mode": "catmullrom"
						},
						"0.875": {
							"post": [0, -0.5, 0],
							"lerp_mode": "catmullrom"
						},
						"1.0": {
							"post": [0, 1.5, -1],
							"lerp_mode": "catmullrom"
						}
					}
				},
				"leg1": {
					"rotation": {
						"0.0": {
							"post": [-30, 0, 0],
							"lerp_mode": "catmullrom"
						},
						"0.5": {
							"post": [25, 0, 0],
							"lerp_mode": "catmullrom"
						},
						"0.75": {
							"post": [30, 0, 0],
							"lerp_mode": "catmullrom"
						},
						"1.0": {
							"post": [-30, 0, 0],
							"lerp_mode": "catmullrom"
						}
					},
					"position": {
						"0.0": {
							"post": [0, -0.25, -1.5],
							"lerp_mode": "catmullrom"
						},
						"0.1667": {
							"post": [0, 0, -2],
							"lerp_mode": "catmullrom"
						},
						"0.5": {
							"post": [0, -0.5, 0],
							"lerp_mode": "catmullrom"
						},
						"0.75": {
							"post": [0, -0.5, 0],
							"lerp_mode": "catmullrom"
						},
						"0.875": {
							"post": [0, 1.5, -1],
							"lerp_mode": "catmullrom"
						},
						"1.0": {
							"post": [0, -0.25, -1.5],
							"lerp_mode": "catmullrom"
						}
					}
				},
				"leg2": {
					"rotation": {
						"0.0": {
							"post": [30.94, 0, 0],
							"lerp_mode": "catmullrom"
						},
						"0.125": {
							"post": [30, 0, 0],
							"lerp_mode": "catmullrom"
						},
						"0.375": {
							"post": [-30, 0, 0],
							"lerp_mode": "catmullrom"
						},
						"0.875": {
							"post": [25, 0, 0],
							"lerp_mode": "catmullrom"
						},
						"1.0": {
							"post": [30.94, 0, 0],
							"lerp_mode": "catmullrom"
						}
					},
					"position": {
						"0.0": {
							"post": [0, -0.53, 0.13],
							"lerp_mode": "catmullrom"
						},
						"0.125": {
							"post": [0, -0.5, 0],
							"lerp_mode": "catmullrom"
						},
						"0.25": {
							"post": [0, 1.5, -1],
							"lerp_mode": "catmullrom"
						},
						"0.375": {
							"post": [0, -0.25, -1.5],
							"lerp_mode": "catmullrom"
						},
						"0.5417": {
							"post": [0, 0, -2],
							"lerp_mode": "catmullrom"
						},
						"0.875": {
							"post": [0, -0.5, 0],
							"lerp_mode": "catmullrom"
						},
						"1.0": {
							"post": [0, -0.53, 0.13],
							"lerp_mode": "catmullrom"
						}
					}
				},
				"leg3": {
					"rotation": {
						"0.0": {
							"post": [30, 0, 0],
							"lerp_mode": "catmullrom"
						},
						"0.25": {
							"post": [-30, 0, 0],
							"lerp_mode": "catmullrom"
						},
						"0.75": {
							"post": [25, 0, 0],
							"lerp_mode": "catmullrom"
						},
						"1.0": {
							"post": [30, 0, 0],
							"lerp_mode": "catmullrom"
						}
					},
					"position": {
						"0.0": {
							"post": [0, -0.5, 0],
							"lerp_mode": "catmullrom"
						},
						"0.125": {
							"post": [0, 1.5, -1],
							"lerp_mode": "catmullrom"
						},
						"0.25": {
							"post": [0, -0.25, -1.5],
							"lerp_mode": "catmullrom"
						},
						"0.4167": {
							"post": [0, 0, -2],
							"lerp_mode": "catmullrom"
						},
						"0.75": {
							"post": [0, -0.5, 0],
							"lerp_mode": "catmullrom"
						},
						"1.0": {
							"post": [0, -0.5, 0],
							"lerp_mode": "catmullrom"
						}
					}
				}
			}
		},
		"animation.fox.crouch": {
			"loop": true,
			"bones": {
				"body": {
					"rotation": [0, 0, 0],
					"position": [0, -1.8, 0]
				},
				"head": {
					"rotation": [0, 0, 0],
					"position": [0, -0.8, 0]
				},
				"leg0": {
					"rotation": [0, 0, 0],
					"position": [0, 1.6, 0]
				},
				"leg1": {
					"rotation": [0, 0, 0],
					"position": [0, 1.6, 0]
				},
				"leg2": {
					"rotation": [0, 0, 0],
					"position": [0, 1.6, 0]
				},
				"leg3": {
					"rotation": [0, 0, 0],
					"position": [0, 1.6, 0]
				},
				"root": {
					"rotation": [0, 0, 0],
					"position": [0, -1.8, 0]
				}
			}
		},
		"animation.fox.wiggle": {
			"loop": true,
			"bones": {
				"body": {
					"rotation": [0, "math.cos(query.life_time * 20.0 * 53.7) * 5.0 -this", 0],
					"position": [0, -1.8, 0]
				},
				"head": {
					"rotation": ["math.clamp(-5.0 * (query.anim_time / 2.0), -5.0, 0)", 0, "math.clamp(25.0 * (query.anim_time / 2.0), 0, 25.0)"],
					"position": [0, -0.8, 0]
				},
				"leg0": {
					"rotation": [0, 0, 0],
					"position": [0, 1.6, 0]
				},
				"leg1": {
					"rotation": [0, 0, 0],
					"position": [0, 1.6, 0]
				},
				"leg2": {
					"rotation": [0, 0, 0],
					"position": [0, 1.6, 0]
				},
				"leg3": {
					"rotation": [0, 0, 0],
					"position": [0, 1.6, 0]
				},
				"tail": {
					"rotation": [0, "math.cos(query.life_time * 20.0 * 53.7) * 10.0 -this", 0]
				},
				"root": {
					"position": [0, -1.75, 0]
				}
			}
		},
		"animation.fox.pounce": {
			"loop": "hold_on_last_frame",
			"animation_length": 2,
			"bones": {
				"body": {
					"position": {
						"0.0": [0, 0, 0],
						"0.1667": [0, -3, 0],
						"0.375": [0, 0, 0]
					}
				},
				"head": {
					"position": {
						"0.0": [0, 0, 0],
						"0.1667": [0, -3, 0],
						"0.375": [0, 0, 0]
					}
				},
				"leg3": {
					"rotation": {
						"0.375": [0, 0, 0],
						"0.7917": [-50, 0, 0]
					}
				},
				"root": {
					"rotation": {
						"0.2083": [0, 0, 0],
						"1.0": [45, 0, 0]
					}
				},
				"tail": {
					"rotation": {
						"0.0": [0, 0, 0],
						"0.1667": [10, 0, 0],
						"0.375": [0, 0, 0],
						"0.5417": [-15, 0, 0],
						"1.5833": [-15, 0, 0],
						"1.7083": [0, 0, 0],
						"1.9167": [-17.5, 0, 0]
					},
					"position": {
						"0.0": [0, 0, 0],
						"0.1667": [0, 0, 0],
						"0.375": [0, 0, 0]
					}
				},
				"leg0": {
					"rotation": {
						"0.375": [0, 0, 0],
						"0.7917": [45, 0, 0],
						"1.375": [45, 0, 0],
						"1.5833": [-45, 0, 0]
					}
				},
				"leg1": {
					"rotation": {
						"0.375": [0, 0, 0],
						"0.7917": [45, 0, 0],
						"1.375": [45, 0, 0],
						"1.5833": [-45, 0, 0]
					}
				},
				"leg2": {
					"rotation": {
						"0.375": [0, 0, 0],
						"0.7917": [-50, 0, 0]
					}
				}
			}
		},
		"animation.fox.attack": {
			"loop": "hold_on_last_frame",
			"animation_length": 0.95833,
			"bones": {
				"root": {
					"rotation": {
						"0.25": [0, 0, 0],
						"0.4167": [-10, 0, 0],
						"0.5": [5, 0, 0]
					},
					"position": {
						"0.25": [0, 0, 0],
						"0.4167": [0, 1, -2],
						"0.5": [0, 0, -2]
					}
				},
				"head": {
					"rotation": {
						"0.2917": [0, 0, 0],
						"0.375": [0, 0, -15],
						"0.4583": [0, 0, 15],
						"0.5417": [0, 0, -15],
						"0.625": [0, 0, 15],
						"0.7083": [0, 0, 0]
					},
					"position": {
						"0.0": [0, 0, 0],
						"0.1667": [0, 0, 1],
						"0.2917": [0, 0, 0]
					}
				},
				"body": {
					"rotation": {
						"0.0": [0, 0, 0],
						"0.25": [-7.5, 0, 0],
						"0.375": [0, 0, 0]
					}
				},
				"torso": {
					"rotation": {
						"0.2917": [0, 0, 0],
						"0.375": [0, -5, 0],
						"0.4583": [0, 5, 0],
						"0.5417": [0, -5, 0],
						"0.625": [0, 5, 0],
						"0.7083": [0, 0, 0]
					}
				},
				"tail": {
					"rotation": {
						"0.0": [0, 0, 0],
						"0.0833": [7.5, 0, 0],
						"0.25": [7.5, 0, 0],
						"0.375": [-10, 0, 0],
						"0.5": [-5, 0, 0],
						"0.6667": [-15, 0, 0]
					}
				},
				"leg0": {
					"rotation": {
						"0.2917": [0, 0, 0],
						"0.4167": [25, 0, 0],
						"0.5833": [-15, 0, 0],
						"0.6667": [-15, 0, 0]
					},
					"position": {
						"0.2917": [0, 0, 0],
						"0.4167": [0, 0, 0],
						"0.5": [0, 2, 0],
						"0.6667": [0, -0.5, 0]
					}
				},
				"leg1": {
					"rotation": {
						"0.25": [0, 0, 0],
						"0.375": [25, 0, 0],
						"0.5417": [-15, 0, 0],
						"0.625": [-15, 0, 0]
					},
					"position": {
						"0.25": [0, 0, 0],
						"0.375": [0, 0, 0],
						"0.4583": [0, 2, 0],
						"0.625": [0, -0.5, 0]
					}
				},
				"leg2": {
					"rotation": {
						"0.25": [0, 0, 0],
						"0.375": [-20, 0, 0]
					},
					"position": {
						"0.25": [0, 0, 0],
						"0.375": [0, 2, -1],
						"0.5": [0, 0, -1]
					}
				},
				"leg3": {
					"rotation": {
						"0.25": [0, 0, 0],
						"0.375": [-20, 0, 0]
					},
					"position": {
						"0.25": [0, 0, 0],
						"0.375": [0, 2, -1],
						"0.5": [0, 0, -1]
					}
				},
				"left_ear": {
					"rotation": {
						"0.0": [0, 0, 0],
						"0.0833": [12.5, 0, 0],
						"0.1667": [12.5, 0, 0],
						"0.2917": [-40, 0, 0],
						"0.375": [0.84004, 17.26588, 21.741],
						"0.4583": [0, 0, -22.5],
						"0.5417": [0, 0, 22.5],
						"0.625": [0, 0, -22.5],
						"0.7083": [0, 0, 22.5],
						"0.7917": [0, 0, 0]
					}
				},
				"right_ear": {
					"rotation": {
						"0.0": [0, 0, 0],
						"0.0833": [12.5, 0, 0],
						"0.1667": [12.5, 0, 0],
						"0.2917": [-40, 0, 0],
						"0.375": [0.84004, 17.26588, 21.741],
						"0.4583": [0, 0, -22.5],
						"0.5417": [0, 0, 22.5],
						"0.625": [0, 0, -22.5],
						"0.7083": [0, 0, 22.5],
						"0.7917": [0, 0, 0]
					}
				}
			}
		},
		"animation.fox.stuck": {
			"loop": "hold_on_last_frame",
			"animation_length": 3,
			"anim_time_update": "q.anim_time +  q.delta_time * 2",
			"bones": {
				"root": {
					"rotation": [60, 0, 0],
					"position": [0, -2, 3]
				},
				"body": {
					"rotation": {
						"0.0": [0, 5, 0],
						"0.2917": [0, -5, 0],
						"0.625": [0, 5, 0],
						"0.9167": [0, -5, 0],
						"1.25": [0, 5, 0],
						"1.5417": [0, -5, 0],
						"1.8333": [0, 5, 0],
						"2.1667": [0, -5, 0],
						"2.3333": [0, 5, 0],
						"2.5": [0, 2.31, 0],
						"2.6667": [-7.5, 0, 0]
					}
				},
				"tail": {
					"rotation": {
						"0.0": [0, 0, 5],
						"0.125": [0, 0, -5],
						"0.2917": [0, 0, -5],
						"0.4583": [0, 0, 5],
						"0.625": [0, 0, 5],
						"0.75": [0, 0, -5],
						"0.9167": [0, 0, -5],
						"1.0833": [0, 0, 5],
						"1.25": [0, 0, 5],
						"1.375": [0, 0, -5],
						"1.5417": [0, 0, -5],
						"1.7083": [0, 0, 5],
						"1.8333": [0, 0, 5],
						"1.9583": [0, 0, -5],
						"2.125": [0, 0, -5],
						"2.2917": [0, 0, 5],
						"2.6667": [0, 0, 5],
						"2.875": [-19.8423, -2.55868, -2.05239],
						"3.0": [-19.9299, -1.70818, 0.30014]
					}
				},
				"leg0": {
					"rotation": {
						"0.0": {
							"post": [25, 0, 0],
							"lerp_mode": "catmullrom"
						},
						"0.3333": {
							"post": [30, 0, 0],
							"lerp_mode": "catmullrom"
						},
						"0.625": {
							"post": [-30, 0, 0],
							"lerp_mode": "catmullrom"
						},
						"1.2917": {
							"post": [25, 0, 0],
							"lerp_mode": "catmullrom"
						},
						"1.625": {
							"post": [30, 0, 0],
							"lerp_mode": "catmullrom"
						},
						"1.9167": {
							"post": [-30, 0, 0],
							"lerp_mode": "catmullrom"
						},
						"2.5833": {
							"post": [25, 0, 0],
							"lerp_mode": "catmullrom"
						},
						"3.0": [-30, 0, 0]
					},
					"position": {
						"0.0": {
							"post": [0, -0.5, 0],
							"lerp_mode": "catmullrom"
						},
						"0.3333": {
							"post": [0, -0.5, 0],
							"lerp_mode": "catmullrom"
						},
						"0.4167": {
							"post": [0, 1.5, -1],
							"lerp_mode": "catmullrom"
						},
						"0.625": {
							"post": [0, -0.25, -1.5],
							"lerp_mode": "catmullrom"
						},
						"0.875": {
							"post": [0, 0, -2],
							"lerp_mode": "catmullrom"
						},
						"1.2917": {
							"post": [0, -0.5, 0],
							"lerp_mode": "catmullrom"
						},
						"1.625": {
							"post": [0, -0.5, 0],
							"lerp_mode": "catmullrom"
						},
						"1.7083": {
							"post": [0, 1.5, -1],
							"lerp_mode": "catmullrom"
						},
						"1.9167": {
							"post": [0, -0.25, -1.5],
							"lerp_mode": "catmullrom"
						},
						"2.1667": {
							"post": [0, 0, -2],
							"lerp_mode": "catmullrom"
						},
						"2.5833": {
							"post": [0, -0.5, 0],
							"lerp_mode": "catmullrom"
						},
						"3.0": [0, -0.25, -1.5]
					}
				},
				"leg1": {
					"rotation": {
						"0.0": {
							"post": [-30, 0, 0],
							"lerp_mode": "catmullrom"
						},
						"0.625": {
							"post": [25, 0, 0],
							"lerp_mode": "catmullrom"
						},
						"0.9583": {
							"post": [30, 0, 0],
							"lerp_mode": "catmullrom"
						},
						"1.2917": {
							"post": [-30, 0, 0],
							"lerp_mode": "catmullrom"
						},
						"1.9167": {
							"post": [25, 0, 0],
							"lerp_mode": "catmullrom"
						},
						"2.25": {
							"post": [30, 0, 0],
							"lerp_mode": "catmullrom"
						},
						"2.5833": [-30, 0, 0]
					},
					"position": {
						"0.0": {
							"post": [0, -0.25, -1.5],
							"lerp_mode": "catmullrom"
						},
						"0.2083": {
							"post": [0, 0, -2],
							"lerp_mode": "catmullrom"
						},
						"0.625": {
							"post": [0, -0.5, 0],
							"lerp_mode": "catmullrom"
						},
						"0.9583": {
							"post": [0, -0.5, 0],
							"lerp_mode": "catmullrom"
						},
						"1.0833": {
							"post": [0, 1.5, -1],
							"lerp_mode": "catmullrom"
						},
						"1.2917": {
							"post": [0, -0.25, -1.5],
							"lerp_mode": "catmullrom"
						},
						"1.5": {
							"post": [0, 0, -2],
							"lerp_mode": "catmullrom"
						},
						"1.9167": {
							"post": [0, -0.5, 0],
							"lerp_mode": "catmullrom"
						},
						"2.25": {
							"post": [0, -0.5, 0],
							"lerp_mode": "catmullrom"
						},
						"2.375": {
							"post": [0, 1.5, -1],
							"lerp_mode": "catmullrom"
						},
						"2.5833": [0, -0.25, -1.5]
					}
				},
				"leg2": {
					"rotation": {
						"0.0": {
							"post": [6.76, 0, 0],
							"lerp_mode": "catmullrom"
						},
						"0.2083": {
							"post": [25, 0, 0],
							"lerp_mode": "catmullrom"
						},
						"0.5417": {
							"post": [30, 0, 0],
							"lerp_mode": "catmullrom"
						},
						"0.625": {
							"post": [12.59, 0, 0],
							"lerp_mode": "catmullrom"
						},
						"0.875": {
							"post": [-30, 0, 0],
							"lerp_mode": "catmullrom"
						},
						"1.2917": {
							"post": [6.76, 0, 0],
							"lerp_mode": "catmullrom"
						},
						"1.5": {
							"post": [25, 0, 0],
							"lerp_mode": "catmullrom"
						},
						"1.8333": {
							"post": [30, 0, 0],
							"lerp_mode": "catmullrom"
						},
						"1.9167": {
							"post": [12.59, 0, 0],
							"lerp_mode": "catmullrom"
						},
						"2.1667": {
							"post": [-30, 0, 0],
							"lerp_mode": "catmullrom"
						},
						"2.5833": [50.09, 0, 0]
					},
					"position": {
						"0.0": {
							"post": [0, -0.23, -1.03],
							"lerp_mode": "catmullrom"
						},
						"0.2083": {
							"post": [0, -0.5, 0],
							"lerp_mode": "catmullrom"
						},
						"0.5417": {
							"post": [0, -0.5, 0],
							"lerp_mode": "catmullrom"
						},
						"0.625": {
							"post": [0, 1.5, -1],
							"lerp_mode": "catmullrom"
						},
						"0.875": {
							"post": [0, -0.25, -1.5],
							"lerp_mode": "catmullrom"
						},
						"1.0833": {
							"post": [0, 0, -2],
							"lerp_mode": "catmullrom"
						},
						"1.2917": {
							"post": [0, -0.23, -1.03],
							"lerp_mode": "catmullrom"
						},
						"1.5": {
							"post": [0, -0.5, 0],
							"lerp_mode": "catmullrom"
						},
						"1.8333": {
							"post": [0, -0.5, 0],
							"lerp_mode": "catmullrom"
						},
						"1.9167": {
							"post": [0, 1.5, -1],
							"lerp_mode": "catmullrom"
						},
						"2.1667": {
							"post": [0, -0.25, -1.5],
							"lerp_mode": "catmullrom"
						},
						"2.375": {
							"post": [0, 0, -2],
							"lerp_mode": "catmullrom"
						},
						"2.5833": [0, -0.23, -1.03]
					}
				},
				"leg3": {
					"rotation": {
						"0.0": {
							"post": [12.59, 0, 0],
							"lerp_mode": "catmullrom"
						},
						"0.2083": {
							"post": [-30, 0, 0],
							"lerp_mode": "catmullrom"
						},
						"0.875": {
							"post": [25, 0, 0],
							"lerp_mode": "catmullrom"
						},
						"1.1667": {
							"post": [30, 0, 0],
							"lerp_mode": "catmullrom"
						},
						"1.2917": {
							"post": [12.59, 0, 0],
							"lerp_mode": "catmullrom"
						},
						"1.5": {
							"post": [-30, 0, 0],
							"lerp_mode": "catmullrom"
						},
						"2.1667": {
							"post": [25, 0, 0],
							"lerp_mode": "catmullrom"
						},
						"2.4583": {
							"post": [30, 0, 0],
							"lerp_mode": "catmullrom"
						},
						"2.5833": [50.09, 0, 0]
					},
					"position": {
						"0.0": {
							"post": [0, 0.26, -0.67],
							"lerp_mode": "catmullrom"
						},
						"0.2083": {
							"post": [0, -0.25, -1.5],
							"lerp_mode": "catmullrom"
						},
						"0.4167": {
							"post": [0, 0, -2],
							"lerp_mode": "catmullrom"
						},
						"0.875": {
							"post": [0, -0.5, 0],
							"lerp_mode": "catmullrom"
						},
						"1.1667": {
							"post": [0, -0.5, 0],
							"lerp_mode": "catmullrom"
						},
						"1.2917": {
							"post": [0, 0.26, -0.67],
							"lerp_mode": "catmullrom"
						},
						"1.5": {
							"post": [0, -0.25, -1.5],
							"lerp_mode": "catmullrom"
						},
						"1.7083": {
							"post": [0, 0, -2],
							"lerp_mode": "catmullrom"
						},
						"2.1667": {
							"post": [0, -0.5, 0],
							"lerp_mode": "catmullrom"
						},
						"2.4583": {
							"post": [0, -0.5, 0],
							"lerp_mode": "catmullrom"
						},
						"2.5833": [0, 0.26, -0.67]
					}
				}
			}
		},
		"animation.fox.sit": {
			"loop": true,
			"animation_length": 1.25,
			"anim_time_update": "q.anim_time + q.delta_time * 0.6",
			"bones": {
				"head": {
					"position": {
						"0.0": {
							"post": [0, 4, 2],
							"lerp_mode": "catmullrom"
						},
						"1.25": {
							"post": [0, 4, 2],
							"lerp_mode": "catmullrom"
						}
					}
				},
				"left_ear": {
					"rotation": {
						"0.0": {
							"post": [0, 0, 0],
							"lerp_mode": "catmullrom"
						},
						"0.625": {
							"post": [0, 0, 0],
							"lerp_mode": "catmullrom"
						},
						"0.7083": {
							"post": [0, 0, 10],
							"lerp_mode": "catmullrom"
						},
						"0.8333": {
							"post": [0, 0, -10],
							"lerp_mode": "catmullrom"
						},
						"0.9167": {
							"post": [0, 0, 10],
							"lerp_mode": "catmullrom"
						},
						"1.0417": {
							"post": [0, 0, -10],
							"lerp_mode": "catmullrom"
						},
						"1.125": {
							"post": [0, 0, 10],
							"lerp_mode": "catmullrom"
						},
						"1.25": {
							"post": [0, 0, 0],
							"lerp_mode": "catmullrom"
						}
					}
				},
				"right_ear": {
					"rotation": {
						"0.0": {
							"post": [0, 0, 0],
							"lerp_mode": "catmullrom"
						},
						"0.625": {
							"post": [0, 0, 0],
							"lerp_mode": "catmullrom"
						},
						"0.7083": {
							"post": [0, 0, -10],
							"lerp_mode": "catmullrom"
						},
						"0.8333": {
							"post": [0, 0, 10],
							"lerp_mode": "catmullrom"
						},
						"0.9167": {
							"post": [0, 0, -10],
							"lerp_mode": "catmullrom"
						},
						"1.0417": {
							"post": [0, 0, 10],
							"lerp_mode": "catmullrom"
						},
						"1.125": {
							"post": [0, 0, -10],
							"lerp_mode": "catmullrom"
						},
						"1.25": {
							"post": [0, 0, 0],
							"lerp_mode": "catmullrom"
						}
					}
				},
				"snout": {
					"rotation": {
						"0.0": {
							"post": [0, 0, 0],
							"lerp_mode": "catmullrom"
						},
						"0.0833": {
							"post": [-5, 0, 0],
							"lerp_mode": "catmullrom"
						},
						"0.2083": {
							"post": [0, 0, 0],
							"lerp_mode": "catmullrom"
						},
						"0.2917": {
							"post": [-5, 0, 0],
							"lerp_mode": "catmullrom"
						},
						"0.4167": {
							"post": [0, 0, 0],
							"lerp_mode": "catmullrom"
						}
					}
				},
				"torso": {
					"rotation": {
						"0.0": {
							"post": [-40, 0, 0],
							"lerp_mode": "catmullrom"
						},
						"1.25": {
							"post": [-40, 0, 0],
							"lerp_mode": "catmullrom"
						}
					}
				},
				"tail": {
					"rotation": {
						"0.0": {
							"post": [0, 0, 5],
							"lerp_mode": "catmullrom"
						},
						"0.625": {
							"post": [0, 0, -5],
							"lerp_mode": "catmullrom"
						},
						"1.25": {
							"post": [0, 0, 5],
							"lerp_mode": "catmullrom"
						}
					},
					"position": {
						"0.0": {
							"post": [0, 2, -5],
							"lerp_mode": "catmullrom"
						},
						"1.25": {
							"post": [0, 2, -5],
							"lerp_mode": "catmullrom"
						}
					}
				},
				"leg0": {
					"rotation": {
						"0.0": {
							"post": [-90, 30, 0],
							"lerp_mode": "catmullrom"
						},
						"1.25": {
							"post": [-90, 30, 0],
							"lerp_mode": "catmullrom"
						}
					},
					"position": {
						"0.0": {
							"post": [0, -5, -1],
							"lerp_mode": "catmullrom"
						},
						"1.25": {
							"post": [0, -5, -1],
							"lerp_mode": "catmullrom"
						}
					}
				},
				"leg1": {
					"rotation": {
						"0.0": {
							"post": [-90, -30, 0],
							"lerp_mode": "catmullrom"
						},
						"1.25": {
							"post": [-90, -30, 0],
							"lerp_mode": "catmullrom"
						}
					},
					"position": {
						"0.0": {
							"post": [0, -5, -1],
							"lerp_mode": "catmullrom"
						},
						"1.25": {
							"post": [0, -5, -1],
							"lerp_mode": "catmullrom"
						}
					}
				}
			}
		},
		"animation.fox.sleep": {
			"loop": true,
			"animation_length": 5,
			"bones": {
				"head": {
					"rotation": [0, -110, 0],
					"position": [1, 1, -1]
				},
				"tail": {
					"rotation": {
						"0.0": [-5, 0, -107.5],
						"2.5": [-5, 0, -107.5],
						"2.625": [5, 0, -107.5],
						"2.75": [-5, 0, -107.5],
						"2.875": [5, 0, -107.5],
						"3.0": [-5, 0, -107.5]
					}
				},
				"root": {
					"position": [0, -5, 0]
				},
				"eyelids": {
					"position": [0, 0, -0.05],
					"scale": 1.01
				},
				"snout": {
					"rotation": {
						"0.0": [0, 0, 0],
						"0.0833": [-2.5, 0, 0],
						"0.1667": [0, 0, 0],
						"0.25": [-2.5, 0, 0],
						"0.3333": [0, 0, 0]
					}
				},
				"left_ear": {
					"rotation": {
						"3.5": [0, 0, 0],
						"3.7083": [0, -57.5, 0],
						"4.5": [0, -57.5, 0],
						"4.6667": [0, 0, 0]
					}
				},
				"right_ear": {
					"rotation": {
						"1.5": [0, 0, 0],
						"1.7083": [0, 65, 0],
						"2.5": [0, 65, 0],
						"2.75": [0, 0, 0]
					}
				},
				"torso": {
					"rotation": [0, -90, 0],
					"scale": {
						"0.0": [1, 1, 1],
						"2.0": [1.05, 1.05, 1.05],
						"5.0": [1, 1, 1]
					}
				}
			}
		},
		"animation.fox.death": {
			"loop": "hold_on_last_frame",
			"animation_length": 1.25,
			"bones": {
				"root": {
					"rotation": {
						"0.0": [0, 0, 0],
						"0.25": [0, 0, -7.5],
						"0.75": [0, 0, 90],
						"0.8333": [0, 0, 87.5],
						"0.9167": [0, 0, 90]
					},
					"position": {
						"0.0": [0, 0, 0],
						"0.25": [-1, 0, 0],
						"0.75": [-1, 3, 0]
					}
				},
				"head": {
					"rotation": {
						"0.0": [0, 0, 0],
						"0.125": [0, -30, 0],
						"0.25": [0, -30, 0],
						"0.4583": [0, 30, 0],
						"0.75": [0, 30, 0],
						"0.9167": [0, 0, 0],
						"1.0417": [0, 5, 0],
						"1.1667": [0, 0, 0]
					}
				},
				"left_ear": {
					"rotation": {
						"0.0": [0, 0, 0],
						"0.125": [36.69146, -16.27014, -29.29198],
						"0.25": [36.69146, -16.27014, -29.29198],
						"0.4583": [27.20133, 53.58754, 9.97755],
						"0.75": [27.20133, 53.58754, 9.97755],
						"0.9583": [0, 0, 7.5]
					}
				},
				"right_ear": {
					"rotation": {
						"0.0": [0, 0, 0],
						"0.125": [36.69146, -16.27014, -29.29198],
						"0.25": [36.69146, -16.27014, -29.29198],
						"0.4583": [27.20133, 53.58754, 9.97755],
						"0.75": [27.20133, 53.58754, 9.97755],
						"0.9583": [0, 0, 30]
					}
				},
				"body": {
					"rotation": {
						"0.0": [0, 0, 0],
						"0.125": [0, 0, -7.5],
						"0.375": [0, 0, 0]
					}
				},
				"tail": {
					"rotation": {
						"0.0": [0, 0, 0],
						"0.125": [0, 0, -40],
						"0.25": [0, 0, -40],
						"0.4583": [0, 0, 40],
						"0.75": [0, 0, 40],
						"0.9167": [0, 0, -10],
						"1.0417": [0, 0, 0],
						"1.1667": [0, 0, -10]
					}
				},
				"leg0": {
					"rotation": {
						"0.0": [0, 0, 0],
						"0.125": [0, 0, -12.5],
						"0.25": [0, 0, 25],
						"0.5417": [0, 0, 37.5],
						"0.75": [0, 0, 37.5],
						"0.9167": [0, 0, -27.5],
						"1.0": [0, 0, -22.5],
						"1.1667": [0, 0, -27.5]
					},
					"position": {
						"0.0": [0, 0, 0],
						"0.125": [-1, 1, 0],
						"0.25": [0, 0, 0]
					}
				},
				"leg1": {
					"rotation": {
						"0.0833": [0, 0, 0],
						"0.2083": [0, 0, -17.5],
						"0.3333": [0, 0, 0],
						"0.4583": [0, 0, 12.5],
						"0.8333": [0, 0, 12.5],
						"1.0": [0, 0, 0],
						"1.0833": [0, 0, 2.5],
						"1.25": [0, 0, 0]
					},
					"position": {
						"0.0833": [0, 0, 0],
						"0.2083": [0, -1, 0],
						"0.3333": [0, 1, 0],
						"0.4583": [0, 0, 0]
					}
				},
				"leg2": {
					"rotation": {
						"0.0833": [0, 0, 0],
						"0.2083": [0, 0, -12.5],
						"0.3333": [0, 0, 25],
						"0.625": [0, 0, 37.5],
						"0.8333": [0, 0, 37.5],
						"1.0": [0, 0, -27.5],
						"1.0833": [0, 0, -22.5],
						"1.25": [0, 0, -27.5]
					},
					"position": {
						"0.0833": [0, 0, 0],
						"0.2083": [-1, 1, 0],
						"0.3333": [0, 0, 0]
					}
				},
				"leg3": {
					"rotation": {
						"0.0": [0, 0, 0],
						"0.125": [0, 0, -17.5],
						"0.25": [0, 0, 0],
						"0.375": [0, 0, 12.5],
						"0.75": [0, 0, 12.5],
						"0.9167": [0, 0, 0],
						"1.0": [0, 0, 2.5],
						"1.1667": [0, 0, 0]
					},
					"position": {
						"0.0": [0, 0, 0],
						"0.125": [0, -1, 0],
						"0.25": [0, 1, 0],
						"0.375": [0, 0, 0]
					}
				}
			}
		},
		"animation.fox.death_rot": {
			"loop": true,
			"bones": {
				"root": {
					"rotation": [0, 0, "Math.min(Math.sqrt(Math.max(0, query.anim_time * 20 - 0.5) / 20 * 1.6), 1) * -90"]
				}
			}
		}
	}
}