{
	"format_version": "1.8.0",
	"animations": {
		"animation.goat.baby_scaling": {
			"loop": true,
			"bones": {
				"head": {
					"position": [0, 2, 2],
					"scale": 1.4
				}
			}
		},
		"animation.goat.look_at_target": {
			"loop": true,
			"bones": {
				"head": {
					"relative_to": {
						"rotation": "entity"
					},
					"rotation": ["math.clamp(query.target_x_rotation, -40, 40)", "math.clamp(query.target_y_rotation, -45, 25)", 0]
				}
			}
		},
		"animation.goat.blink": {
			"loop": true,
			"animation_length": 3,
			"bones": {
				"left_eyelid": {
					"position": {
						"0.0": [-1, 0, 0],
						"0.4583": [0, 0, 0],
						"1.5": [-1, 0, 0],
						"3.0": [-1, 0, 0]
					}
				},
				"right_eyelid": {
					"position": {
						"0.0": [1, 0, 0],
						"0.4583": [0, 0, 0],
						"1.5": [1, 0, 0],
						"3.0": [1, 0, 0]
					}
				}
			}
		},
		"animation.goat.idle": {
			"loop": true,
			"animation_length": 1,
			"anim_time_update": "q.anim_time + q.delta_time * 0.4",
			"bones": {
				"body": {
					"position": {
						"0.0": {
							"post": [0, 0, 0],
							"lerp_mode": "catmullrom"
						},
						"0.5": {
							"post": [0, -0.5, 0],
							"lerp_mode": "catmullrom"
						},
						"1.0": {
							"post": [0, 0, 0],
							"lerp_mode": "catmullrom"
						}
					}
				},
				"head": {
					"rotation": {
						"0.0": {
							"post": [2.5, 0, 0],
							"lerp_mode": "catmullrom"
						},
						"0.25": {
							"post": [0, 0, 0],
							"lerp_mode": "catmullrom"
						},
						"0.5": {
							"post": [0, 0, 0],
							"lerp_mode": "catmullrom"
						},
						"0.75": {
							"post": [2.5, 0, 0],
							"lerp_mode": "catmullrom"
						},
						"1.0": {
							"post": [2.5, 0, 0],
							"lerp_mode": "catmullrom"
						}
					},
					"position": {
						"0.0": {
							"post": [0, 0, 0],
							"lerp_mode": "catmullrom"
						},
						"0.5": {
							"post": [0, -0.5, 0],
							"lerp_mode": "catmullrom"
						},
						"1.0": {
							"post": [0, 0, 0],
							"lerp_mode": "catmullrom"
						}
					}
				},
				"left_ear": {
					"rotation": {
						"0.3125": [0, 0, 0],
						"0.375": [0, 15, 0],
						"0.4375": [0, -15, 0],
						"0.5": [0, -15, 0],
						"0.5625": [0, 0, 0]
					}
				},
				"right_ear": {
					"rotation": {
						"0.3125": [0, 0, 0],
						"0.375": [0, -15, 0],
						"0.4375": [0, 15, 0],
						"0.5": [0, 15, 0],
						"0.5625": [0, 0, 0]
					}
				}
			}
		},
		"animation.goat.walk": {
			"loop": true,
			"animation_length": 1.5,
			"anim_time_update": "q.anim_time + (q.delta_time * (q.modified_move_speed * 5))",
			"bones": {
				"head": {
					"rotation": {
						"0.0": {
							"post": [0, 0, 0],
							"lerp_mode": "catmullrom"
						},
						"0.2083": {
							"post": [2.5, 0, 0],
							"lerp_mode": "catmullrom"
						},
						"0.375": {
							"post": [2.5, 0, 0],
							"lerp_mode": "catmullrom"
						},
						"0.5833": {
							"post": [0, 0, 0],
							"lerp_mode": "catmullrom"
						},
						"0.75": {
							"post": [0, 0, 0],
							"lerp_mode": "catmullrom"
						},
						"0.9583": {
							"post": [2.5, 0, 0],
							"lerp_mode": "catmullrom"
						},
						"1.125": {
							"post": [2.5, 0, 0],
							"lerp_mode": "catmullrom"
						},
						"1.3333": {
							"post": [0, 0, 0],
							"lerp_mode": "catmullrom"
						},
						"1.5": {
							"post": [0, 0, 0],
							"lerp_mode": "catmullrom"
						}
					},
					"position": {
						"0.0": {
							"post": [0, -1, 0],
							"lerp_mode": "catmullrom"
						},
						"0.375": {
							"post": [0, -0.5, 0],
							"lerp_mode": "catmullrom"
						},
						"0.5": {
							"post": [0, -0.5, 0],
							"lerp_mode": "catmullrom"
						},
						"0.75": {
							"post": [0, -1, 0],
							"lerp_mode": "catmullrom"
						},
						"1.125": {
							"post": [0, -0.5, 0],
							"lerp_mode": "catmullrom"
						},
						"1.25": {
							"post": [0, -0.5, 0],
							"lerp_mode": "catmullrom"
						},
						"1.5": {
							"post": [0, -1, 0],
							"lerp_mode": "catmullrom"
						}
					}
				},
				"left_ear": {
					"rotation": {
						"0.0": {
							"post": [0, 0, 0],
							"lerp_mode": "catmullrom"
						},
						"0.2083": {
							"post": [0, 0, 3.5],
							"lerp_mode": "catmullrom"
						},
						"0.375": {
							"post": [0, 0, 3.5],
							"lerp_mode": "catmullrom"
						},
						"0.5833": {
							"post": [0, 0, 0],
							"lerp_mode": "catmullrom"
						},
						"0.75": {
							"post": [0, 0, 0],
							"lerp_mode": "catmullrom"
						},
						"0.9583": {
							"post": [0, 0, 3.5],
							"lerp_mode": "catmullrom"
						},
						"1.125": {
							"post": [0, 0, 3.5],
							"lerp_mode": "catmullrom"
						},
						"1.3333": {
							"post": [0, 0, 0],
							"lerp_mode": "catmullrom"
						},
						"1.5": {
							"post": [0, 0, 0],
							"lerp_mode": "catmullrom"
						}
					}
				},
				"right_ear": {
					"rotation": {
						"0.0": {
							"post": [0, 0, 0],
							"lerp_mode": "catmullrom"
						},
						"0.2083": {
							"post": [0, 0, -3.5],
							"lerp_mode": "catmullrom"
						},
						"0.375": {
							"post": [0, 0, -3.5],
							"lerp_mode": "catmullrom"
						},
						"0.5833": {
							"post": [0, 0, 0],
							"lerp_mode": "catmullrom"
						},
						"0.75": {
							"post": [0, 0, 0],
							"lerp_mode": "catmullrom"
						},
						"0.9583": {
							"post": [0, 0, -3.5],
							"lerp_mode": "catmullrom"
						},
						"1.125": {
							"post": [0, 0, -3.5],
							"lerp_mode": "catmullrom"
						},
						"1.3333": {
							"post": [0, 0, 0],
							"lerp_mode": "catmullrom"
						},
						"1.5": {
							"post": [0, 0, 0],
							"lerp_mode": "catmullrom"
						}
					}
				},
				"body": {
					"rotation": {
						"0.0": {
							"post": [0, 0, 1.5],
							"lerp_mode": "catmullrom"
						},
						"0.375": {
							"post": [0, 0, 0],
							"lerp_mode": "catmullrom"
						},
						"0.75": {
							"post": [0, 0, -1.5],
							"lerp_mode": "catmullrom"
						},
						"1.125": {
							"post": [0, 0, 0],
							"lerp_mode": "catmullrom"
						},
						"1.5": {
							"post": [0, 0, 1.5],
							"lerp_mode": "catmullrom"
						}
					},
					"position": {
						"0.0": {
							"post": [0, -1, 0],
							"lerp_mode": "catmullrom"
						},
						"0.375": {
							"post": [0, -0.5, 0],
							"lerp_mode": "catmullrom"
						},
						"0.75": {
							"post": [0, -1, 0],
							"lerp_mode": "catmullrom"
						},
						"1.125": {
							"post": [0, -0.5, 0],
							"lerp_mode": "catmullrom"
						},
						"1.5": {
							"post": [0, -1, 0],
							"lerp_mode": "catmullrom"
						}
					}
				},
				"left_front_leg": {
					"rotation": {
						"0.0": {
							"post": [30, 0, 0],
							"lerp_mode": "catmullrom"
						},
						"0.5": {
							"post": [-37.5, 0, 0],
							"lerp_mode": "catmullrom"
						},
						"1.5": {
							"post": [30, 0, 0],
							"lerp_mode": "catmullrom"
						}
					},
					"position": {
						"0.0": {
							"post": [0, -0.25, 2],
							"lerp_mode": "catmullrom"
						},
						"0.25": {
							"post": [0, 2, 1.46],
							"lerp_mode": "catmullrom"
						},
						"0.5": {
							"post": [0, -0.53, 0.61],
							"lerp_mode": "catmullrom"
						},
						"0.875": {
							"post": [0, 0.02, -0.73],
							"lerp_mode": "catmullrom"
						},
						"1.5": {
							"post": [0, -0.25, 2],
							"lerp_mode": "catmullrom"
						}
					}
				},
				"right_front_leg": {
					"rotation": {
						"0.0": {
							"post": [-25.15, 0, 0],
							"lerp_mode": "catmullrom"
						},
						"0.125": {
							"post": [-18.48, 0, 0],
							"lerp_mode": "catmullrom"
						},
						"0.5": {
							"post": [21.04, 0, 0],
							"lerp_mode": "catmullrom"
						},
						"0.75": {
							"post": [30, 0, 0],
							"lerp_mode": "catmullrom"
						},
						"1.2083": {
							"post": [-37.5, 0, 0],
							"lerp_mode": "catmullrom"
						},
						"1.5": {
							"post": [-25.15, 0, 0],
							"lerp_mode": "catmullrom"
						}
					},
					"position": {
						"0.0": {
							"post": [0, -0.18, -0.52],
							"lerp_mode": "catmullrom"
						},
						"0.125": {
							"post": [0, -0.18, -0.52],
							"lerp_mode": "catmullrom"
						},
						"0.5": {
							"post": [0, -0.21, 1.37],
							"lerp_mode": "catmullrom"
						},
						"0.75": {
							"post": [0, -0.25, 2],
							"lerp_mode": "catmullrom"
						},
						"1.0": {
							"post": [0, 2, 1.46],
							"lerp_mode": "catmullrom"
						},
						"1.25": {
							"post": [0, -0.53, 0.61],
							"lerp_mode": "catmullrom"
						},
						"1.5": {
							"post": [0, -0.18, -0.52],
							"lerp_mode": "catmullrom"
						}
					}
				},
				"left_back_leg": {
					"rotation": {
						"0.0": {
							"post": [-37.5, 0, 0],
							"lerp_mode": "catmullrom"
						},
						"1.0": {
							"post": [30, 0, 0],
							"lerp_mode": "catmullrom"
						},
						"1.5": {
							"post": [-37.5, 0, 0],
							"lerp_mode": "catmullrom"
						}
					},
					"position": {
						"0.0": {
							"post": [0, -0.53, 0.61],
							"lerp_mode": "catmullrom"
						},
						"0.375": {
							"post": [0, 0.02, -0.73],
							"lerp_mode": "catmullrom"
						},
						"1.0": {
							"post": [0, -0.25, 2],
							"lerp_mode": "catmullrom"
						},
						"1.25": {
							"post": [0, 2, 1.46],
							"lerp_mode": "catmullrom"
						},
						"1.5": {
							"post": [0, -0.53, 0.61],
							"lerp_mode": "catmullrom"
						}
					}
				},
				"right_back_leg": {
					"rotation": {
						"0.0": {
							"post": [21.04, 0, 0],
							"lerp_mode": "catmullrom"
						},
						"0.25": {
							"post": [30, 0, 0],
							"lerp_mode": "catmullrom"
						},
						"0.75": {
							"post": [-37.5, 0, 0],
							"lerp_mode": "catmullrom"
						},
						"1.5": {
							"post": [21.04, 0, 0],
							"lerp_mode": "catmullrom"
						}
					},
					"position": {
						"0.0": {
							"post": [0, -0.21, 1.37],
							"lerp_mode": "catmullrom"
						},
						"0.25": {
							"post": [0, -0.25, 2],
							"lerp_mode": "catmullrom"
						},
						"0.5": {
							"post": [0, 2, 1.46],
							"lerp_mode": "catmullrom"
						},
						"0.75": {
							"post": [0, -0.53, 0.61],
							"lerp_mode": "catmullrom"
						},
						"1.125": {
							"post": [0, 0.02, -0.73],
							"lerp_mode": "catmullrom"
						},
						"1.5": {
							"post": [0, -0.21, 1.37],
							"lerp_mode": "catmullrom"
						}
					}
				},
				"beard": {
					"rotation": {
						"0.0": {
							"post": [0, 0, 0],
							"lerp_mode": "catmullrom"
						},
						"0.1667": {
							"post": [0, 0, 0],
							"lerp_mode": "catmullrom"
						},
						"0.375": {
							"post": [2.5, 0, 0],
							"lerp_mode": "catmullrom"
						},
						"0.5417": {
							"post": [2.5, 0, 0],
							"lerp_mode": "catmullrom"
						},
						"0.75": {
							"post": [0, 0, 0],
							"lerp_mode": "catmullrom"
						},
						"0.9167": {
							"post": [0, 0, 0],
							"lerp_mode": "catmullrom"
						},
						"1.125": {
							"post": [2.5, 0, 0],
							"lerp_mode": "catmullrom"
						},
						"1.2917": {
							"post": [2.5, 0, 0],
							"lerp_mode": "catmullrom"
						},
						"1.5": {
							"post": [0, 0, 0],
							"lerp_mode": "catmullrom"
						}
					}
				}
			}
		},
		"animation.goat.run": {
			"loop": true,
			"animation_length": 1,
			"anim_time_update": "q.anim_time + (q.delta_time * (q.modified_move_speed * 3.5))",
			"bones": {
				"head": {
					"rotation": {
						"0.0": {
							"post": [0, 0, 0],
							"lerp_mode": "catmullrom"
						},
						"0.25": {
							"post": [0, 0, 0],
							"lerp_mode": "catmullrom"
						},
						"0.5": {
							"post": [5, 0, 0],
							"lerp_mode": "catmullrom"
						},
						"0.75": {
							"post": [5, 0, 0],
							"lerp_mode": "catmullrom"
						},
						"1.0": {
							"post": [0, 0, 0],
							"lerp_mode": "catmullrom"
						}
					},
					"position": {
						"0.0": {
							"post": [0, -2, 0],
							"lerp_mode": "catmullrom"
						},
						"0.5": {
							"post": [0, -0.5, 1],
							"lerp_mode": "catmullrom"
						},
						"1.0": {
							"post": [0, -2, 0],
							"lerp_mode": "catmullrom"
						}
					}
				},
				"left_ear": {
					"rotation": {
						"0.0": [0, 0, -10],
						"0.25": [0, 0, 10],
						"0.5": [0, 0, 10],
						"0.75": [0, 0, -10],
						"1.0": [0, 0, -10]
					}
				},
				"right_ear": {
					"rotation": {
						"0.0": [0, 0, 10],
						"0.25": [0, 0, -10],
						"0.5": [0, 0, -10],
						"0.75": [0, 0, 10],
						"1.0": [0, 0, 10]
					}
				},
				"body": {
					"rotation": {
						"0.0": {
							"post": [5, 0, 0],
							"lerp_mode": "catmullrom"
						},
						"0.5": {
							"post": [-5, 0, 0],
							"lerp_mode": "catmullrom"
						},
						"1.0": {
							"post": [5, 0, 0],
							"lerp_mode": "catmullrom"
						}
					},
					"position": {
						"0.0": {
							"post": [0, -1, 0],
							"lerp_mode": "catmullrom"
						},
						"0.25": {
							"post": [0, 0, 0],
							"lerp_mode": "catmullrom"
						},
						"0.5": {
							"post": [0, 0, 0],
							"lerp_mode": "catmullrom"
						},
						"0.75": {
							"post": [0, -1, 0],
							"lerp_mode": "catmullrom"
						},
						"1.0": {
							"post": [0, -1, 0],
							"lerp_mode": "catmullrom"
						}
					}
				},
				"left_front_leg": {
					"rotation": {
						"0.0": {
							"post": [30, 0, 0],
							"lerp_mode": "catmullrom"
						},
						"0.3333": {
							"post": [-37.5, 0, 0],
							"lerp_mode": "catmullrom"
						},
						"1.0": {
							"post": [30, 0, 0],
							"lerp_mode": "catmullrom"
						}
					},
					"position": {
						"0.0": {
							"post": [0, -0.25, 2],
							"lerp_mode": "catmullrom"
						},
						"0.1667": {
							"post": [0, 2, 1.46],
							"lerp_mode": "catmullrom"
						},
						"0.3333": {
							"post": [0, -0.53, 0.61],
							"lerp_mode": "catmullrom"
						},
						"0.5833": {
							"post": [0, 0.02, -0.73],
							"lerp_mode": "catmullrom"
						},
						"1.0": {
							"post": [0, -0.25, 2],
							"lerp_mode": "catmullrom"
						}
					}
				},
				"right_front_leg": {
					"rotation": {
						"0.0": {
							"post": [24.08, 0, 0],
							"lerp_mode": "catmullrom"
						},
						"0.125": {
							"post": [30, 0, 0],
							"lerp_mode": "catmullrom"
						},
						"0.3333": {
							"post": [-12.97, 0, 0],
							"lerp_mode": "catmullrom"
						},
						"0.4583": {
							"post": [-37.5, 0, 0],
							"lerp_mode": "catmullrom"
						},
						"1.0": {
							"post": [24.08, 0, 0],
							"lerp_mode": "catmullrom"
						}
					},
					"position": {
						"0.0": {
							"post": [0, -0.3, 1.42],
							"lerp_mode": "catmullrom"
						},
						"0.125": {
							"post": [0, -0.25, 2],
							"lerp_mode": "catmullrom"
						},
						"0.3333": {
							"post": [0, 1.42, 1.17],
							"lerp_mode": "catmullrom"
						},
						"0.4583": {
							"post": [0, -0.53, 0.61],
							"lerp_mode": "catmullrom"
						},
						"0.7083": {
							"post": [0, 0.02, -0.73],
							"lerp_mode": "catmullrom"
						},
						"1.0": {
							"post": [0, -0.3, 1.42],
							"lerp_mode": "catmullrom"
						}
					}
				},
				"left_back_leg": {
					"rotation": {
						"0.0": {
							"post": [-37.5, 0, 0],
							"lerp_mode": "catmullrom"
						},
						"0.6667": {
							"post": [30, 0, 0],
							"lerp_mode": "catmullrom"
						},
						"1.0": {
							"post": [-37.5, 0, 0],
							"lerp_mode": "catmullrom"
						}
					},
					"position": {
						"0.0": {
							"post": [0, -0.53, 0.61],
							"lerp_mode": "catmullrom"
						},
						"0.25": {
							"post": [0, 0.02, -0.73],
							"lerp_mode": "catmullrom"
						},
						"0.6667": {
							"post": [0, -0.25, 2],
							"lerp_mode": "catmullrom"
						},
						"0.8333": {
							"post": [0, 2, 1.46],
							"lerp_mode": "catmullrom"
						},
						"1.0": {
							"post": [0, -0.53, 0.61],
							"lerp_mode": "catmullrom"
						}
					}
				},
				"right_back_leg": {
					"rotation": {
						"0.0": {
							"post": [-12.97, 0, 0],
							"lerp_mode": "catmullrom"
						},
						"0.125": {
							"post": [-37.5, 0, 0],
							"lerp_mode": "catmullrom"
						},
						"0.7917": {
							"post": [30, 0, 0],
							"lerp_mode": "catmullrom"
						},
						"1.0": {
							"post": [-12.97, 0, 0],
							"lerp_mode": "catmullrom"
						}
					},
					"position": {
						"0.0": {
							"post": [0, 1.42, 1.17],
							"lerp_mode": "catmullrom"
						},
						"0.125": {
							"post": [0, -0.53, 0.61],
							"lerp_mode": "catmullrom"
						},
						"0.375": {
							"post": [0, 0.02, -0.73],
							"lerp_mode": "catmullrom"
						},
						"0.7917": {
							"post": [0, -0.25, 2],
							"lerp_mode": "catmullrom"
						},
						"1.0": {
							"post": [0, 1.42, 1.17],
							"lerp_mode": "catmullrom"
						}
					}
				},
				"beard": {
					"rotation": {
						"0.0": {
							"post": [-10, 0, 0],
							"lerp_mode": "catmullrom"
						},
						"0.25": {
							"post": [15, 0, 0],
							"lerp_mode": "catmullrom"
						},
						"0.5": {
							"post": [5, 0, 0],
							"lerp_mode": "catmullrom"
						},
						"0.75": {
							"post": [-30, 0, 0],
							"lerp_mode": "catmullrom"
						},
						"1.0": {
							"post": [-10, 0, 0],
							"lerp_mode": "catmullrom"
						}
					}
				}
			}
		},
		"animation.goat.ram_attack": {
			"loop": "hold_on_last_frame",
			"animation_length": 0.25,
			"bones": {
				"head": {
					"rotation": {
						"0.0": [0, 0, 0],
						"0.25": [60, 0, 0]
					},
					"position": {
						"0.0": [0, 0, 0],
						"0.25": [0, -8, -3]
					}
				}
			}
		},
		"animation.goat.death1": {
			"loop": "hold_on_last_frame",
			"animation_length": 1.66667,
			"anim_time_update": "q.anim_time + q.delta_time * 2",
			"bones": {
				"root": {
					"rotation": {
						"0.0": [0, 0, 0],
						"0.25": [0, 0, -5],
						"0.5417": [0, 0, 0],
						"1.1667": [0, 0, -90],
						"1.3333": [0, 0, -87.5],
						"1.5417": [0, 0, -90]
					},
					"position": {
						"0.0": [0, 0, 0],
						"0.5417": [0, 0, 0],
						"1.1667": [0, 4, 0]
					}
				},
				"head": {
					"rotation": {
						"0.0": [0, 0, 0],
						"0.2083": [22.5, 0, 0],
						"0.5417": [0, 0, 0],
						"0.8333": [0, -52.5, 0],
						"1.1667": [0, -52.5, 0],
						"1.375": [-4.91844, 21.84587, -18.68963],
						"1.5": [-4.77002, 16.8637, -18.24225],
						"1.6667": [-4.91844, 21.84587, -18.68963]
					},
					"position": {
						"0.0": [0, 0, 0],
						"0.1667": [0, 0.5, 0],
						"0.375": [0, 2.5, 0],
						"0.5417": [0, 0.5, 0]
					}
				},
				"left_ear": {
					"rotation": {
						"0.0": [0, 0, 0],
						"0.2083": [0, 0, 25],
						"0.5417": [0, 0, -17.5],
						"0.7917": [0, 47.5, -17.5],
						"1.1667": [0, 47.5, -17.5],
						"1.3333": [0, -82.5, -17.5],
						"1.4583": [0, -75, -17.5],
						"1.625": [0, -82.5, -17.5]
					}
				},
				"right_ear": {
					"rotation": {
						"0.0": [0, 0, 0],
						"0.2083": [0, 0, 25],
						"0.5417": [0, 0, -17.5],
						"0.7917": [0, 5, -17.5],
						"1.0": [0, -42.5, -17.5],
						"1.3333": [0, -82.5, -17.5],
						"1.4583": [0, -75, -17.5],
						"1.625": [0, -82.5, -17.5]
					}
				},
				"body": {
					"rotation": {
						"0.0": [0, 0, 0],
						"0.375": [-15, 0, 0]
					},
					"position": {
						"0.0": [0, 0, 0],
						"0.1667": [0, -0.11, 0],
						"0.375": [0, 2, 0],
						"0.625": [0, 0, 0]
					}
				},
				"left_front_leg": {
					"rotation": {
						"0.0": [0, 0, 0],
						"0.1667": [-25, 0, 0],
						"0.3333": [25, 0, 0],
						"0.5": [-25, 0, 0],
						"0.8333": [-12.15123, -22.01609, -60.12771],
						"1.125": [-21.46872, -13.12479, -30.00135],
						"1.2917": [-24.24769, 6.27967, 13.64973],
						"1.4583": [-24.81197, 3.1622, 6.80423],
						"1.625": [-24.24769, 6.27967, 13.64973]
					},
					"position": {
						"0.0": [0, 0, 0],
						"0.25": [0, 2, 0],
						"0.375": [0, 2, 0],
						"0.625": [0, 0, 0]
					}
				},
				"right_front_leg": {
					"rotation": {
						"0.0": [0, 0, 0],
						"0.1667": [25, 0, 0],
						"0.3333": [-25, 0, 0],
						"0.5": [25, 0, 0],
						"0.625": [22.47096, -11.2531, 25.25766],
						"0.9583": [23.97594, 7.30111, -15.9477],
						"1.1667": [23.97594, 7.30111, -15.9477],
						"1.2917": [24.47761, -5.24826, 11.36081],
						"1.4167": [24.81197, -3.1622, 6.80423],
						"1.5417": [24.47761, -5.24826, 11.36081]
					},
					"position": {
						"0.0": [0, 0, 0],
						"0.25": [0, 2, 0],
						"0.375": [0, 2, 0],
						"0.625": [0, 0, 0]
					}
				},
				"left_back_leg": {
					"rotation": {
						"0.5": [0, 0, 0],
						"0.75": [7.5, 0, 0],
						"1.0": [14.33501, 4.46375, -16.93839],
						"1.2917": [-13.952, 16.0173, 19.40329],
						"1.4167": [-15.28425, 14.75459, 14.38529],
						"1.5417": [-13.952, 16.0173, 19.40329]
					},
					"position": {
						"0.5": [0, -0.25, 2],
						"0.75": [0, 2, 1.46],
						"1.0": [1, -0.53, 0.61],
						"1.1667": [0, 0, 0]
					}
				},
				"right_back_leg": {
					"rotation": {
						"0.0": [0, 0, 0],
						"0.25": [7.5, 0, 0],
						"0.5": [14.33501, -4.46375, 16.93839],
						"0.875": [14.33501, -4.46375, 16.93839],
						"1.1667": [14.78217, -2.57594, 9.6658]
					},
					"position": {
						"0.0": [0, -0.25, 2],
						"0.25": [0, 2, 1.46],
						"0.5": [-1, -0.53, 0.61],
						"0.875": [-1, 1.47, 0.61],
						"1.1667": [0, 0, 0]
					}
				},
				"beard": {
					"rotation": {
						"0.0": [0, 0, 0],
						"0.2083": [-35, 0, 0],
						"0.375": [20, 0, 0],
						"0.625": [0, 0, 0],
						"0.8333": [-44.31282, -8.80348, -41.40928],
						"1.2083": [-44.31282, -8.80348, -41.40928],
						"1.4167": [-32.1612, 1.24766, 47.66607]
					}
				}
			}
		},
		"animation.goat.death2": {
			"loop": "hold_on_last_frame",
			"animation_length": 1.66667,
			"anim_time_update": "q.anim_time + q.delta_time * 2",
			"bones": {
				"root": {
					"rotation": {
						"0.0": [0, 0, 0],
						"0.25": [0, 0, 5],
						"0.5417": [0, 0, 0],
						"1.1667": [0, 0, 90],
						"1.3333": [0, 0, 87.5],
						"1.5417": [0, 0, 90]
					},
					"position": {
						"0.0": [0, 0, 0],
						"0.5417": [0, 0, 0],
						"1.1667": [0, 4, 0]
					}
				},
				"head": {
					"rotation": {
						"0.0": [0, 0, 0],
						"0.2083": [22.5, 0, 0],
						"0.5417": [0, 0, 0],
						"0.8333": [0, 52.5, 0],
						"1.1667": [0, 52.5, 0],
						"1.375": [-4.91844, -21.84587, 18.68963],
						"1.5": [-4.77002, -16.8637, 18.24225],
						"1.6667": [-4.91844, -21.84587, 18.68963]
					},
					"position": {
						"0.0": [0, 0, 0],
						"0.1667": [0, 0.5, 0],
						"0.375": [0, 2.5, 0],
						"0.5417": [0, 0.5, 0]
					}
				},
				"left_ear": {
					"rotation": {
						"0.0": [0, 0, 0],
						"0.2083": [0, 0, -25],
						"0.5417": [0, 0, 17.5],
						"0.7917": [0, -47.5, 17.5],
						"1.1667": [0, -47.5, 17.5],
						"1.3333": [0, 82.5, 17.5],
						"1.4583": [0, 75, 17.5],
						"1.625": [0, 82.5, 17.5]
					}
				},
				"right_ear": {
					"rotation": {
						"0.0": [0, 0, 0],
						"0.2083": [0, 0, -25],
						"0.5417": [0, 0, 17.5],
						"0.7917": [0, -5, 17.5],
						"1.0": [0, 42.5, 17.5],
						"1.3333": [0, 82.5, 17.5],
						"1.4583": [0, 75, 17.5],
						"1.625": [0, 82.5, 17.5]
					}
				},
				"body": {
					"rotation": {
						"0.0": [0, 0, 0],
						"0.375": [-15, 0, 0]
					},
					"position": {
						"0.0": [0, 0, 0],
						"0.1667": [0, -0.11, 0],
						"0.375": [0, 2, 0],
						"0.625": [0, 0, 0]
					}
				},
				"left_front_leg": {
					"rotation": {
						"0.0": [0, 0, 0],
						"0.1667": [-25, 0, 0],
						"0.3333": [25, 0, 0],
						"0.5": [-25, 0, 0],
						"0.8333": [-12.15123, 22.01609, 60.12771],
						"1.125": [-21.46872, 13.12479, 30.00135],
						"1.2917": [-24.24769, -6.27967, -13.64973],
						"1.4583": [-24.81197, -3.1622, -6.80423],
						"1.625": [-24.24769, -6.27967, -13.64973]
					},
					"position": {
						"0.0": [0, 0, 0],
						"0.25": [0, 2, 0],
						"0.375": [0, 2, 0],
						"0.625": [0, 0, 0]
					}
				},
				"right_front_leg": {
					"rotation": {
						"0.0": [0, 0, 0],
						"0.1667": [25, 0, 0],
						"0.3333": [-25, 0, 0],
						"0.5": [25, 0, 0],
						"0.625": [22.47096, 11.2531, -25.25766],
						"0.9583": [23.97594, -7.30111, 15.9477],
						"1.1667": [23.97594, -7.30111, 15.9477],
						"1.2917": [24.47761, 5.24826, -11.36081],
						"1.4167": [24.81197, 3.1622, -6.80423],
						"1.5417": [24.47761, 5.24826, -11.36081]
					},
					"position": {
						"0.0": [0, 0, 0],
						"0.25": [0, 2, 0],
						"0.375": [0, 2, 0],
						"0.625": [0, 0, 0]
					}
				},
				"left_back_leg": {
					"rotation": {
						"0.5": [0, 0, 0],
						"0.75": [7.5, 0, 0],
						"1.0": [14.33501, -4.46375, 16.93839],
						"1.2917": [-13.952, -16.0173, -19.40329],
						"1.4167": [-15.28425, -14.75459, -14.38529],
						"1.5417": [-13.952, -16.0173, -19.40329]
					},
					"position": {
						"0.5": [0, -0.25, 2],
						"0.75": [0, 2, 1.46],
						"1.0": [-1, -0.53, 0.61],
						"1.1667": [0, 0, 0]
					}
				},
				"right_back_leg": {
					"rotation": {
						"0.0": [0, 0, 0],
						"0.25": [7.5, 0, 0],
						"0.5": [14.33501, 4.46375, -16.93839],
						"0.875": [14.33501, 4.46375, -16.93839],
						"1.1667": [14.78217, 2.57594, -9.6658]
					},
					"position": {
						"0.0": [0, -0.25, 2],
						"0.25": [0, 2, 1.46],
						"0.5": [1, -0.53, 0.61],
						"0.875": [1, 1.47, 0.61],
						"1.1667": [0, 0, 0]
					}
				},
				"beard": {
					"rotation": {
						"0.0": [0, 0, 0],
						"0.2083": [-35, 0, 0],
						"0.375": [20, 0, 0],
						"0.625": [0, 0, 0],
						"0.8333": [-44.31282, 8.80348, 41.40928],
						"1.2083": [-44.31282, 8.80348, 41.40928],
						"1.4167": [-32.1612, -1.24766, -47.66607]
					}
				}
			}
		},
		"animation.goat.death_rot": {
			"loop": true,
			"bones": {
				"root": {
					"rotation": [0, 0, "Math.min(Math.sqrt(Math.max(0, query.anim_time * 20 - 0.5) / 20 * 1.6), 1) * -90"]
				}
			}
		}
	}
}