{
	"format_version": "1.8.0",
	"animations": {
		"animation.irongolem.idle": {
			"loop": true,
			"animation_length": 2,
			"bones": {
				"rightLeg": {
					"rotation": [-5, 10, 0]
				},
				"leftLeg": {
					"rotation": [2.5, -10, -2.5]
				},
				"spine": {
					"rotation": {
						"0.0": {
							"post": [0, 0, 0],
							"lerp_mode": "catmullrom"
						},
						"0.5": {
							"post": [-2.5, 0, 0],
							"lerp_mode": "catmullrom"
						},
						"1.0": {
							"post": [-2.5, 0, 0],
							"lerp_mode": "catmullrom"
						},
						"1.5": {
							"post": [0, 0, 0],
							"lerp_mode": "catmullrom"
						},
						"2.0": {
							"post": [0, 0, 0],
							"lerp_mode": "catmullrom"
						}
					}
				},
				"rightArm": {
					"rotation": {
						"0.0": {
							"post": [5, 0, 2.5],
							"lerp_mode": "catmullrom"
						},
						"1.0": {
							"post": [-2.5, 0, 2.5],
							"lerp_mode": "catmullrom"
						},
						"2.0": {
							"post": [5, 0, 2.5],
							"lerp_mode": "catmullrom"
						}
					}
				},
				"leftArm": {
					"rotation": {
						"0.0": {
							"post": [0, 0, -2.5],
							"lerp_mode": "catmullrom"
						},
						"1.0": {
							"post": [-5, 0, -2.5],
							"lerp_mode": "catmullrom"
						},
						"2.0": {
							"post": [0, 0, -2.5],
							"lerp_mode": "catmullrom"
						}
					}
				},
				"leftElbow": {
					"rotation": {
						"0.0": {
							"post": [-10, 0, 0],
							"lerp_mode": "catmullrom"
						},
						"0.5": {
							"post": [-2.5, 0, 0],
							"lerp_mode": "catmullrom"
						},
						"1.0": {
							"post": [0, 0, 0],
							"lerp_mode": "catmullrom"
						},
						"1.5": {
							"post": [-12.5, 0, 0],
							"lerp_mode": "catmullrom"
						},
						"2.0": {
							"post": [-10, 0, 0],
							"lerp_mode": "catmullrom"
						}
					}
				},
				"rightElbow": {
					"rotation": {
						"0.0833": {
							"pre": [-10, 0, 0],
							"post": [-10, 0, 0],
							"lerp_mode": "catmullrom"
						},
						"0.5": {
							"post": [-12.5, 0, 0],
							"lerp_mode": "catmullrom"
						},
						"0.9583": {
							"post": [0, 0, 0],
							"lerp_mode": "catmullrom"
						},
						"1.5833": {
							"post": [-2.5, 0, 0],
							"lerp_mode": "catmullrom"
						},
						"2.0": {
							"post": [-10, 0, 0],
							"lerp_mode": "catmullrom"
						}
					}
				},
				"root": {
					"rotation": {
						"0.0": {
							"post": [0, 0, 0],
							"lerp_mode": "catmullrom"
						},
						"0.9583": {
							"post": [2.5, 0, 0],
							"lerp_mode": "catmullrom"
						},
						"2.0": {
							"post": [0, 0, 0],
							"lerp_mode": "catmullrom"
						}
					}
				}
			}
		},
		"animation.irongolem.walk": {
			"loop": true,
			"animation_length": 1.5,
			"anim_time_update": "q.anim_time + (q.delta_time * (q.modified_move_speed * 1.6))",
			"bones": {
				"root": {
					"position": {
						"0.0": {
							"post": [0, -3, 0],
							"lerp_mode": "catmullrom"
						},
						"0.2083": {
							"post": [0, -1, 0],
							"lerp_mode": "catmullrom"
						},
						"0.5": {
							"post": [0, -0.5, 0],
							"lerp_mode": "catmullrom"
						},
						"0.7083": {
							"post": [0, -3, 0],
							"lerp_mode": "catmullrom"
						},
						"0.875": {
							"post": [0, -1, 0],
							"lerp_mode": "catmullrom"
						},
						"1.0833": {
							"post": [0, 0.5, 0],
							"lerp_mode": "catmullrom"
						},
						"1.3333": {
							"post": [0, -0.5, 0],
							"lerp_mode": "catmullrom"
						},
						"1.5": {
							"post": [0, -3, 0],
							"lerp_mode": "catmullrom"
						}
					}
				},
				"rightLeg": {
					"rotation": {
						"0.0": {
							"post": [37.5, 0, 0],
							"lerp_mode": "catmullrom"
						},
						"0.75": {
							"post": [-35, 0, 0],
							"lerp_mode": "catmullrom"
						},
						"1.5": {
							"post": [37.5, 0, 0],
							"lerp_mode": "catmullrom"
						}
					},
					"position": {
						"0.0": {
							"post": [0, 1, 1],
							"lerp_mode": "catmullrom"
						},
						"0.2083": {
							"post": [0, 2, 1],
							"lerp_mode": "catmullrom"
						},
						"0.7083": {
							"post": [0, 2, -2],
							"lerp_mode": "catmullrom"
						},
						"0.7917": {
							"post": [0, 0, -2],
							"lerp_mode": "catmullrom"
						},
						"1.3333": {
							"post": [0, 0, 1],
							"lerp_mode": "catmullrom"
						},
						"1.5": {
							"post": [0, 1, 1],
							"lerp_mode": "catmullrom"
						}
					}
				},
				"leftLeg": {
					"rotation": {
						"0.0": {
							"post": [-35, 0, 0],
							"lerp_mode": "catmullrom"
						},
						"0.75": {
							"post": [37.5, 0, 0],
							"lerp_mode": "catmullrom"
						},
						"1.5": {
							"post": [-35, 0, 0],
							"lerp_mode": "catmullrom"
						}
					},
					"position": {
						"0.0": {
							"post": [0, 0.5, -2],
							"lerp_mode": "catmullrom"
						},
						"0.0833": {
							"post": [0, 0, -2],
							"lerp_mode": "catmullrom"
						},
						"0.625": {
							"post": [0, 0, 1],
							"lerp_mode": "catmullrom"
						},
						"0.875": {
							"post": [0, 2, 1],
							"lerp_mode": "catmullrom"
						},
						"1.375": {
							"post": [0, 2, -2],
							"lerp_mode": "catmullrom"
						},
						"1.5": {
							"post": [0, 0.5, -2],
							"lerp_mode": "catmullrom"
						}
					}
				},
				"spine": {
					"rotation": {
						"0.0": {
							"post": [2.5, 0, 0],
							"lerp_mode": "catmullrom"
						},
						"0.0833": {
							"post": [5, 0, 0],
							"lerp_mode": "catmullrom"
						},
						"0.5833": {
							"post": [0, 0, 0],
							"lerp_mode": "catmullrom"
						},
						"0.7917": {
							"post": [5, 0, 0],
							"lerp_mode": "catmullrom"
						},
						"1.0": {
							"post": [0, 0, 0],
							"lerp_mode": "catmullrom"
						},
						"1.375": {
							"post": [0, 0, 0],
							"lerp_mode": "catmullrom"
						},
						"1.5": {
							"post": [2.5, 0, 0],
							"lerp_mode": "catmullrom"
						}
					},
					"position": {
						"0.0": {
							"post": [0, -1, 0],
							"lerp_mode": "catmullrom"
						},
						"0.125": {
							"post": [0, 0, 0],
							"lerp_mode": "catmullrom"
						},
						"0.375": {
							"post": [0, 0, 0],
							"lerp_mode": "catmullrom"
						},
						"0.5833": {
							"post": [0, -1, 0],
							"lerp_mode": "catmullrom"
						},
						"0.75": {
							"post": [0, -1, 0],
							"lerp_mode": "catmullrom"
						},
						"0.875": {
							"post": [0, 0, 0],
							"lerp_mode": "catmullrom"
						},
						"1.125": {
							"post": [0, 0, 0],
							"lerp_mode": "catmullrom"
						},
						"1.3333": {
							"post": [0, -1, 0],
							"lerp_mode": "catmullrom"
						},
						"1.5": {
							"post": [0, -1, 0],
							"lerp_mode": "catmullrom"
						}
					}
				},
				"head": {
					"rotation": {
						"0.0": {
							"post": [-2.5, 0, 0],
							"lerp_mode": "catmullrom"
						},
						"0.2083": {
							"post": [2.5, 0, 0],
							"lerp_mode": "catmullrom"
						},
						"0.4583": {
							"post": [5, 0, 0],
							"lerp_mode": "catmullrom"
						},
						"0.625": {
							"post": [-5, 0, 0],
							"lerp_mode": "catmullrom"
						},
						"0.7917": {
							"post": [-5, 0, 0],
							"lerp_mode": "catmullrom"
						},
						"0.9583": {
							"post": [5, 0, 0],
							"lerp_mode": "catmullrom"
						},
						"1.25": {
							"post": [5, 0, 0],
							"lerp_mode": "catmullrom"
						},
						"1.5": {
							"post": [-2.5, 0, 0],
							"lerp_mode": "catmullrom"
						}
					}
				},
				"rightArm": {
					"rotation": {
						"0.0": {
							"post": [-30, -12.5, 10],
							"lerp_mode": "catmullrom"
						},
						"0.7917": {
							"post": [30, 0, 7.5],
							"lerp_mode": "catmullrom"
						},
						"1.5": {
							"post": [-30, -12.5, 10],
							"lerp_mode": "catmullrom"
						}
					},
					"position": {
						"0.0": {
							"post": [0, 0, 0],
							"lerp_mode": "catmullrom"
						},
						"0.5": {
							"post": [0, 3, -1],
							"lerp_mode": "catmullrom"
						},
						"0.6667": {
							"post": [0, 0, 0],
							"lerp_mode": "catmullrom"
						},
						"0.7917": {
							"post": [0, 0, 0],
							"lerp_mode": "catmullrom"
						},
						"1.25": {
							"post": [0, 3, -1],
							"lerp_mode": "catmullrom"
						},
						"1.5": {
							"post": [0, 0, 0],
							"lerp_mode": "catmullrom"
						}
					}
				},
				"leftArm": {
					"rotation": {
						"0.0": {
							"post": [30, 0, -7.5],
							"lerp_mode": "catmullrom"
						},
						"0.625": {
							"post": [-30, 12.5, -10],
							"lerp_mode": "catmullrom"
						},
						"1.5": {
							"post": [30, 0, -7.5],
							"lerp_mode": "catmullrom"
						}
					},
					"position": {
						"0.0": {
							"post": [0, 0, 0],
							"lerp_mode": "catmullrom"
						},
						"0.375": {
							"post": [0, 3, -1],
							"lerp_mode": "catmullrom"
						},
						"0.625": {
							"post": [0, 0, 0],
							"lerp_mode": "catmullrom"
						},
						"1.1667": {
							"post": [0, 3, -1],
							"lerp_mode": "catmullrom"
						},
						"1.375": {
							"post": [0, 0, 0],
							"lerp_mode": "catmullrom"
						},
						"1.5": {
							"post": [0, 0, 0],
							"lerp_mode": "catmullrom"
						}
					}
				}
			}
		},
		"animation.irongolem.flower": {
			"loop": true,
			"animation_length": 2,
			"bones": {
				"rightLeg": {
					"rotation": [-5, 10, 0]
				},
				"leftLeg": {
					"rotation": [2.5, -10, -2.5]
				},
				"spine": {
					"rotation": {
						"0.0": [0, 0, 0],
						"1.0": [2.5, 0, 0],
						"2.0": [0, 0, 0]
					}
				},
				"rightArm": {
					"rotation": {
						"0.0": [-45, 0, 2.5],
						"1.0": [-57.5, 0, 2.5],
						"2.0": [-45, 0, 2.5]
					}
				},
				"leftArm": {
					"rotation": {
						"0.0": [0, 0, -2.5],
						"1.0": [-5, 0, -2.5],
						"2.0": [0, 0, -2.5]
					}
				},
				"leftElbow": {
					"rotation": {
						"0.0": [-10, 0, 0],
						"0.5": [-2.5, 0, 0],
						"1.0": [0, 0, 0],
						"1.5": [-12.5, 0, 0],
						"2.0": [-10, 0, 0]
					}
				},
				"rightElbow": {
					"rotation": {
						"0.0833": [-10, 0, 0],
						"0.5": [-2.5, 0, 0],
						"1.125": [0, 0, 0],
						"1.5833": [-12.5, 0, 0],
						"2.0": [-10, 0, 0]
					}
				}
			}
		},
		"animation.irongolem.has_target": {
			"loop": true,
			"animation_length": 1,
			"anim_time_update": "q.anim_time + (q.delta_time * (q.modified_move_speed))",
			"bones": {
				"root": {
					"position": {
						"0.0": {
							"post": [0, -3, 0],
							"lerp_mode": "catmullrom"
						},
						"0.25": {
							"post": [0, 0, 0],
							"lerp_mode": "catmullrom"
						},
						"0.5": {
							"post": [0, -3, 0],
							"lerp_mode": "catmullrom"
						},
						"0.75": {
							"post": [0, 0, 0],
							"lerp_mode": "catmullrom"
						},
						"1.0": {
							"post": [0, -3, 0],
							"lerp_mode": "catmullrom"
						}
					}
				},
				"rightLeg": {
					"rotation": {
						"0.0": {
							"post": [37.5, 0, 0],
							"lerp_mode": "catmullrom"
						},
						"0.5": {
							"post": [-35, 0, 0],
							"lerp_mode": "catmullrom"
						},
						"1.0": {
							"post": [37.5, 0, 0],
							"lerp_mode": "catmullrom"
						}
					},
					"position": {
						"0.0": {
							"post": [0, 1, 1],
							"lerp_mode": "catmullrom"
						},
						"0.1667": {
							"post": [0, 2, 1],
							"lerp_mode": "catmullrom"
						},
						"0.4583": {
							"post": [0, 2, -2],
							"lerp_mode": "catmullrom"
						},
						"0.5417": {
							"post": [0, 0, -2],
							"lerp_mode": "catmullrom"
						},
						"0.875": {
							"post": [0, 0, 1],
							"lerp_mode": "catmullrom"
						},
						"1.0": {
							"post": [0, 1, 1],
							"lerp_mode": "catmullrom"
						}
					}
				},
				"leftLeg": {
					"rotation": {
						"0.0": {
							"post": [-35, 0, 0],
							"lerp_mode": "catmullrom"
						},
						"0.5": {
							"post": [37.5, 0, 0],
							"lerp_mode": "catmullrom"
						},
						"1.0": {
							"post": [-35, 0, 0],
							"lerp_mode": "catmullrom"
						}
					},
					"position": {
						"0.0": {
							"post": [0, 0.5, -2],
							"lerp_mode": "catmullrom"
						},
						"0.0833": {
							"post": [0, 0, -2],
							"lerp_mode": "catmullrom"
						},
						"0.4167": {
							"post": [0, 0, 1],
							"lerp_mode": "catmullrom"
						},
						"0.5833": {
							"post": [0, 2, 1],
							"lerp_mode": "catmullrom"
						},
						"0.9167": {
							"post": [0, 2, -2],
							"lerp_mode": "catmullrom"
						},
						"1.0": {
							"post": [0, 0.5, -2],
							"lerp_mode": "catmullrom"
						}
					}
				},
				"spine": {
					"rotation": {
						"0.0": {
							"post": [7.5, 0, 0],
							"lerp_mode": "catmullrom"
						},
						"0.0833": {
							"post": [10, 0, 0],
							"lerp_mode": "catmullrom"
						},
						"0.375": {
							"post": [5, 0, 0],
							"lerp_mode": "catmullrom"
						},
						"0.5417": {
							"post": [10, 0, 0],
							"lerp_mode": "catmullrom"
						},
						"0.6667": {
							"post": [5, 0, 0],
							"lerp_mode": "catmullrom"
						},
						"0.9167": {
							"post": [5, 0, 0],
							"lerp_mode": "catmullrom"
						},
						"1.0": {
							"post": [7.5, 0, 0],
							"lerp_mode": "catmullrom"
						}
					},
					"position": {
						"0.0": {
							"post": [0, -1, 0],
							"lerp_mode": "catmullrom"
						},
						"0.0833": {
							"post": [0, 0, 0],
							"lerp_mode": "catmullrom"
						},
						"0.25": {
							"post": [0, 0, 0],
							"lerp_mode": "catmullrom"
						},
						"0.375": {
							"post": [0, -1, 0],
							"lerp_mode": "catmullrom"
						},
						"0.4583": {
							"post": [0, -1, 0],
							"lerp_mode": "catmullrom"
						},
						"0.5833": {
							"post": [0, 0, 0],
							"lerp_mode": "catmullrom"
						},
						"0.75": {
							"post": [0, 0, 0],
							"lerp_mode": "catmullrom"
						},
						"0.875": {
							"post": [0, -1, 0],
							"lerp_mode": "catmullrom"
						},
						"1.0": {
							"post": [0, -1, 0],
							"lerp_mode": "catmullrom"
						}
					}
				},
				"head": {
					"rotation": {
						"0.0": {
							"post": [-2.5, 0, 0],
							"lerp_mode": "catmullrom"
						},
						"0.125": {
							"post": [2.5, 0, 0],
							"lerp_mode": "catmullrom"
						},
						"0.2917": {
							"post": [5, 0, 0],
							"lerp_mode": "catmullrom"
						},
						"0.4167": {
							"post": [-5, 0, 0],
							"lerp_mode": "catmullrom"
						},
						"0.5417": {
							"post": [-5, 0, 0],
							"lerp_mode": "catmullrom"
						},
						"0.625": {
							"post": [5, 0, 0],
							"lerp_mode": "catmullrom"
						},
						"0.7917": {
							"post": [5, 0, 0],
							"lerp_mode": "catmullrom"
						},
						"0.9167": {
							"post": [-5, 0, 0],
							"lerp_mode": "catmullrom"
						},
						"1.0": {
							"post": [-2.5, 0, 0],
							"lerp_mode": "catmullrom"
						}
					}
				},
				"rightArm": {
					"rotation": {
						"0.0": {
							"post": [-30, -12.5, 10],
							"lerp_mode": "catmullrom"
						},
						"0.5417": {
							"post": [30, 0, 7.5],
							"lerp_mode": "catmullrom"
						},
						"1.0": {
							"post": [-30, -12.5, 10],
							"lerp_mode": "catmullrom"
						}
					},
					"position": {
						"0.0": {
							"post": [0, 0, 0],
							"lerp_mode": "catmullrom"
						},
						"0.25": {
							"post": [0, 3, -1],
							"lerp_mode": "catmullrom"
						},
						"0.4167": {
							"post": [0, 0, 0],
							"lerp_mode": "catmullrom"
						},
						"0.5417": {
							"post": [0, 0, 0],
							"lerp_mode": "catmullrom"
						},
						"0.875": {
							"post": [0, 3, -1],
							"lerp_mode": "catmullrom"
						},
						"1.0": {
							"post": [0, 0, 0],
							"lerp_mode": "catmullrom"
						}
					}
				},
				"leftArm": {
					"rotation": {
						"0.0": {
							"post": [30, 0, -7.5],
							"lerp_mode": "catmullrom"
						},
						"0.4167": {
							"post": [-30, 12.5, -10],
							"lerp_mode": "catmullrom"
						},
						"1.0": {
							"post": [30, 0, -7.5],
							"lerp_mode": "catmullrom"
						}
					},
					"position": {
						"0.0": {
							"post": [0, 0, 0],
							"lerp_mode": "catmullrom"
						},
						"0.2917": {
							"post": [0, 3, -1],
							"lerp_mode": "catmullrom"
						},
						"0.4167": {
							"post": [0, 0, 0],
							"lerp_mode": "catmullrom"
						},
						"0.7917": {
							"post": [0, 3, -1],
							"lerp_mode": "catmullrom"
						},
						"0.9167": {
							"post": [0, 0, 0],
							"lerp_mode": "catmullrom"
						},
						"1.0": {
							"post": [0, 0, 0],
							"lerp_mode": "catmullrom"
						}
					}
				}
			}
		},
		"animation.irongolem.attack": {
			"loop": "hold_on_last_frame",
			"animation_length": 0.375,
			"bones": {
				"root": {
					"position": {
						"0.0": [0, -1, 4],
						"0.375": [0, 0, 0]
					}
				},
				"rightLeg": {
					"rotation": {
						"0.0": [-22.5, 0, 0],
						"0.375": [0, 0, 0]
					}
				},
				"leftLeg": {
					"rotation": {
						"0.0": [-22.5, 0, 0],
						"0.375": [0, 0, 0]
					}
				},
				"spine": {
					"rotation": {
						"0.0": [17.5, 0, 0],
						"0.375": [0, 0, 0]
					}
				},
				"rightArm": {
					"rotation": {
						"0.0": [-40, -12.5, 22.5],
						"0.125": [-97.5, -7.5, 10],
						"0.375": [-165, 0, -7.5]
					}
				},
				"leftArm": {
					"rotation": {
						"0.0": [-40, 12.5, -22.5],
						"0.0833": [-97.5, 7.5, -10],
						"0.375": [-165, 0, 7.5]
					}
				},
				"leftElbow": {
					"rotation": {
						"0.0": [-72.5, 0, 0],
						"0.0833": [-12.5, 0, 0],
						"0.375": [0, 0, 0]
					}
				},
				"rightElbow": {
					"rotation": {
						"0.0": [-72.5, 0, 0],
						"0.0833": [-12.5, 0, 0],
						"0.375": [0, 0, 0]
					}
				},
				"leftKnee": {
					"rotation": {
						"0.0": [30, 0, 0],
						"0.375": [0, 0, 0]
					}
				},
				"rightKnee": {
					"rotation": {
						"0.0": [30, 0, 0],
						"0.375": [0, 0, 0]
					}
				}
			}
		},
		"animation.irongolem.death_rot": {
			"loop": true,
			"bones": {
				"root": {
					"rotation": [0, 0, "Math.min(Math.sqrt(Math.max(0, query.anim_time * 20 - 0.5) / 20 * 1.6), 1) * -90"]
				}
			}
		},
		"animation.irongolem.death1": {
			"loop": "hold_on_last_frame",
			"animation_length": 1,
			"bones": {
				"root": {
					"rotation": {
						"0.0": [0, 0, 0],
						"0.1": [-27.5, 0, 0],
						"0.8": [90, 0, 0]
					},
					"position": [0, 0, 0]
				},
				"rightArm": {
					"rotation": {
						"0.0": [0, 0, 0],
						"0.2": [-77.5, 0, 22.5],
						"0.3": [-105, 0, 22.5],
						"0.4": [-132.5, 0, 22.5],
						"0.5": [-132.5, 0, 22.5],
						"0.6": [-150, 0, 22.5],
						"0.7": [-162.5, 0, 22.5],
						"0.8": [-177.5, 0, 22.5]
					},
					"position": {
						"0.0": [0, 0, 0],
						"0.1": [0, -5, 12.5],
						"0.2": [0, -15, 21.5],
						"0.3": [0, -26, 25.5],
						"0.4": [0, -33, 24.25],
						"0.5": [0, -33.5, 27],
						"0.6": [0, -39.25, 25],
						"0.7": [0, -44.25, 21.5],
						"0.8": [0, -51.75, 1.25],
						"0.9": [0, -51.25, 6],
						"1.0": [0, -51.75, 1.25]
					}
				},
				"rightElbow": {
					"rotation": {
						"0.0": [0, 0, 0],
						"0.5": [0, 0, -17.5]
					}
				},
				"leftArm": {
					"rotation": {
						"0.0": [0, 0, 0],
						"0.2": [-77.5, 0, -22.5],
						"0.5": [-120, -5, -22.5],
						"0.6": [-113.24122, -51.37417, -61.20211],
						"0.8": [-172.85998, -70.72959, 2.92223],
						"0.9": [-165.4376, -75.25606, -4.78509]
					},
					"position": {
						"0.1": [0, 0, 0],
						"0.2": [0, -8.67, 10],
						"0.3": [0, -17.34, 15.2],
						"0.4": [0, -26.01, 16.65],
						"0.5": [0, -34.67, 13.93],
						"0.6": [0, -36.58, 12.22],
						"0.7": [0, -37.83, 9.97],
						"0.8": [0, -38.905, -3.18],
						"0.9": [0, -39.4, 0.045],
						"1.0": [0, -39.15, -3.21]
					}
				},
				"leftElbow": {
					"rotation": {
						"0.0": [0, 0, 0],
						"0.5": [0, 0, 17.5]
					}
				},
				"spine": {
					"rotation": {
						"0.0": [0, 0, 0],
						"0.1": [25, 0, 0],
						"0.5": [-25, 0, 0],
						"0.7": [-25, 0, 0],
						"0.8": [0, 0, 0],
						"0.9": [-7.5, 0, 0],
						"1.0": [0, 0, 0]
					}
				},
				"rightLeg": {
					"rotation": {
						"0.2": [0, 0, 0],
						"0.5": [-110, 0, 0],
						"0.7": [-110, 0, 0],
						"1.0": [-255.88649, 79.69532, -166.10524]
					}
				},
				"head": {
					"rotation": {
						"0.0": [0, 0, 0],
						"0.1": [22.5, 0, 0],
						"0.5": [-20, 0, 0],
						"0.8": [-20, 0, 0],
						"0.9": [0, 0, 0]
					}
				}
			}
		},
		"animation.irongolem.death2": {
			"loop": "hold_on_last_frame",
			"animation_length": 1.04167,
			"bones": {
				"root": {
					"rotation": {
						"0.0": [0, 0, 0],
						"0.0833": [-27.5, 0, 0],
						"0.7917": [90, 0, 0]
					},
					"position": [0, 0, 0]
				},
				"spine": {
					"rotation": {
						"0.0": [0, 0, 0],
						"0.0833": [25, 0, 0],
						"0.5": [-25, 0, 0],
						"0.7083": [-25, 0, 0],
						"0.7917": [0, 0, 0],
						"0.9167": [-7.5, 0, 0],
						"1.0": [0, 0, 0]
					}
				},
				"head": {
					"rotation": {
						"0.0": [0, 0, 0],
						"0.0833": [22.5, 0, 0],
						"0.5": [-20, 0, 0],
						"0.7917": [-20, 0, 0],
						"0.9167": [0, 0, 0]
					}
				},
				"rightLeg": {
					"rotation": {
						"0.2083": [0, 0, 0],
						"0.5": [-110, 0, 0],
						"0.7083": [-110, 0, 0],
						"1.0": [-255.88649, 79.69532, -166.10524]
					}
				},
				"rightArm": {
					"rotation": {
						"0.0": [0, 0, 0],
						"0.2083": [-75.96729, 26.79524, 28.92848],
						"0.2917": [-106.80857, 26.48829, 14.8266],
						"0.4167": [-139.11421, 26.66839, -4.90216],
						"0.5": [-97.20099, 50.60379, 50.87146],
						"0.5833": [-101.02834, 65.42468, 46.39733],
						"0.7083": [-116.59233, 79.76265, 30.22197],
						"0.7917": [-216.01598, 84.35537, -69.70052]
					},
					"position": {
						"0.0": [0, 0, 0],
						"0.0833": [0, -5, 12.5],
						"0.2083": [0, -15, 21.5],
						"0.2917": [0, -26, 25.5],
						"0.375": [0, -33.33, 24.67],
						"0.4167": [0, -33.75, 26],
						"0.4583": [0, -34.12, 27.13],
						"0.5": [0, -34.25, 28.25],
						"0.5833": [0, -39.25, 26.75],
						"0.7083": [0, -45.75, 22],
						"0.7917": [0, -52.75, 1.75],
						"0.9167": [0, -52.75, 6.25],
						"1.0": [0, -52.75, 1.25]
					}
				},
				"leftArm": {
					"rotation": {
						"0.0": [0, 0, 0],
						"0.2083": [-77.5, 0, -22.5],
						"0.5": [-109.66775, -23.62618, -62.18798],
						"0.5833": [-85.77983, -27.84717, -72.91676],
						"0.7083": [-81.55032, -48.89677, -79.47651],
						"0.7917": [-71.83703, -85.11556, -90.21438],
						"0.9167": [-78.51392, -80.31726, -78.45341],
						"1.0417": [-66.83703, -85.11556, -90.21438]
					},
					"position": {
						"0.0833": [0, 0, 0],
						"0.2083": [0, -8.67, 10],
						"0.2917": [0, -17.34, 15.2],
						"0.4167": [0, -32.01, 16.65],
						"0.5": [0, -31.92, 18.93],
						"0.5833": [0, -34.83, 17.97],
						"0.7083": [0, -38.33, 15.47],
						"0.7917": [0, -43.33, 0.97],
						"0.9167": [0, -43.08, 4.72],
						"1.0": [0, -43.33, 0.97]
					}
				}
			}
		}
	}
}