{
	"format_version": "1.8.0",
	"animations": {
		"animation.llama.baby_transform": {
			"loop": true,
			"bones": {
				"body": {
					"position": [0, -5.5, -1],
					"scale": [1.2, 1, 1]
				},
				"head": {
					"position": [0, 1, 3],
					"scale": [1.3, 1.2, 1.2]
				},
				"leg0": {
					"position": [0, -6, 0],
					"scale": [0.91, 0.56, 0.91]
				},
				"leg1": {
					"position": [0, -6, 0],
					"scale": [0.91, 0.56, 0.91]
				},
				"leg2": {
					"position": [0, -6, 0],
					"scale": [0.91, 0.56, 0.91]
				},
				"leg3": {
					"position": [0, -6, 0],
					"scale": [0.91, 0.56, 0.91]
				}
			}
		},
		"animation.llama.blink": {
			"loop": true,
			"animation_length": 3,
			"bones": {
				"eyelids": {
					"position": {
						"0.0": [0, 0, 1],
						"1.0": [0, 0, 0],
						"3.0": [0, 0, 1]
					}
				}
			}
		},
		"animation.llama.idle": {
			"loop": true,
			"animation_length": 2,
			"anim_time_update": "q.anim_time + q.delta_time * 0.6",
			"bones": {
				"head": {
					"rotation": {
						"0.0": {
							"post": [1, 0, 0],
							"lerp_mode": "catmullrom"
						},
						"0.25": {
							"post": [0, 0, 0],
							"lerp_mode": "catmullrom"
						},
						"0.5": {
							"post": [0, 0, 0],
							"lerp_mode": "catmullrom"
						},
						"0.75": {
							"post": [1, 0, 0],
							"lerp_mode": "catmullrom"
						},
						"1.0": {
							"post": [1, 0, 0],
							"lerp_mode": "catmullrom"
						},
						"1.25": {
							"post": [0, 0, 0],
							"lerp_mode": "catmullrom"
						},
						"1.5": {
							"post": [0, 0, 0],
							"lerp_mode": "catmullrom"
						},
						"1.75": {
							"post": [1, 0, 0],
							"lerp_mode": "catmullrom"
						},
						"2.0": {
							"post": [1, 0, 0],
							"lerp_mode": "catmullrom"
						}
					},
					"position": {
						"0.0": {
							"post": [0, 0, 0],
							"lerp_mode": "catmullrom"
						},
						"0.5": {
							"post": [0, -0.25, 0],
							"lerp_mode": "catmullrom"
						},
						"1.0": {
							"post": [0, 0, 0],
							"lerp_mode": "catmullrom"
						},
						"1.5": {
							"post": [0, -0.25, 0],
							"lerp_mode": "catmullrom"
						},
						"2.0": {
							"post": [0, 0, 0],
							"lerp_mode": "catmullrom"
						}
					}
				},
				"body": {
					"rotation": {
						"0.0": {
							"post": [1, 0, 0],
							"lerp_mode": "catmullrom"
						},
						"0.25": {
							"post": [-1, 0, 0],
							"lerp_mode": "catmullrom"
						},
						"0.5": {
							"post": [-1, 0, 0],
							"lerp_mode": "catmullrom"
						},
						"0.75": {
							"post": [1, 0, 0],
							"lerp_mode": "catmullrom"
						},
						"1.0": {
							"post": [1, 0, 0],
							"lerp_mode": "catmullrom"
						},
						"1.25": {
							"post": [-1, 0, 0],
							"lerp_mode": "catmullrom"
						},
						"1.5": {
							"post": [-1, 0, 0],
							"lerp_mode": "catmullrom"
						},
						"1.75": {
							"post": [1, 0, 0],
							"lerp_mode": "catmullrom"
						},
						"2.0": {
							"post": [1, 0, 0],
							"lerp_mode": "catmullrom"
						}
					},
					"position": {
						"0.0": {
							"post": [0, 0, 0],
							"lerp_mode": "catmullrom"
						},
						"0.5": {
							"post": [0, -0.25, 0],
							"lerp_mode": "catmullrom"
						},
						"1.0": {
							"post": [0, 0, 0],
							"lerp_mode": "catmullrom"
						},
						"1.5": {
							"post": [0, -0.25, 0],
							"lerp_mode": "catmullrom"
						},
						"2.0": {
							"post": [0, 0, 0],
							"lerp_mode": "catmullrom"
						}
					}
				},
				"left_ear": {
					"rotation": {
						"0.0": {
							"post": [0, 0, 0],
							"lerp_mode": "catmullrom"
						},
						"0.0833": {
							"post": [0, 0, 7.5],
							"lerp_mode": "catmullrom"
						},
						"0.1667": {
							"post": [0, 0, -7.5],
							"lerp_mode": "catmullrom"
						},
						"0.25": {
							"post": [0, 0, 7.5],
							"lerp_mode": "catmullrom"
						},
						"0.3333": {
							"post": [0, 0, 0],
							"lerp_mode": "catmullrom"
						}
					}
				},
				"right_ear": {
					"rotation": {
						"0.0": {
							"post": [0, 0, 0],
							"lerp_mode": "catmullrom"
						},
						"0.0833": {
							"post": [0, 0, -7.5],
							"lerp_mode": "catmullrom"
						},
						"0.1667": {
							"post": [0, 0, 7.5],
							"lerp_mode": "catmullrom"
						},
						"0.25": {
							"post": [0, 0, -7.5],
							"lerp_mode": "catmullrom"
						},
						"0.3333": {
							"post": [0, 0, 0],
							"lerp_mode": "catmullrom"
						}
					}
				}
			}
		},
		"animation.llama.walk": {
			"loop": true,
			"animation_length": 1.5,
			"anim_time_update": "q.anim_time + (q.delta_time * (q.modified_move_speed * 4))",
			"bones": {
				"head": {
					"rotation": {
						"0.0": {
							"post": [2.5, 0, 0],
							"lerp_mode": "catmullrom"
						},
						"0.375": {
							"post": [0, 0, 0],
							"lerp_mode": "catmullrom"
						},
						"0.75": {
							"post": [2.5, 0, 0],
							"lerp_mode": "catmullrom"
						},
						"1.125": {
							"post": [0, 0, 0],
							"lerp_mode": "catmullrom"
						},
						"1.5": {
							"post": [2.5, 0, 0],
							"lerp_mode": "catmullrom"
						}
					},
					"position": {
						"0.0": {
							"post": [0, 1, 0],
							"lerp_mode": "catmullrom"
						},
						"0.1667": {
							"post": [0, 1, 0],
							"lerp_mode": "catmullrom"
						},
						"0.375": {
							"post": [0, 0.5, 0],
							"lerp_mode": "catmullrom"
						},
						"0.5417": {
							"post": [0, 0.5, 0],
							"lerp_mode": "catmullrom"
						},
						"0.75": {
							"post": [0, 1, 0],
							"lerp_mode": "catmullrom"
						},
						"0.9167": {
							"post": [0, 1, 0],
							"lerp_mode": "catmullrom"
						},
						"1.125": {
							"post": [0, 0.5, 0],
							"lerp_mode": "catmullrom"
						},
						"1.2917": {
							"post": [0, 0.5, 0],
							"lerp_mode": "catmullrom"
						},
						"1.5": {
							"post": [0, 1, 0],
							"lerp_mode": "catmullrom"
						}
					}
				},
				"body": {
					"rotation": {
						"0.0": {
							"post": [0, 0, -2.5],
							"lerp_mode": "catmullrom"
						},
						"0.375": {
							"post": [0, 0, 0],
							"lerp_mode": "catmullrom"
						},
						"0.75": {
							"post": [0, 0, 2.5],
							"lerp_mode": "catmullrom"
						},
						"1.125": {
							"post": [0, 0, 0],
							"lerp_mode": "catmullrom"
						},
						"1.5": {
							"post": [0, 0, -2.5],
							"lerp_mode": "catmullrom"
						}
					},
					"position": {
						"0.0": {
							"post": [0, 1, 0],
							"lerp_mode": "catmullrom"
						},
						"0.375": {
							"post": [0, 0.5, 0],
							"lerp_mode": "catmullrom"
						},
						"0.75": {
							"post": [0, 1, 0],
							"lerp_mode": "catmullrom"
						},
						"1.125": {
							"post": [0, 0.5, 0],
							"lerp_mode": "catmullrom"
						},
						"1.5": {
							"post": [0, 1, 0],
							"lerp_mode": "catmullrom"
						}
					}
				},
				"chest1": {
					"rotation": {
						"0.0": {
							"post": [-5, 0, 0],
							"lerp_mode": "catmullrom"
						},
						"0.375": {
							"post": [0, 0, 0],
							"lerp_mode": "catmullrom"
						},
						"0.75": {
							"post": [0, 0, 0],
							"lerp_mode": "catmullrom"
						},
						"1.5": {
							"post": [-5, 0, 0],
							"lerp_mode": "catmullrom"
						}
					}
				},
				"chest2": {
					"rotation": {
						"0.0": {
							"post": [0, 0, 0],
							"lerp_mode": "catmullrom"
						},
						"0.375": {
							"post": [0, 0, 0],
							"lerp_mode": "catmullrom"
						},
						"0.75": {
							"post": [5, 0, 0],
							"lerp_mode": "catmullrom"
						},
						"1.5": {
							"post": [0, 0, 0],
							"lerp_mode": "catmullrom"
						}
					}
				},
				"leg0": {
					"rotation": {
						"0.0": {
							"post": [12.85, 0, 0],
							"lerp_mode": "catmullrom"
						},
						"0.25": {
							"post": [17.5, 0, 0],
							"lerp_mode": "catmullrom"
						},
						"0.75": {
							"post": [-17.5, 0, 0],
							"lerp_mode": "catmullrom"
						},
						"1.5": {
							"post": [12.85, 0, 0],
							"lerp_mode": "catmullrom"
						}
					},
					"position": {
						"0.0": {
							"post": [0, -0.22, 0.47],
							"lerp_mode": "catmullrom"
						},
						"0.25": {
							"post": [0, 0, 2],
							"lerp_mode": "catmullrom"
						},
						"0.5": {
							"post": [0, 3.25, 1],
							"lerp_mode": "catmullrom"
						},
						"0.75": {
							"post": [0, -0.25, 0],
							"lerp_mode": "catmullrom"
						},
						"1.125": {
							"post": [0, 0, -2],
							"lerp_mode": "catmullrom"
						},
						"1.5": {
							"post": [0, -0.22, 0.47],
							"lerp_mode": "catmullrom"
						}
					}
				},
				"leg1": {
					"rotation": {
						"0.0": {
							"post": [-17.5, 0, 0],
							"lerp_mode": "catmullrom"
						},
						"1.0": {
							"post": [17.5, 0, 0],
							"lerp_mode": "catmullrom"
						},
						"1.5": {
							"post": [-17.5, 0, 0],
							"lerp_mode": "catmullrom"
						}
					},
					"position": {
						"0.0": {
							"post": [0, -0.25, 0],
							"lerp_mode": "catmullrom"
						},
						"0.375": {
							"post": [0, 0, -2],
							"lerp_mode": "catmullrom"
						},
						"1.0": {
							"post": [0, 0, 2],
							"lerp_mode": "catmullrom"
						},
						"1.25": {
							"post": [0, 3.25, 1],
							"lerp_mode": "catmullrom"
						},
						"1.5": {
							"post": [0, -0.25, 0],
							"lerp_mode": "catmullrom"
						}
					}
				},
				"leg2": {
					"rotation": {
						"0.0": {
							"post": [-4.99, 0, 0],
							"lerp_mode": "catmullrom"
						},
						"0.5": {
							"post": [17.5, 0, 0],
							"lerp_mode": "catmullrom"
						},
						"0.75": {
							"post": [12.85, 0, 0],
							"lerp_mode": "catmullrom"
						},
						"1.125": {
							"post": [-17.5, 0, 0],
							"lerp_mode": "catmullrom"
						},
						"1.5": {
							"post": [-4.99, 0, 0],
							"lerp_mode": "catmullrom"
						}
					},
					"position": {
						"0.0": {
							"post": [0, 0, -2],
							"lerp_mode": "catmullrom"
						},
						"0.5": {
							"post": [0, 0, 2],
							"lerp_mode": "catmullrom"
						},
						"0.75": {
							"post": [0, 1.84, 1.81],
							"lerp_mode": "catmullrom"
						},
						"0.9167": {
							"post": [0, 3.25, 1],
							"lerp_mode": "catmullrom"
						},
						"1.125": {
							"post": [0, -0.25, 0],
							"lerp_mode": "catmullrom"
						},
						"1.5": {
							"post": [0, 0, -2],
							"lerp_mode": "catmullrom"
						}
					}
				},
				"leg3": {
					"rotation": {
						"0.0": {
							"post": [12.85, 0, 0],
							"lerp_mode": "catmullrom"
						},
						"0.375": {
							"post": [-17.5, 0, 0],
							"lerp_mode": "catmullrom"
						},
						"1.25": {
							"post": [17.5, 0, 0],
							"lerp_mode": "catmullrom"
						},
						"1.5": {
							"post": [12.85, 0, 0],
							"lerp_mode": "catmullrom"
						}
					},
					"position": {
						"0.0": {
							"post": [0, 1.84, 1.81],
							"lerp_mode": "catmullrom"
						},
						"0.1667": {
							"post": [0, 3.25, 1],
							"lerp_mode": "catmullrom"
						},
						"0.375": {
							"post": [0, -0.25, 0],
							"lerp_mode": "catmullrom"
						},
						"0.75": {
							"post": [0, 0, -2],
							"lerp_mode": "catmullrom"
						},
						"1.25": {
							"post": [0, 0, 2],
							"lerp_mode": "catmullrom"
						},
						"1.5": {
							"post": [0, 1.84, 1.81],
							"lerp_mode": "catmullrom"
						}
					}
				},
				"left_ear": {
					"rotation": {
						"0.0": {
							"post": [10, 0, 0],
							"lerp_mode": "catmullrom"
						},
						"0.2083": {
							"post": [10, 0, 0],
							"lerp_mode": "catmullrom"
						},
						"0.375": {
							"post": [-10, 0, 0],
							"lerp_mode": "catmullrom"
						},
						"0.5833": {
							"post": [-10, 0, 0],
							"lerp_mode": "catmullrom"
						},
						"0.75": {
							"post": [10, 0, 0],
							"lerp_mode": "catmullrom"
						},
						"0.9583": {
							"post": [10, 0, 0],
							"lerp_mode": "catmullrom"
						},
						"1.125": {
							"post": [-10, 0, 0],
							"lerp_mode": "catmullrom"
						},
						"1.3333": {
							"post": [-10, 0, 0],
							"lerp_mode": "catmullrom"
						},
						"1.5": {
							"post": [10, 0, 0],
							"lerp_mode": "catmullrom"
						}
					}
				},
				"right_ear": {
					"rotation": {
						"0.0": {
							"post": [10, 0, 0],
							"lerp_mode": "catmullrom"
						},
						"0.2083": {
							"post": [10, 0, 0],
							"lerp_mode": "catmullrom"
						},
						"0.375": {
							"post": [-10, 0, 0],
							"lerp_mode": "catmullrom"
						},
						"0.5833": {
							"post": [-10, 0, 0],
							"lerp_mode": "catmullrom"
						},
						"0.75": {
							"post": [10, 0, 0],
							"lerp_mode": "catmullrom"
						},
						"0.9583": {
							"post": [10, 0, 0],
							"lerp_mode": "catmullrom"
						},
						"1.125": {
							"post": [-10, 0, 0],
							"lerp_mode": "catmullrom"
						},
						"1.3333": {
							"post": [-10, 0, 0],
							"lerp_mode": "catmullrom"
						},
						"1.5": {
							"post": [10, 0, 0],
							"lerp_mode": "catmullrom"
						}
					}
				}
			}
		},
		"animation.llama.run": {
			"loop": true,
			"animation_length": 1.5,
			"anim_time_update": "q.anim_time + (q.delta_time * (q.modified_move_speed * 4.5))",
			"bones": {
				"head": {
					"rotation": {
						"0.0": {
							"post": [0, 0, 0],
							"lerp_mode": "catmullrom"
						},
						"0.375": {
							"post": [0, 0, 0],
							"lerp_mode": "catmullrom"
						},
						"0.75": {
							"post": [5, 0, 0],
							"lerp_mode": "catmullrom"
						},
						"1.125": {
							"post": [5, 0, 0],
							"lerp_mode": "catmullrom"
						},
						"1.5": {
							"post": [0, 0, 0],
							"lerp_mode": "catmullrom"
						}
					},
					"position": {
						"0.0": {
							"post": [0, -2, 0],
							"lerp_mode": "catmullrom"
						},
						"0.75": {
							"post": [0, 0, 0],
							"lerp_mode": "catmullrom"
						},
						"1.5": {
							"post": [0, -2, 0],
							"lerp_mode": "catmullrom"
						}
					}
				},
				"body": {
					"rotation": {
						"0.0": {
							"post": [5, 0, 0],
							"lerp_mode": "catmullrom"
						},
						"0.75": {
							"post": [-5, 0, 0],
							"lerp_mode": "catmullrom"
						},
						"1.5": {
							"post": [5, 0, 0],
							"lerp_mode": "catmullrom"
						}
					},
					"position": {
						"0.0": {
							"post": [0, -1, 0],
							"lerp_mode": "catmullrom"
						},
						"0.375": {
							"post": [0, 0, 0],
							"lerp_mode": "catmullrom"
						},
						"0.75": {
							"post": [0, 0, 0],
							"lerp_mode": "catmullrom"
						},
						"1.125": {
							"post": [0, -1, 0],
							"lerp_mode": "catmullrom"
						},
						"1.5": {
							"post": [0, -1, 0],
							"lerp_mode": "catmullrom"
						}
					}
				},
				"chest1": {
					"rotation": {
						"0.0": {
							"post": [-15, 0, 0],
							"lerp_mode": "catmullrom"
						},
						"0.375": {
							"post": [0, 0, 0],
							"lerp_mode": "catmullrom"
						},
						"0.75": {
							"post": [0, 0, 0],
							"lerp_mode": "catmullrom"
						},
						"1.125": {
							"post": [-15, 0, 0],
							"lerp_mode": "catmullrom"
						},
						"1.5": {
							"post": [-15, 0, 0],
							"lerp_mode": "catmullrom"
						}
					},
					"position": {
						"0.0": {
							"post": [0, 0, 0],
							"lerp_mode": "catmullrom"
						},
						"0.75": {
							"post": [0, 1, 0],
							"lerp_mode": "catmullrom"
						},
						"1.5": {
							"post": [0, 0, 0],
							"lerp_mode": "catmullrom"
						}
					}
				},
				"chest2": {
					"rotation": {
						"0.0": {
							"post": [15, 0, 0],
							"lerp_mode": "catmullrom"
						},
						"0.375": {
							"post": [0, 0, 0],
							"lerp_mode": "catmullrom"
						},
						"0.75": {
							"post": [0, 0, 0],
							"lerp_mode": "catmullrom"
						},
						"1.125": {
							"post": [15, 0, 0],
							"lerp_mode": "catmullrom"
						},
						"1.5": {
							"post": [15, 0, 0],
							"lerp_mode": "catmullrom"
						}
					},
					"position": {
						"0.0": {
							"post": [0, 0, 0],
							"lerp_mode": "catmullrom"
						},
						"0.75": {
							"post": [0, 1, 0],
							"lerp_mode": "catmullrom"
						},
						"1.5": {
							"post": [0, 0, 0],
							"lerp_mode": "catmullrom"
						}
					}
				},
				"leg0": {
					"rotation": {
						"0.0": {
							"post": [-5.83, 0, 0],
							"lerp_mode": "catmullrom"
						},
						"0.1667": {
							"post": [-17.5, 0, 0],
							"lerp_mode": "catmullrom"
						},
						"1.1667": {
							"post": [17.5, 0, 0],
							"lerp_mode": "catmullrom"
						},
						"1.5": {
							"post": [-5.83, 0, 0],
							"lerp_mode": "catmullrom"
						}
					},
					"position": {
						"0.0": {
							"post": [0, 2.45, 0.63],
							"lerp_mode": "catmullrom"
						},
						"0.1667": {
							"post": [0, -0.25, 0],
							"lerp_mode": "catmullrom"
						},
						"0.5417": {
							"post": [0, 0, -2],
							"lerp_mode": "catmullrom"
						},
						"1.1667": {
							"post": [0, 0, 2],
							"lerp_mode": "catmullrom"
						},
						"1.4167": {
							"post": [0, 3.25, 1],
							"lerp_mode": "catmullrom"
						},
						"1.5": {
							"post": [0, 2.45, 0.63],
							"lerp_mode": "catmullrom"
						}
					}
				},
				"leg1": {
					"rotation": {
						"0.0": {
							"post": [-17.5, 0, 0],
							"lerp_mode": "catmullrom"
						},
						"1.0": {
							"post": [17.5, 0, 0],
							"lerp_mode": "catmullrom"
						},
						"1.5": {
							"post": [-17.5, 0, 0],
							"lerp_mode": "catmullrom"
						}
					},
					"position": {
						"0.0": {
							"post": [0, -0.25, 0],
							"lerp_mode": "catmullrom"
						},
						"0.375": {
							"post": [0, 0, -2],
							"lerp_mode": "catmullrom"
						},
						"1.0": {
							"post": [0, 0, 2],
							"lerp_mode": "catmullrom"
						},
						"1.25": {
							"post": [0, 3.25, 1],
							"lerp_mode": "catmullrom"
						},
						"1.5": {
							"post": [0, -0.25, 0],
							"lerp_mode": "catmullrom"
						}
					}
				},
				"leg2": {
					"rotation": {
						"0.0": {
							"post": [17.07, 0, 0],
							"lerp_mode": "catmullrom"
						},
						"0.125": {
							"post": [17.5, 0, 0],
							"lerp_mode": "catmullrom"
						},
						"0.625": {
							"post": [-17.5, 0, 0],
							"lerp_mode": "catmullrom"
						},
						"1.375": {
							"post": [12.85, 0, 0],
							"lerp_mode": "catmullrom"
						},
						"1.5": {
							"post": [17.07, 0, 0],
							"lerp_mode": "catmullrom"
						}
					},
					"position": {
						"0.0": {
							"post": [0, -0.12, 1.39],
							"lerp_mode": "catmullrom"
						},
						"0.125": {
							"post": [0, 0, 2],
							"lerp_mode": "catmullrom"
						},
						"0.375": {
							"post": [0, 3.25, 1],
							"lerp_mode": "catmullrom"
						},
						"0.625": {
							"post": [0, -0.25, 0],
							"lerp_mode": "catmullrom"
						},
						"1.0": {
							"post": [0, 0, -2],
							"lerp_mode": "catmullrom"
						},
						"1.375": {
							"post": [0, -0.22, 0.47],
							"lerp_mode": "catmullrom"
						},
						"1.5": {
							"post": [0, -0.12, 1.39],
							"lerp_mode": "catmullrom"
						}
					}
				},
				"leg3": {
					"rotation": {
						"0.0": {
							"post": [17.5, 0, 0],
							"lerp_mode": "catmullrom"
						},
						"0.5": {
							"post": [-17.5, 0, 0],
							"lerp_mode": "catmullrom"
						},
						"1.25": {
							"post": [12.85, 0, 0],
							"lerp_mode": "catmullrom"
						},
						"1.5": {
							"post": [17.5, 0, 0],
							"lerp_mode": "catmullrom"
						}
					},
					"position": {
						"0.0": {
							"post": [0, 0, 2],
							"lerp_mode": "catmullrom"
						},
						"0.25": {
							"post": [0, 3.25, 1],
							"lerp_mode": "catmullrom"
						},
						"0.5": {
							"post": [0, -0.25, 0],
							"lerp_mode": "catmullrom"
						},
						"0.875": {
							"post": [0, 0, -2],
							"lerp_mode": "catmullrom"
						},
						"1.25": {
							"post": [0, -0.22, 0.47],
							"lerp_mode": "catmullrom"
						},
						"1.5": {
							"post": [0, 0, 2],
							"lerp_mode": "catmullrom"
						}
					}
				},
				"left_ear": {
					"rotation": {
						"0.0": {
							"post": [15, 0, 0],
							"lerp_mode": "catmullrom"
						},
						"0.375": {
							"post": [-15, 0, 0],
							"lerp_mode": "catmullrom"
						},
						"0.75": {
							"post": [-15, 0, 0],
							"lerp_mode": "catmullrom"
						},
						"1.125": {
							"post": [15, 0, 0],
							"lerp_mode": "catmullrom"
						},
						"1.5": {
							"post": [15, 0, 0],
							"lerp_mode": "catmullrom"
						}
					}
				},
				"right_ear": {
					"rotation": {
						"0.0": {
							"post": [15, 0, 0],
							"lerp_mode": "catmullrom"
						},
						"0.375": {
							"post": [-15, 0, 0],
							"lerp_mode": "catmullrom"
						},
						"0.75": {
							"post": [-15, 0, 0],
							"lerp_mode": "catmullrom"
						},
						"1.125": {
							"post": [15, 0, 0],
							"lerp_mode": "catmullrom"
						},
						"1.5": {
							"post": [15, 0, 0],
							"lerp_mode": "catmullrom"
						}
					}
				}
			}
		},
		"animation.llama.death": {
			"loop": "hold_on_last_frame",
			"animation_length": 2,
			"anim_time_update": "q.anim_time + q.delta_time * 2.5",
			"bones": {
				"root": {
					"rotation": {
						"0.625": [0, 0, 0],
						"1.5": [0, 0, -90],
						"1.6667": [0, 0, -87.5],
						"1.8333": [0, 0, -90]
					},
					"position": {
						"0.0": [0, 0, 0],
						"0.4167": [0, 0, 3],
						"0.625": [0, 0, 3],
						"1.5": [0, 6, 3]
					}
				},
				"head": {
					"rotation": {
						"0.0": [0, 0, 0],
						"0.2917": [30, 0, 0],
						"0.8333": [-10, 0, 0],
						"1.2083": [23.49273, -56.07612, 27.11982],
						"1.375": [23.49273, -56.07612, 27.11982],
						"1.6667": [24.79348, 17.37287, -5.87606],
						"1.8333": [26.70046, 14.11065, 1.14197],
						"2.0": [24.79348, 17.37287, -5.87606]
					},
					"position": {
						"0.0": [0, 0, 0],
						"0.625": [0, 5, 2],
						"0.875": [-1.5, 4.5, 2.5],
						"1.125": [-3, 4, 1],
						"1.5": [-1.5, 4.5, 2.5],
						"1.6667": [0.5, 4.5, 2.5]
					}
				},
				"body": {
					"rotation": {
						"0.0": [0, 0, 0],
						"0.625": [-25, 0, 0],
						"1.0": [0, 0, 0]
					},
					"position": {
						"0.0": [0, 0, -1],
						"0.625": [0, 1, 0]
					}
				},
				"chest2": {
					"rotation": {
						"0.625": [0, 0, 0],
						"1.0": [55, 0, 0],
						"1.3333": [55, 0, 0],
						"1.5833": [0, 0, 0],
						"1.7083": [7.5, 0, 0],
						"1.875": [0, 0, 0]
					}
				},
				"leg0": {
					"rotation": {
						"0.0": [0, 0, 0],
						"0.5": [-12.5, 0, 0],
						"0.9583": [11.59948, -9.57658, 39.02504],
						"1.3333": [14.98637, 0.64686, -2.41492],
						"1.5": [14.94548, -1.29256, 4.83045],
						"1.6667": [14.98637, -0.64686, 2.41492],
						"1.8333": [14.94548, -1.29256, 4.83045]
					},
					"position": {
						"0.0": [0, 0, 0],
						"0.5": [0, -0.25, 0],
						"0.6667": [0, 2, 1],
						"0.8333": [1, 0, 1],
						"1.0417": [4.5, 1, 0.5],
						"1.3333": [0, 0, 0]
					}
				},
				"leg1": {
					"rotation": {
						"0.0": [0, 0, 0],
						"0.3333": [15, 0, 0],
						"0.75": [14.78217, -2.57594, 9.6658],
						"1.125": [-7.32151, 3.8804, 1.26475],
						"1.5": [-8.03553, 1.26533, 36.90313],
						"1.625": [-8.11455, 0.56254, 31.95211],
						"1.75": [-8.03553, 1.26533, 36.90313]
					},
					"position": {
						"0.0": [0, 0, 0],
						"0.25": [0, 2, 1],
						"0.4167": [0, 0, 1],
						"0.75": [0, -2, 0]
					}
				},
				"leg2": {
					"rotation": {
						"0.0": [0, 0, 0],
						"0.125": [20, 0, 0],
						"0.2917": [-45, 0, 0],
						"0.4583": [20, 0, 0],
						"0.9167": [-24.76585, -7.99365, 31.60659],
						"1.2917": [-19.01772, 13.23722, -2.70609],
						"1.5": [-19.01772, 13.23722, -2.70609],
						"1.6667": [-18.44315, 14.04013, -0.2698],
						"1.8333": [-19.01772, 13.23722, -2.70609]
					},
					"position": {
						"0.0": [0, 0, 0],
						"0.625": [0, 5, -2],
						"0.8333": [0, 1, 0],
						"1.0417": [0, 2, 0],
						"1.2917": [0, 1, 0]
					}
				},
				"leg3": {
					"rotation": {
						"0.0": [0, 0, 0],
						"0.125": [17.5, 0, 0],
						"0.2083": [-17.5, 0, 0],
						"0.375": [12.85, 0, 0],
						"0.4167": [17.5, 0, 0],
						"0.625": [20, 0, 0],
						"0.8333": [0, 0, 17.5],
						"1.1667": [0, 0, -17.5],
						"1.5": [0, 0, 35],
						"1.625": [0, 0, 32.5],
						"1.75": [0, 0, 35]
					},
					"position": {
						"0.0": [0, 0, 0],
						"0.125": [0, 1, 2],
						"0.1667": [0, 4.25, 1],
						"0.2083": [0, 0.75, 0],
						"0.2917": [0, 1, -2],
						"0.375": [0, 1.78, 0.47],
						"0.4167": [0, 2, 2],
						"0.625": [0, 5, -2],
						"1.0": [0, 0, 0]
					}
				},
				"left_ear": {
					"rotation": {
						"0.0": [0, 0, 0],
						"0.1667": [-25, 0, 0],
						"0.5": [32.5, 0, 0],
						"0.6667": [-25, 0, 0],
						"0.9583": [32.5, 0, 0],
						"1.4583": [29.47028, -14.36495, 23.70348],
						"1.6667": [28.88636, -15.58394, 25.96295],
						"1.7917": [30.90686, 10.58927, -17.06488],
						"1.875": [32.47528, -1.34295, 2.10886],
						"2.0": [33.40686, 10.58927, -17.06488]
					}
				},
				"right_ear": {
					"rotation": {
						"0.0": [0, 0, 0],
						"0.1667": [-25, 0, 0],
						"0.5": [32.5, 0, 0],
						"0.6667": [-25, 0, 0],
						"0.9583": [32.5, 0, 0],
						"1.4583": [29.47028, -14.36495, 23.70348],
						"1.6667": [28.88636, -15.58394, 25.96295],
						"1.7917": [30.90686, 10.58927, -17.06488],
						"1.875": [32.47528, -1.34295, 2.10886],
						"2.0": [30.90686, 10.58927, -17.06488]
					}
				}
			}
		},
		"animation.llama.death_rot": {
			"loop": true,
			"bones": {
				"root": {
					"rotation": [0, 0, "Math.min(Math.sqrt(Math.max(0, query.anim_time * 20 - 0.5) / 20 * 1.6), 1) * -90"],
					"position": [0, "Math.min(Math.sqrt(Math.max(0, query.anim_time * 20 - 0.5) / 20 * 1.6), 1) * 5", 0]
				}
			}
		}
	}
}