{
	"format_version": "1.8.0",
	"animations": {
		"animation.pig.blink": {
			"loop": true,
			"animation_length": 3,
			"bones": {
				"eyelids": {
					"position": {
						"0.0": [0, 0, 1],
						"1.0": [0, 0, 0],
						"3.0": [0, 0, 1]
					}
				}
			}
		},
		"animation.pig.idle": {
			"loop": true,
			"animation_length": 1.5,
			"anim_time_update": "q.anim_time + q.delta_time * 0.6",
			"bones": {
				"body": {
					"position": {
						"0.0": {
							"post": [0, 0, 0],
							"lerp_mode": "catmullrom"
						},
						"0.75": {
							"post": [0, -0.5, 0],
							"lerp_mode": "catmullrom"
						},
						"1.5": {
							"post": [0, 0, 0],
							"lerp_mode": "catmullrom"
						}
					}
				},
				"head": {
					"rotation": {
						"0.0": {
							"post": [2.5, 0, 0],
							"lerp_mode": "catmullrom"
						},
						"0.4167": {
							"post": [0, 0, 0],
							"lerp_mode": "catmullrom"
						},
						"0.75": {
							"post": [0, 0, 0],
							"lerp_mode": "catmullrom"
						},
						"1.125": {
							"post": [2.5, 0, 0],
							"lerp_mode": "catmullrom"
						},
						"1.5": {
							"post": [2.5, 0, 0],
							"lerp_mode": "catmullrom"
						}
					},
					"position": {
						"0.0": {
							"post": [0, 0, 0],
							"lerp_mode": "catmullrom"
						},
						"0.75": {
							"post": [0, -0.5, 0],
							"lerp_mode": "catmullrom"
						},
						"1.5": {
							"post": [0, 0, 0],
							"lerp_mode": "catmullrom"
						}
					}
				},
				"snout": {
					"scale": {
						"0.25": [1, 1, 1],
						"0.3333": [1, 1.2, 1],
						"0.4167": [1, 1, 1],
						"0.5": [1, 1.2, 1],
						"0.5833": [1, 1, 1]
					}
				}
			}
		},
		"animation.pig.walk": {
			"loop": true,
			"animation_length": 1.5,
			"anim_time_update": "q.anim_time + (q.delta_time * (q.modified_move_speed * 3))",
			"bones": {
				"body": {
					"rotation": {
						"0.0": {
							"post": [0, 0, 2.5],
							"lerp_mode": "catmullrom"
						},
						"0.375": {
							"post": [0, 0, 0],
							"lerp_mode": "catmullrom"
						},
						"0.75": {
							"post": [0, 0, -2.5],
							"lerp_mode": "catmullrom"
						},
						"1.125": {
							"post": [0, 0, 0],
							"lerp_mode": "catmullrom"
						},
						"1.5": {
							"post": [0, 0, 2.5],
							"lerp_mode": "catmullrom"
						}
					},
					"position": {
						"0.0": {
							"post": [0, -1, 0],
							"lerp_mode": "catmullrom"
						},
						"0.375": {
							"post": [0, -0.5, 0],
							"lerp_mode": "catmullrom"
						},
						"0.75": {
							"post": [0, -1, 0],
							"lerp_mode": "catmullrom"
						},
						"1.125": {
							"post": [0, -0.5, 0],
							"lerp_mode": "catmullrom"
						},
						"1.5": {
							"post": [0, -1, 0],
							"lerp_mode": "catmullrom"
						}
					}
				},
				"head": {
					"rotation": {
						"0.0": {
							"post": [0, 0, 0],
							"lerp_mode": "catmullrom"
						},
						"0.2083": {
							"post": [2.5, 0, 0],
							"lerp_mode": "catmullrom"
						},
						"0.375": {
							"post": [2.5, 0, 0],
							"lerp_mode": "catmullrom"
						},
						"0.5833": {
							"post": [0, 0, 0],
							"lerp_mode": "catmullrom"
						},
						"0.75": {
							"post": [0, 0, 0],
							"lerp_mode": "catmullrom"
						},
						"0.9583": {
							"post": [2.5, 0, 0],
							"lerp_mode": "catmullrom"
						},
						"1.125": {
							"post": [2.5, 0, 0],
							"lerp_mode": "catmullrom"
						},
						"1.3333": {
							"post": [0, 0, 0],
							"lerp_mode": "catmullrom"
						},
						"1.5": {
							"post": [0, 0, 0],
							"lerp_mode": "catmullrom"
						}
					},
					"position": {
						"0.0": {
							"post": [0, -1, 0],
							"lerp_mode": "catmullrom"
						},
						"0.375": {
							"post": [0, -0.5, 0],
							"lerp_mode": "catmullrom"
						},
						"0.5": {
							"post": [0, -0.5, 0],
							"lerp_mode": "catmullrom"
						},
						"0.75": {
							"post": [0, -1, 0],
							"lerp_mode": "catmullrom"
						},
						"1.125": {
							"post": [0, -0.5, 0],
							"lerp_mode": "catmullrom"
						},
						"1.25": {
							"post": [0, -0.5, 0],
							"lerp_mode": "catmullrom"
						},
						"1.5": {
							"post": [0, -1, 0],
							"lerp_mode": "catmullrom"
						}
					}
				},
				"leg0": {
					"rotation": {
						"0.0": {
							"post": [25.7, 0, 0],
							"lerp_mode": "catmullrom"
						},
						"0.25": {
							"post": [35, 0, 0],
							"lerp_mode": "catmullrom"
						},
						"0.75": {
							"post": [-35, 0, 0],
							"lerp_mode": "catmullrom"
						},
						"1.5": {
							"post": [25.7, 0, 0],
							"lerp_mode": "catmullrom"
						}
					},
					"position": {
						"0.0": {
							"post": [0, -0.14, -0.78],
							"lerp_mode": "catmullrom"
						},
						"0.25": {
							"post": [0, 0, 0.56],
							"lerp_mode": "catmullrom"
						},
						"0.5": {
							"post": [0, 2, -0.72],
							"lerp_mode": "catmullrom"
						},
						"0.75": {
							"post": [0, 0, -1],
							"lerp_mode": "catmullrom"
						},
						"1.125": {
							"post": [0, 0, -3],
							"lerp_mode": "catmullrom"
						},
						"1.5": {
							"post": [0, -0.14, -0.78],
							"lerp_mode": "catmullrom"
						}
					}
				},
				"leg1": {
					"rotation": {
						"0.0": {
							"post": [-35, 0, 0],
							"lerp_mode": "catmullrom"
						},
						"1.0": {
							"post": [35, 0, 0],
							"lerp_mode": "catmullrom"
						},
						"1.5": {
							"post": [-35, 0, 0],
							"lerp_mode": "catmullrom"
						}
					},
					"position": {
						"0.0": {
							"post": [0, 0, -1],
							"lerp_mode": "catmullrom"
						},
						"0.375": {
							"post": [0, 0, -3],
							"lerp_mode": "catmullrom"
						},
						"1.0": {
							"post": [0, 0, 0.56],
							"lerp_mode": "catmullrom"
						},
						"1.25": {
							"post": [0, 2, -0.72],
							"lerp_mode": "catmullrom"
						},
						"1.5": {
							"post": [0, 0, -1],
							"lerp_mode": "catmullrom"
						}
					}
				},
				"leg2": {
					"rotation": {
						"0.0": {
							"post": [-25.7, 0, 0],
							"lerp_mode": "catmullrom"
						},
						"0.75": {
							"post": [35, 0, 0],
							"lerp_mode": "catmullrom"
						},
						"1.25": {
							"post": [-35, 0, 0],
							"lerp_mode": "catmullrom"
						},
						"1.5": {
							"post": [-25.7, 0, 0],
							"lerp_mode": "catmullrom"
						}
					},
					"position": {
						"0.0": {
							"post": [0, -0.07, -0.9],
							"lerp_mode": "catmullrom"
						},
						"0.125": {
							"post": [0, 0, -1],
							"lerp_mode": "catmullrom"
						},
						"0.75": {
							"post": [0, 0, 1.56],
							"lerp_mode": "catmullrom"
						},
						"1.0": {
							"post": [0, 2, 0.28],
							"lerp_mode": "catmullrom"
						},
						"1.25": {
							"post": [0, 0, 0],
							"lerp_mode": "catmullrom"
						},
						"1.5": {
							"post": [0, -0.07, -0.9],
							"lerp_mode": "catmullrom"
						}
					}
				},
				"leg3": {
					"rotation": {
						"0.0": {
							"post": [35, 0, 0],
							"lerp_mode": "catmullrom"
						},
						"0.5": {
							"post": [-35, 0, 0],
							"lerp_mode": "catmullrom"
						},
						"1.5": {
							"post": [35, 0, 0],
							"lerp_mode": "catmullrom"
						}
					},
					"position": {
						"0.0": {
							"post": [0, 0, 1.56],
							"lerp_mode": "catmullrom"
						},
						"0.25": {
							"post": [0, 2, 0.28],
							"lerp_mode": "catmullrom"
						},
						"0.5": {
							"post": [0, 0, 0],
							"lerp_mode": "catmullrom"
						},
						"0.875": {
							"post": [0, 0, -1],
							"lerp_mode": "catmullrom"
						},
						"1.5": {
							"post": [0, 0, 1.56],
							"lerp_mode": "catmullrom"
						}
					}
				}
			}
		},
		"animation.pig.run": {
			"loop": true,
			"animation_length": 1.25,
			"anim_time_update": "q.anim_time + (q.delta_time * (q.modified_move_speed * 4))",
			"bones": {
				"head": {
					"rotation": {
						"0.0": {
							"post": [0, 0, 0],
							"lerp_mode": "catmullrom"
						},
						"0.2917": {
							"post": [0, 0, 0],
							"lerp_mode": "catmullrom"
						},
						"0.625": {
							"post": [10, 0, 0],
							"lerp_mode": "catmullrom"
						},
						"0.9167": {
							"post": [10, 0, 0],
							"lerp_mode": "catmullrom"
						},
						"1.25": {
							"post": [0, 0, 0],
							"lerp_mode": "catmullrom"
						}
					},
					"position": {
						"0.0": {
							"post": [0, -3, 0],
							"lerp_mode": "catmullrom"
						},
						"0.625": {
							"post": [0, 0, 1],
							"lerp_mode": "catmullrom"
						},
						"1.25": {
							"post": [0, -3, 0],
							"lerp_mode": "catmullrom"
						}
					}
				},
				"body": {
					"rotation": {
						"0.0": {
							"post": [2.5, 0, 0],
							"lerp_mode": "catmullrom"
						},
						"0.625": {
							"post": [-10, 0, 0],
							"lerp_mode": "catmullrom"
						},
						"1.25": {
							"post": [2.5, 0, 0],
							"lerp_mode": "catmullrom"
						}
					},
					"position": {
						"0.0": {
							"post": [0, -2, 0],
							"lerp_mode": "catmullrom"
						},
						"0.2917": {
							"post": [0, -1, 0],
							"lerp_mode": "catmullrom"
						},
						"0.625": {
							"post": [0, -1, 0],
							"lerp_mode": "catmullrom"
						},
						"0.9167": {
							"post": [0, -2, 0],
							"lerp_mode": "catmullrom"
						},
						"1.25": {
							"post": [0, -2, 0],
							"lerp_mode": "catmullrom"
						}
					}
				},
				"leg0": {
					"rotation": {
						"0.0": {
							"post": [-11.67, 0, 0],
							"lerp_mode": "catmullrom"
						},
						"0.125": {
							"post": [-35, 0, 0],
							"lerp_mode": "catmullrom"
						},
						"0.9583": {
							"post": [35, 0, 0],
							"lerp_mode": "catmullrom"
						},
						"1.25": {
							"post": [-11.67, 0, 0],
							"lerp_mode": "catmullrom"
						}
					},
					"position": {
						"0.0": {
							"post": [0, 1.56, -0.9],
							"lerp_mode": "catmullrom"
						},
						"0.125": {
							"post": [0, 0, -1],
							"lerp_mode": "catmullrom"
						},
						"0.4583": {
							"post": [0, 0, -3],
							"lerp_mode": "catmullrom"
						},
						"0.9583": {
							"post": [0, 0, 0.56],
							"lerp_mode": "catmullrom"
						},
						"1.1667": {
							"post": [0, 2, -0.72],
							"lerp_mode": "catmullrom"
						},
						"1.25": {
							"post": [0, 1.56, -0.9],
							"lerp_mode": "catmullrom"
						}
					}
				},
				"leg1": {
					"rotation": {
						"0.0": {
							"post": [-35, 0, 0],
							"lerp_mode": "catmullrom"
						},
						"0.8333": {
							"post": [35, 0, 0],
							"lerp_mode": "catmullrom"
						},
						"1.25": {
							"post": [-35, 0, 0],
							"lerp_mode": "catmullrom"
						}
					},
					"position": {
						"0.0": {
							"post": [0, 0, -1],
							"lerp_mode": "catmullrom"
						},
						"0.2917": {
							"post": [0, 0, -3],
							"lerp_mode": "catmullrom"
						},
						"0.8333": {
							"post": [0, 0, 0.56],
							"lerp_mode": "catmullrom"
						},
						"1.0417": {
							"post": [0, 2, -0.72],
							"lerp_mode": "catmullrom"
						},
						"1.25": {
							"post": [0, 0, -1],
							"lerp_mode": "catmullrom"
						}
					}
				},
				"leg2": {
					"rotation": {
						"0.0": {
							"post": [33.49, 0, 0],
							"lerp_mode": "catmullrom"
						},
						"0.0417": {
							"post": [35, 0, 0],
							"lerp_mode": "catmullrom"
						},
						"0.125": {
							"post": [25.7, 0, 0],
							"lerp_mode": "catmullrom"
						},
						"0.4583": {
							"post": [-35, 0, 0],
							"lerp_mode": "catmullrom"
						},
						"1.25": {
							"post": [33.49, 0, 0],
							"lerp_mode": "catmullrom"
						}
					},
					"position": {
						"0.0": {
							"post": [0, -0.03, 1.47],
							"lerp_mode": "catmullrom"
						},
						"0.0417": {
							"post": [0, 0, 1.56],
							"lerp_mode": "catmullrom"
						},
						"0.125": {
							"post": [0, 1.13, 1.16],
							"lerp_mode": "catmullrom"
						},
						"0.25": {
							"post": [0, 2, 0.28],
							"lerp_mode": "catmullrom"
						},
						"0.4583": {
							"post": [0, 0, 0],
							"lerp_mode": "catmullrom"
						},
						"0.75": {
							"post": [0, 0, -1],
							"lerp_mode": "catmullrom"
						},
						"1.25": {
							"post": [0, -0.03, 1.47],
							"lerp_mode": "catmullrom"
						}
					}
				},
				"leg3": {
					"rotation": {
						"0.0": {
							"post": [25.7, 0, 0],
							"lerp_mode": "catmullrom"
						},
						"0.2917": {
							"post": [-35, 0, 0],
							"lerp_mode": "catmullrom"
						},
						"1.125": {
							"post": [35, 0, 0],
							"lerp_mode": "catmullrom"
						},
						"1.25": {
							"post": [25.7, 0, 0],
							"lerp_mode": "catmullrom"
						}
					},
					"position": {
						"0.0": {
							"post": [0, 1.13, 1.16],
							"lerp_mode": "catmullrom"
						},
						"0.0833": {
							"post": [0, 2, 0.28],
							"lerp_mode": "catmullrom"
						},
						"0.2917": {
							"post": [0, 0, 0],
							"lerp_mode": "catmullrom"
						},
						"0.625": {
							"post": [0, 0, -1],
							"lerp_mode": "catmullrom"
						},
						"1.125": {
							"post": [0, 0, 1.56],
							"lerp_mode": "catmullrom"
						},
						"1.25": {
							"post": [0, 1.13, 1.16],
							"lerp_mode": "catmullrom"
						}
					}
				}
			}
		},
		"animation.pig.death": {
			"animation_length": 1.75,
			"bones": {
				"root": {
					"rotation": {
						"0.0": [0, 0, 0],
						"0.25": [0, 0, -7.5],
						"0.75": [0, 0, 90],
						"0.8333": [0, 0, 87.5],
						"0.9167": [0, 0, 90]
					},
					"position": {
						"0.0": [0, 0, 0],
						"0.25": [-1, 0, 0],
						"0.75": [-1, 3, 0]
					}
				},
				"head": {
					"rotation": {
						"0.0": [0, 0, 0],
						"0.125": [0, -30, 0],
						"0.25": [0, -30, 0],
						"0.4583": [0, 30, 0],
						"0.75": [0, 30, 0],
						"0.9167": [0, 0, 0],
						"1.0417": [0, 5, 0],
						"1.1667": [0, 0, 0]
					}
				},
				"body": {
					"rotation": {
						"0.0": [0, 0, 0],
						"0.125": [0, 0, -7.5],
						"0.375": [0, 0, 0]
					}
				},
				"leg0": {
					"rotation": {
						"0.0": [0, 0, 0],
						"0.125": [0, 0, -12.5],
						"0.25": [0, 0, 25],
						"0.5417": [0, 0, 37.5],
						"0.75": [0, 0, 37.5],
						"0.9167": [0, 0, -27.5],
						"1.0": [0, 0, -22.5],
						"1.1667": [0, 0, -27.5]
					},
					"position": {
						"0.0": [0, 0, 0],
						"0.125": [-1, 1, 0],
						"0.25": [0, 0, 0]
					}
				},
				"leg1": {
					"rotation": {
						"0.0": [0, 0, 0],
						"0.125": [0, 0, -17.5],
						"0.25": [0, 0, 0],
						"0.375": [0, 0, 12.5],
						"0.75": [0, 0, 12.5],
						"0.9167": [0, 0, 0],
						"1.0": [0, 0, 2.5],
						"1.1667": [0, 0, 0]
					},
					"position": {
						"0.0": [0, 0, 0],
						"0.125": [0, -1, 0],
						"0.25": [0, 1, 0],
						"0.375": [0, 0, 0]
					}
				},
				"leg2": {
					"rotation": {
						"0.0": [0, 0, 0],
						"0.125": [0, 0, -12.5],
						"0.25": [0, 0, 25],
						"0.5417": [0, 0, 37.5],
						"0.75": [0, 0, 37.5],
						"0.9167": [0, 0, -27.5],
						"1.0": [0, 0, -22.5],
						"1.1667": [0, 0, -27.5]
					},
					"position": {
						"0.0": [0, 0, 0],
						"0.125": [-1, 1, 0],
						"0.25": [0, 0, 0]
					}
				},
				"leg3": {
					"rotation": {
						"0.0": [0, 0, 0],
						"0.125": [0, 0, -17.5],
						"0.25": [0, 0, 0],
						"0.375": [0, 0, 12.5],
						"0.75": [0, 0, 12.5],
						"0.9167": [0, 0, 0],
						"1.0": [0, 0, 2.5],
						"1.1667": [0, 0, 0]
					},
					"position": {
						"0.0": [0, 0, 0],
						"0.125": [0, -1, 0],
						"0.25": [0, 1, 0],
						"0.375": [0, 0, 0]
					}
				}
			}
		},
		"animation.pig.death_rot": {
			"loop": true,
			"bones": {
				"root": {
					"rotation": [0, 0, "Math.min(Math.sqrt(Math.max(0, query.anim_time * 20 - 0.5) / 20 * 1.6), 1) * -90"]
				}
			}
		}
	}
}