{
	"format_version": "1.8.0",
	"animations": {
		"animation.polarbear.blink": {
			"loop": true,
			"animation_length": 3,
			"bones": {
				"eyelids": {
					"position": {
						"0.0": [0, 0, 1],
						"1.0": [0, 0, 0],
						"3.0": [0, 0, 1]
					}
				}
			}
		},
		"animation.polarbear.idle": {
			"loop": true,
			"animation_length": 1,
			"anim_time_update": "q.anim_time + q.delta_time * 0.6",
			"bones": {
				"head": {
					"rotation": {
						"0.0": {
							"post": [2.5, 0, 0],
							"lerp_mode": "catmullrom"
						},
						"0.25": {
							"post": [0, 0, 0],
							"lerp_mode": "catmullrom"
						},
						"0.5": {
							"post": [0, 0, 0],
							"lerp_mode": "catmullrom"
						},
						"0.75": {
							"post": [2.5, 0, 0],
							"lerp_mode": "catmullrom"
						},
						"1.0": {
							"post": [2.5, 0, 0],
							"lerp_mode": "catmullrom"
						}
					},
					"position": {
						"0.0": {
							"post": [0, 0, 0],
							"lerp_mode": "catmullrom"
						},
						"0.5": {
							"post": [0, -0.5, 0],
							"lerp_mode": "catmullrom"
						},
						"1.0": {
							"post": [0, 0, 0],
							"lerp_mode": "catmullrom"
						}
					}
				},
				"body": {
					"position": {
						"0.0": {
							"post": [0, 0, 0],
							"lerp_mode": "catmullrom"
						},
						"0.5": {
							"post": [0, -0.25, 0],
							"lerp_mode": "catmullrom"
						},
						"1.0": {
							"post": [0, 0, 0],
							"lerp_mode": "catmullrom"
						}
					}
				},
				"left_ear": {
					"rotation": {
						"0.0": {
							"post": [0, 0, 0],
							"lerp_mode": "catmullrom"
						},
						"0.0833": {
							"post": [0, 0, 10],
							"lerp_mode": "catmullrom"
						},
						"0.1667": {
							"post": [0, 0, -10],
							"lerp_mode": "catmullrom"
						},
						"0.25": {
							"post": [0, 0, 10],
							"lerp_mode": "catmullrom"
						},
						"0.3333": {
							"post": [0, 0, -10],
							"lerp_mode": "catmullrom"
						},
						"0.4167": {
							"post": [0, 0, 0],
							"lerp_mode": "catmullrom"
						},
						"1.0": {
							"post": [0, 0, 0],
							"lerp_mode": "catmullrom"
						}
					}
				},
				"right_ear": {
					"rotation": {
						"0.0": {
							"post": [0, 0, 0],
							"lerp_mode": "catmullrom"
						},
						"0.0833": {
							"post": [0, 0, -10],
							"lerp_mode": "catmullrom"
						},
						"0.1667": {
							"post": [0, 0, 10],
							"lerp_mode": "catmullrom"
						},
						"0.25": {
							"post": [0, 0, -10],
							"lerp_mode": "catmullrom"
						},
						"0.3333": {
							"post": [0, 0, 10],
							"lerp_mode": "catmullrom"
						},
						"0.4167": {
							"post": [0, 0, 0],
							"lerp_mode": "catmullrom"
						},
						"1.0": {
							"post": [0, 0, 0],
							"lerp_mode": "catmullrom"
						}
					}
				},
				"snout": {
					"scale": {
						"0.0": {
							"post": [1, 1, 1],
							"lerp_mode": "catmullrom"
						},
						"0.5833": {
							"post": [1, 1, 1],
							"lerp_mode": "catmullrom"
						},
						"0.6667": {
							"post": [1, 1.1, 1],
							"lerp_mode": "catmullrom"
						},
						"0.75": {
							"post": [1, 1, 1],
							"lerp_mode": "catmullrom"
						},
						"0.8333": {
							"post": [1, 1.1, 1],
							"lerp_mode": "catmullrom"
						},
						"0.9167": {
							"post": [1, 1, 1],
							"lerp_mode": "catmullrom"
						},
						"1.0": {
							"post": [1, 1, 1],
							"lerp_mode": "catmullrom"
						}
					}
				}
			}
		},
		"animation.polarbear.walk": {
			"loop": true,
			"animation_length": 1.5,
			"anim_time_update": "q.anim_time + (q.delta_time * (q.modified_move_speed * 3))",
			"bones": {
				"head": {
					"rotation": {
						"0.0": {
							"post": [0, 0, 0],
							"lerp_mode": "catmullrom"
						},
						"0.1667": {
							"post": [2.5, 0, 0],
							"lerp_mode": "catmullrom"
						},
						"0.375": {
							"post": [2.5, 0, 0],
							"lerp_mode": "catmullrom"
						},
						"0.5417": {
							"post": [0, 0, 0],
							"lerp_mode": "catmullrom"
						},
						"0.75": {
							"post": [0, 0, 0],
							"lerp_mode": "catmullrom"
						},
						"0.9167": {
							"post": [2.5, 0, 0],
							"lerp_mode": "catmullrom"
						},
						"1.125": {
							"post": [2.5, 0, 0],
							"lerp_mode": "catmullrom"
						},
						"1.2917": {
							"post": [0, 0, 0],
							"lerp_mode": "catmullrom"
						},
						"1.5": {
							"post": [0, 0, 0],
							"lerp_mode": "catmullrom"
						}
					},
					"position": {
						"0.0": {
							"post": [0, 0, 0],
							"lerp_mode": "catmullrom"
						},
						"0.375": {
							"post": [0, 1, 0],
							"lerp_mode": "catmullrom"
						},
						"0.75": {
							"post": [0, 0, 0],
							"lerp_mode": "catmullrom"
						},
						"1.125": {
							"post": [0, 1, 0],
							"lerp_mode": "catmullrom"
						},
						"1.5": {
							"post": [0, 0, 0],
							"lerp_mode": "catmullrom"
						}
					}
				},
				"leg0": {
					"rotation": {
						"0.0": {
							"post": [22.03, 0, 0],
							"lerp_mode": "catmullrom"
						},
						"0.25": {
							"post": [30, 0, 0],
							"lerp_mode": "catmullrom"
						},
						"0.75": {
							"post": [-30, 0, 0],
							"lerp_mode": "catmullrom"
						},
						"1.5": {
							"post": [22.03, 0, 0],
							"lerp_mode": "catmullrom"
						}
					},
					"position": {
						"0.0": {
							"post": [0, -0.4, 0.2],
							"lerp_mode": "catmullrom"
						},
						"0.25": {
							"post": [0, -0.56, 1.56],
							"lerp_mode": "catmullrom"
						},
						"0.5": {
							"post": [0, 2.44, 0.56],
							"lerp_mode": "catmullrom"
						},
						"0.75": {
							"post": [0, 1, 0],
							"lerp_mode": "catmullrom"
						},
						"1.125": {
							"post": [0, 0.5, -2.5],
							"lerp_mode": "catmullrom"
						},
						"1.5": {
							"post": [0, -0.4, 0.2],
							"lerp_mode": "catmullrom"
						}
					}
				},
				"leg1": {
					"rotation": {
						"0.0": {
							"post": [-30, 0, 0],
							"lerp_mode": "catmullrom"
						},
						"1.0": {
							"post": [30, 0, 0],
							"lerp_mode": "catmullrom"
						},
						"1.5": {
							"post": [-30, 0, 0],
							"lerp_mode": "catmullrom"
						}
					},
					"position": {
						"0.0": {
							"post": [0, 1, 0],
							"lerp_mode": "catmullrom"
						},
						"0.375": {
							"post": [0, 0.5, -2],
							"lerp_mode": "catmullrom"
						},
						"1.0": {
							"post": [0, -0.56, 1.56],
							"lerp_mode": "catmullrom"
						},
						"1.25": {
							"post": [0, 2.44, 0.56],
							"lerp_mode": "catmullrom"
						},
						"1.5": {
							"post": [0, 1, 0],
							"lerp_mode": "catmullrom"
						}
					}
				},
				"leg2": {
					"rotation": {
						"0.0": {
							"post": [-8.56, 0, 0],
							"lerp_mode": "catmullrom"
						},
						"0.5": {
							"post": [30, 0, 0],
							"lerp_mode": "catmullrom"
						},
						"0.75": {
							"post": [22.03, 0, 0],
							"lerp_mode": "catmullrom"
						},
						"1.125": {
							"post": [-30, 0, 0],
							"lerp_mode": "catmullrom"
						},
						"1.5": {
							"post": [-8.56, 0, 0],
							"lerp_mode": "catmullrom"
						}
					},
					"position": {
						"0.0": {
							"post": [0, 0.5, -3],
							"lerp_mode": "catmullrom"
						},
						"0.5": {
							"post": [0, -0.56, 0.56],
							"lerp_mode": "catmullrom"
						},
						"0.75": {
							"post": [0, 0.96, 0.32],
							"lerp_mode": "catmullrom"
						},
						"0.875": {
							"post": [0, 2.44, -0.44],
							"lerp_mode": "catmullrom"
						},
						"1.125": {
							"post": [0, 1, -1],
							"lerp_mode": "catmullrom"
						},
						"1.5": {
							"post": [0, 0.5, -3],
							"lerp_mode": "catmullrom"
						}
					}
				},
				"leg3": {
					"rotation": {
						"0.0": {
							"post": [22.03, 0, 0],
							"lerp_mode": "catmullrom"
						},
						"0.375": {
							"post": [-30, 0, 0],
							"lerp_mode": "catmullrom"
						},
						"1.25": {
							"post": [30, 0, 0],
							"lerp_mode": "catmullrom"
						},
						"1.5": {
							"post": [22.03, 0, 0],
							"lerp_mode": "catmullrom"
						}
					},
					"position": {
						"0.0": {
							"post": [0, 0.96, 0.32],
							"lerp_mode": "catmullrom"
						},
						"0.125": {
							"post": [0, 2.44, -0.44],
							"lerp_mode": "catmullrom"
						},
						"0.375": {
							"post": [0, 1, -1],
							"lerp_mode": "catmullrom"
						},
						"0.75": {
							"post": [0, 0.5, -3],
							"lerp_mode": "catmullrom"
						},
						"1.25": {
							"post": [0, -0.56, 0.56],
							"lerp_mode": "catmullrom"
						},
						"1.5": {
							"post": [0, 0.96, 0.32],
							"lerp_mode": "catmullrom"
						}
					}
				},
				"body": {
					"rotation": {
						"0.0": {
							"post": [0, 0, 2.5],
							"lerp_mode": "catmullrom"
						},
						"0.375": {
							"post": [0, 0, 0],
							"lerp_mode": "catmullrom"
						},
						"0.75": {
							"post": [0, 0, -2.5],
							"lerp_mode": "catmullrom"
						},
						"1.125": {
							"post": [0, 0, 0],
							"lerp_mode": "catmullrom"
						},
						"1.5": {
							"post": [0, 0, 2.5],
							"lerp_mode": "catmullrom"
						}
					},
					"position": {
						"0.0": {
							"post": [0, 0, 0],
							"lerp_mode": "catmullrom"
						},
						"0.375": {
							"post": [0, 0.5, 0],
							"lerp_mode": "catmullrom"
						},
						"0.75": {
							"post": [0, 0, 0],
							"lerp_mode": "catmullrom"
						},
						"1.125": {
							"post": [0, 0.5, 0],
							"lerp_mode": "catmullrom"
						},
						"1.5": {
							"post": [0, 0, 0],
							"lerp_mode": "catmullrom"
						}
					}
				},
				"left_ear": {
					"rotation": {
						"0.0": {
							"post": [-5, 0, 0],
							"lerp_mode": "catmullrom"
						},
						"0.2083": {
							"post": [-5, 0, 0],
							"lerp_mode": "catmullrom"
						},
						"0.375": {
							"post": [5, 0, 0],
							"lerp_mode": "catmullrom"
						},
						"0.5833": {
							"post": [7.5, 0, 0],
							"lerp_mode": "catmullrom"
						},
						"0.75": {
							"post": [-5, 0, 0],
							"lerp_mode": "catmullrom"
						},
						"0.9583": {
							"post": [-5, 0, 0],
							"lerp_mode": "catmullrom"
						},
						"1.125": {
							"post": [5, 0, 0],
							"lerp_mode": "catmullrom"
						},
						"1.3333": {
							"post": [7.5, 0, 0],
							"lerp_mode": "catmullrom"
						},
						"1.5": {
							"post": [-5, 0, 0],
							"lerp_mode": "catmullrom"
						}
					}
				},
				"right_ear": {
					"rotation": {
						"0.0": {
							"post": [-5, 0, 0],
							"lerp_mode": "catmullrom"
						},
						"0.2083": {
							"post": [-5, 0, 0],
							"lerp_mode": "catmullrom"
						},
						"0.375": {
							"post": [5, 0, 0],
							"lerp_mode": "catmullrom"
						},
						"0.5833": {
							"post": [7.5, 0, 0],
							"lerp_mode": "catmullrom"
						},
						"0.75": {
							"post": [-5, 0, 0],
							"lerp_mode": "catmullrom"
						},
						"0.9583": {
							"post": [-5, 0, 0],
							"lerp_mode": "catmullrom"
						},
						"1.125": {
							"post": [5, 0, 0],
							"lerp_mode": "catmullrom"
						},
						"1.3333": {
							"post": [7.5, 0, 0],
							"lerp_mode": "catmullrom"
						},
						"1.5": {
							"post": [-5, 0, 0],
							"lerp_mode": "catmullrom"
						}
					}
				}
			}
		},
		"animation.polarbear.run": {
			"loop": true,
			"animation_length": 1.25,
			"anim_time_update": "q.anim_time + (q.delta_time * (q.modified_move_speed * 3))",
			"bones": {
				"body": {
					"rotation": {
						"0.0": {
							"post": [5, 0, 0],
							"lerp_mode": "catmullrom"
						},
						"0.625": {
							"post": [-5, 0, 0],
							"lerp_mode": "catmullrom"
						},
						"1.25": {
							"post": [5, 0, 0],
							"lerp_mode": "catmullrom"
						}
					},
					"position": {
						"0.0": {
							"post": [0, -1, 0],
							"lerp_mode": "catmullrom"
						},
						"0.2917": {
							"post": [0, 1, 0],
							"lerp_mode": "catmullrom"
						},
						"0.625": {
							"post": [0, 1, 0],
							"lerp_mode": "catmullrom"
						},
						"0.9167": {
							"post": [0, -1, 0],
							"lerp_mode": "catmullrom"
						},
						"1.25": {
							"post": [0, -1, 0],
							"lerp_mode": "catmullrom"
						}
					}
				},
				"head": {
					"rotation": {
						"0.0": {
							"post": [0, 0, 0],
							"lerp_mode": "catmullrom"
						},
						"0.2917": {
							"post": [0, 0, 0],
							"lerp_mode": "catmullrom"
						},
						"0.625": {
							"post": [10, 0, 0],
							"lerp_mode": "catmullrom"
						},
						"0.9167": {
							"post": [10, 0, 0],
							"lerp_mode": "catmullrom"
						},
						"1.25": {
							"post": [0, 0, 0],
							"lerp_mode": "catmullrom"
						}
					},
					"position": {
						"0.0": {
							"post": [0, -2, 0],
							"lerp_mode": "catmullrom"
						},
						"0.625": {
							"post": [0, 3, 1],
							"lerp_mode": "catmullrom"
						},
						"1.25": {
							"post": [0, -2, 0],
							"lerp_mode": "catmullrom"
						}
					}
				},
				"left_ear": {
					"rotation": {
						"0.0": {
							"post": [-25, 0, 0],
							"lerp_mode": "catmullrom"
						},
						"0.2917": {
							"post": [-25, 0, 0],
							"lerp_mode": "catmullrom"
						},
						"0.625": {
							"post": [25, 0, 0],
							"lerp_mode": "catmullrom"
						},
						"0.9167": {
							"post": [25, 0, 0],
							"lerp_mode": "catmullrom"
						},
						"1.25": {
							"post": [-25, 0, 0],
							"lerp_mode": "catmullrom"
						}
					}
				},
				"right_ear": {
					"rotation": {
						"0.0": {
							"post": [-25, 0, 0],
							"lerp_mode": "catmullrom"
						},
						"0.2917": {
							"post": [-25, 0, 0],
							"lerp_mode": "catmullrom"
						},
						"0.625": {
							"post": [25, 0, 0],
							"lerp_mode": "catmullrom"
						},
						"0.9167": {
							"post": [25, 0, 0],
							"lerp_mode": "catmullrom"
						},
						"1.25": {
							"post": [-25, 0, 0],
							"lerp_mode": "catmullrom"
						}
					}
				},
				"leg0": {
					"rotation": {
						"0.0": {
							"post": [-10, 0, 0],
							"lerp_mode": "catmullrom"
						},
						"0.125": {
							"post": [-30, 0, 0],
							"lerp_mode": "catmullrom"
						},
						"0.9583": {
							"post": [30, 0, 0],
							"lerp_mode": "catmullrom"
						},
						"1.25": {
							"post": [-10, 0, 0],
							"lerp_mode": "catmullrom"
						}
					},
					"position": {
						"0.0": {
							"post": [0, 2.24, 0.32],
							"lerp_mode": "catmullrom"
						},
						"0.125": {
							"post": [0, 1, 0],
							"lerp_mode": "catmullrom"
						},
						"0.4583": {
							"post": [0, 0.5, -2],
							"lerp_mode": "catmullrom"
						},
						"0.9583": {
							"post": [0, -0.56, 1.56],
							"lerp_mode": "catmullrom"
						},
						"1.1667": {
							"post": [0, 2.44, 0.56],
							"lerp_mode": "catmullrom"
						},
						"1.25": {
							"post": [0, 2.24, 0.32],
							"lerp_mode": "catmullrom"
						}
					}
				},
				"leg1": {
					"rotation": {
						"0.0": {
							"post": [-30, 0, 0],
							"lerp_mode": "catmullrom"
						},
						"0.8333": {
							"post": [30, 0, 0],
							"lerp_mode": "catmullrom"
						},
						"1.25": {
							"post": [-30, 0, 0],
							"lerp_mode": "catmullrom"
						}
					},
					"position": {
						"0.0": {
							"post": [0, 1, 0],
							"lerp_mode": "catmullrom"
						},
						"0.2917": {
							"post": [0, 0.5, -2],
							"lerp_mode": "catmullrom"
						},
						"0.8333": {
							"post": [0, -0.56, 1.56],
							"lerp_mode": "catmullrom"
						},
						"1.0417": {
							"post": [0, 2.44, 0.56],
							"lerp_mode": "catmullrom"
						},
						"1.25": {
							"post": [0, 1, 0],
							"lerp_mode": "catmullrom"
						}
					}
				},
				"leg2": {
					"rotation": {
						"0.0": {
							"post": [28.71, 0, 0],
							"lerp_mode": "catmullrom"
						},
						"0.0417": {
							"post": [30, 0, 0],
							"lerp_mode": "catmullrom"
						},
						"0.125": {
							"post": [22.03, 0, 0],
							"lerp_mode": "catmullrom"
						},
						"0.4583": {
							"post": [-30, 0, 0],
							"lerp_mode": "catmullrom"
						},
						"1.25": {
							"post": [28.71, 0, 0],
							"lerp_mode": "catmullrom"
						}
					},
					"position": {
						"0.0": {
							"post": [0, -0.56, 1.42],
							"lerp_mode": "catmullrom"
						},
						"0.0417": {
							"post": [0, -0.56, 1.56],
							"lerp_mode": "catmullrom"
						},
						"0.125": {
							"post": [0, 0.96, 1.32],
							"lerp_mode": "catmullrom"
						},
						"0.25": {
							"post": [0, 2.44, 0.56],
							"lerp_mode": "catmullrom"
						},
						"0.4583": {
							"post": [0, 1, 0],
							"lerp_mode": "catmullrom"
						},
						"0.75": {
							"post": [0, 0.5, -2],
							"lerp_mode": "catmullrom"
						},
						"1.25": {
							"post": [0, -0.56, 1.42],
							"lerp_mode": "catmullrom"
						}
					}
				},
				"leg3": {
					"rotation": {
						"0.0": {
							"post": [22.03, 0, 0],
							"lerp_mode": "catmullrom"
						},
						"0.2917": {
							"post": [-30, 0, 0],
							"lerp_mode": "catmullrom"
						},
						"1.125": {
							"post": [30, 0, 0],
							"lerp_mode": "catmullrom"
						},
						"1.25": {
							"post": [22.03, 0, 0],
							"lerp_mode": "catmullrom"
						}
					},
					"position": {
						"0.0": {
							"post": [0, 0.96, 1.32],
							"lerp_mode": "catmullrom"
						},
						"0.0833": {
							"post": [0, 2.44, 0.56],
							"lerp_mode": "catmullrom"
						},
						"0.2917": {
							"post": [0, 1, 0],
							"lerp_mode": "catmullrom"
						},
						"0.625": {
							"post": [0, 0.5, -2],
							"lerp_mode": "catmullrom"
						},
						"1.125": {
							"post": [0, -0.56, 1.56],
							"lerp_mode": "catmullrom"
						},
						"1.25": {
							"post": [0, 0.96, 1.32],
							"lerp_mode": "catmullrom"
						}
					}
				}
			}
		},
		"animation.polarbear.stomp": {
			"loop": "hold_on_last_frame",
			"animation_length": 1,
			"anim_time_update": "q.anim_time + q.delta_time * 2",
			"bones": {
				"body": {
					"rotation": {
						"0.0": [0, 0, 0],
						"0.5": [-17.5, 0, 0],
						"0.875": [0, 0, 0]
					},
					"position": {
						"0.0": [0, 0, 0],
						"0.3333": [0, 4, 0],
						"0.75": [0, 0, 0]
					}
				},
				"head": {
					"rotation": {
						"0.0": [0, 0, 0],
						"0.25": [20, 0, 0],
						"0.7083": [20, 0, 0],
						"0.9167": [0, 0, 0]
					},
					"position": {
						"0.0": [0, 0, 0],
						"0.3333": [0, 9, 2],
						"0.8333": [0, 0, 0]
					}
				},
				"leg0": {
					"rotation": {
						"0.2917": [0, 0, 0],
						"0.4167": [-7.5, 0, 0],
						"0.6667": [10, 0, 0]
					},
					"position": {
						"0.2917": [0, 0, 0],
						"0.5": [0, 2, 1],
						"0.6667": [0, 0, 1]
					}
				},
				"leg1": {
					"rotation": {
						"0.0": [0, 0, 0],
						"0.125": [-7.5, 0, 0],
						"0.375": [10, 0, 0]
					},
					"position": {
						"0.0": [0, 0, 0],
						"0.2083": [0, 2, 1],
						"0.375": [0, 0, 1]
					}
				},
				"leg2": {
					"rotation": {
						"0.0": [0, 0, 0],
						"0.125": [35, 0, 0],
						"0.5833": [-60, 0, 0],
						"0.9167": [0, 0, 0]
					},
					"position": {
						"0.0": [0, 0, 0],
						"0.375": [0, 8, 2],
						"0.8333": [0, 0, 0]
					}
				},
				"leg3": {
					"rotation": {
						"0.0": [0, 0, 0],
						"0.125": [35, 0, 0],
						"0.5": [-60, 0, 0],
						"0.8333": [0, 0, 0]
					},
					"position": {
						"0.0": [0, 0, 0],
						"0.5": [0, 8, 2],
						"0.75": [0, 0, 0]
					}
				}
			}
		},
		"animation.polarbear.death": {
			"loop": "hold_on_last_frame",
			"animation_length": 1.16667,
			"bones": {
				"root": {
					"rotation": {
						"0.0": [0, 0, 0],
						"0.25": [0, 0, -7.5],
						"0.75": [0, 0, 90],
						"0.8333": [0, 0, 87.5],
						"0.9167": [0, 0, 90]
					},
					"position": {
						"0.0": [0, 0, 0],
						"0.25": [-1, 0, 0],
						"0.75": [-1, 3, 0]
					}
				},
				"body": {
					"rotation": {
						"0.0": [0, 0, 0],
						"0.125": [0, 0, -7.5],
						"0.375": [0, 0, 0]
					}
				},
				"head": {
					"rotation": {
						"0.0": [0, 0, 0],
						"0.125": [0, -30, 0],
						"0.25": [0, -30, 0],
						"0.4583": [0, 30, 0],
						"0.75": [0, 30, 0],
						"0.9167": [0, 0, 0],
						"1.0417": [0, 5, 0],
						"1.1667": [0, 0, 0]
					}
				},
				"left_ear": {
					"rotation": {
						"0.0": [0, 0, 0],
						"0.125": [36.69146, -16.27014, -29.29198],
						"0.25": [36.69146, -16.27014, -29.29198],
						"0.4583": [27.20133, 53.58754, 9.97755],
						"0.75": [27.20133, 53.58754, 9.97755],
						"0.9583": [0, 0, 7.5]
					}
				},
				"right_ear": {
					"rotation": {
						"0.0": [0, 0, 0],
						"0.125": [36.69146, -16.27014, -29.29198],
						"0.25": [36.69146, -16.27014, -29.29198],
						"0.4583": [27.20133, 53.58754, 9.97755],
						"0.75": [27.20133, 53.58754, 9.97755],
						"0.9583": [0, 0, 47.5]
					}
				},
				"leg0": {
					"rotation": {
						"0.0": [0, 0, 0],
						"0.125": [0, 0, -12.5],
						"0.25": [0, 0, 25],
						"0.5417": [0, 0, 37.5],
						"0.75": [0, 0, 37.5],
						"0.9167": [0, 0, -27.5],
						"1.0": [0, 0, -22.5],
						"1.1667": [0, 0, -27.5]
					},
					"position": {
						"0.0": [0, 0, 0],
						"0.125": [-1, 1, 0],
						"0.25": [0, 0, 0]
					}
				},
				"leg1": {
					"rotation": {
						"0.0": [0, 0, 0],
						"0.125": [0, 0, -17.5],
						"0.25": [0, 0, 0],
						"0.375": [0, 0, 12.5],
						"0.75": [0, 0, 12.5],
						"0.9167": [0, 0, 0],
						"1.0": [0, 0, 2.5],
						"1.1667": [0, 0, 0]
					},
					"position": {
						"0.0": [0, 0, 0],
						"0.125": [0, -1, 0],
						"0.25": [0, 1, 0],
						"0.375": [0, 0, 0]
					}
				},
				"leg2": {
					"rotation": {
						"0.0": [0, 0, 0],
						"0.125": [0, 0, -12.5],
						"0.25": [0, 0, 25],
						"0.5417": [0, 0, 37.5],
						"0.75": [0, 0, 37.5],
						"0.9167": [0, 0, -27.5],
						"1.0": [0, 0, -22.5],
						"1.1667": [0, 0, -27.5]
					},
					"position": {
						"0.0": [0, 0, 0],
						"0.125": [-1, 1, 0],
						"0.25": [0, 0, 0]
					}
				},
				"leg3": {
					"rotation": {
						"0.0": [0, 0, 0],
						"0.125": [0, 0, -17.5],
						"0.25": [0, 0, 0],
						"0.375": [0, 0, 12.5],
						"0.75": [0, 0, 12.5],
						"0.9167": [0, 0, 0],
						"1.0": [0, 0, 2.5],
						"1.1667": [0, 0, 0]
					},
					"position": {
						"0.0": [0, 0, 0],
						"0.125": [0, -1, 0],
						"0.25": [0, 1, 0],
						"0.375": [0, 0, 0]
					}
				}
			}
		},
		"animation.polarbear.death_rot": {
			"animation_length": 1.16667,
			"bones": {
				"root": {
					"rotation": [0, 0, "Math.min(Math.sqrt(Math.max(0, query.anim_time * 20 - 0.5) / 20 * 1.6), 1) * -90"]
				}
			}
		}
	}
}