{
	"format_version": "1.8.0",
	"animations": {
		"animation.sheep.blink": {
			"loop": true,
			"animation_length": 3,
			"bones": {
				"eyelids": {
					"position": {
						"0.0": [0, 0, 1],
						"1.0": [0, 0, 0],
						"1.5": [0, 0, 1],
						"3.0": [0, 0, 1]
					}
				}
			}
		},
		"animation.sheep.idle": {
			"loop": true,
			"animation_length": 1.5,
			"anim_time_update": "q.anim_time + q.delta_time * 0.6",
			"bones": {
				"body": {
					"position": {
						"0.0": {
							"post": [0, 0, 0],
							"lerp_mode": "catmullrom"
						},
						"0.75": {
							"post": [0, -0.5, 0],
							"lerp_mode": "catmullrom"
						},
						"1.5": {
							"post": [0, 0, 0],
							"lerp_mode": "catmullrom"
						}
					}
				},
				"head": {
					"rotation": {
						"0.0": {
							"post": [2.5, 0, 0],
							"lerp_mode": "catmullrom"
						},
						"0.4167": {
							"post": [0, 0, 0],
							"lerp_mode": "catmullrom"
						},
						"0.75": {
							"post": [0, 0, 0],
							"lerp_mode": "catmullrom"
						},
						"1.125": {
							"post": [2.5, 0, 0],
							"lerp_mode": "catmullrom"
						},
						"1.5": {
							"post": [2.5, 0, 0],
							"lerp_mode": "catmullrom"
						}
					},
					"position": {
						"0.0": {
							"post": [0, 0, 0],
							"lerp_mode": "catmullrom"
						},
						"0.75": {
							"post": [0, -0.5, 0],
							"lerp_mode": "catmullrom"
						},
						"1.5": {
							"post": [0, 0, 0],
							"lerp_mode": "catmullrom"
						}
					}
				}
			}
		},
		"animation.sheep.walk": {
			"loop": true,
			"animation_length": 1.5,
			"anim_time_update": "q.anim_time + (q.delta_time * (q.modified_move_speed * 4))",
			"bones": {
				"body": {
					"rotation": {
						"0.0": {
							"post": [0, 0, 5],
							"lerp_mode": "catmullrom"
						},
						"0.375": {
							"post": [0, 0, 0],
							"lerp_mode": "catmullrom"
						},
						"0.75": {
							"post": [0, 0, -5],
							"lerp_mode": "catmullrom"
						},
						"1.125": {
							"post": [0, 0, 0],
							"lerp_mode": "catmullrom"
						},
						"1.5": {
							"post": [0, 0, 5],
							"lerp_mode": "catmullrom"
						}
					},
					"position": {
						"0.0": {
							"post": [0, -1, 0],
							"lerp_mode": "catmullrom"
						},
						"0.375": {
							"post": [0, -0.5, 0],
							"lerp_mode": "catmullrom"
						},
						"0.75": {
							"post": [0, -1, 0],
							"lerp_mode": "catmullrom"
						},
						"1.125": {
							"post": [0, -0.5, 0],
							"lerp_mode": "catmullrom"
						},
						"1.5": {
							"post": [0, -1, 0],
							"lerp_mode": "catmullrom"
						}
					}
				},
				"leg0": {
					"rotation": {
						"0.0": {
							"post": [14.69, 0, 0],
							"lerp_mode": "catmullrom"
						},
						"0.25": {
							"post": [20, 0, 0],
							"lerp_mode": "catmullrom"
						},
						"0.75": {
							"post": [-20, 0, 0],
							"lerp_mode": "catmullrom"
						},
						"1.5": {
							"post": [14.69, 0, 0],
							"lerp_mode": "catmullrom"
						}
					},
					"position": {
						"0.0": {
							"post": [0, -0.18, 1.02],
							"lerp_mode": "catmullrom"
						},
						"0.25": {
							"post": [0, -0.25, 2],
							"lerp_mode": "catmullrom"
						},
						"0.5": {
							"post": [0, 1.88, 1.5],
							"lerp_mode": "catmullrom"
						},
						"0.75": {
							"post": [0, -0.25, 1],
							"lerp_mode": "catmullrom"
						},
						"1.125": {
							"post": [0, -0.09, -1.25],
							"lerp_mode": "catmullrom"
						},
						"1.5": {
							"post": [0, -0.18, 1.02],
							"lerp_mode": "catmullrom"
						}
					}
				},
				"leg1": {
					"rotation": {
						"0.0": {
							"post": [-20, 0, 0],
							"lerp_mode": "catmullrom"
						},
						"1.0": {
							"post": [20, 0, 0],
							"lerp_mode": "catmullrom"
						},
						"1.5": {
							"post": [-20, 0, 0],
							"lerp_mode": "catmullrom"
						}
					},
					"position": {
						"0.0": {
							"post": [0, -0.25, 1],
							"lerp_mode": "catmullrom"
						},
						"0.375": {
							"post": [0, -0.09, -1.25],
							"lerp_mode": "catmullrom"
						},
						"0.75": {
							"post": [0, -0.18, 1.02],
							"lerp_mode": "catmullrom"
						},
						"1.0": {
							"post": [0, -0.25, 2],
							"lerp_mode": "catmullrom"
						},
						"1.25": {
							"post": [0, 1.88, 1.5],
							"lerp_mode": "catmullrom"
						},
						"1.5": {
							"post": [0, -0.25, 1],
							"lerp_mode": "catmullrom"
						}
					}
				},
				"leg2": {
					"rotation": {
						"0.0": {
							"post": [-5.9, 0, 0],
							"lerp_mode": "catmullrom"
						},
						"0.5833": {
							"post": [20, 0, 0],
							"lerp_mode": "catmullrom"
						},
						"0.75": {
							"post": [11.11, 0, 0],
							"lerp_mode": "catmullrom"
						},
						"1.0833": {
							"post": [-20, 0, 0],
							"lerp_mode": "catmullrom"
						},
						"1.5": {
							"post": [-5.9, 0, 0],
							"lerp_mode": "catmullrom"
						}
					},
					"position": {
						"0.0": {
							"post": [0, -0.07, -2.22],
							"lerp_mode": "catmullrom"
						},
						"0.2917": {
							"post": [0, 0.07, -0.98],
							"lerp_mode": "catmullrom"
						},
						"0.5833": {
							"post": [0, -0.25, 1],
							"lerp_mode": "catmullrom"
						},
						"0.75": {
							"post": [0, 1.39, 0.05],
							"lerp_mode": "catmullrom"
						},
						"0.9167": {
							"post": [0, 1.88, -0.5],
							"lerp_mode": "catmullrom"
						},
						"1.0833": {
							"post": [0, -0.25, -1],
							"lerp_mode": "catmullrom"
						},
						"1.4583": {
							"post": [0, -0.09, -2.25],
							"lerp_mode": "catmullrom"
						},
						"1.5": {
							"post": [0, -0.07, -2.22],
							"lerp_mode": "catmullrom"
						}
					}
				},
				"leg3": {
					"rotation": {
						"0.0": {
							"post": [11.11, 0, 0],
							"lerp_mode": "catmullrom"
						},
						"0.3333": {
							"post": [-20, 0, 0],
							"lerp_mode": "catmullrom"
						},
						"1.3333": {
							"post": [20, 0, 0],
							"lerp_mode": "catmullrom"
						},
						"1.5": {
							"post": [11.11, 0, 0],
							"lerp_mode": "catmullrom"
						}
					},
					"position": {
						"0.0": {
							"post": [0, 1.39, 0.05],
							"lerp_mode": "catmullrom"
						},
						"0.1667": {
							"post": [0, 1.88, -0.5],
							"lerp_mode": "catmullrom"
						},
						"0.3333": {
							"post": [0, -0.25, -1],
							"lerp_mode": "catmullrom"
						},
						"0.7083": {
							"post": [0, -0.09, -2.25],
							"lerp_mode": "catmullrom"
						},
						"1.0417": {
							"post": [0, 0.07, -0.98],
							"lerp_mode": "catmullrom"
						},
						"1.3333": {
							"post": [0, -0.25, 1],
							"lerp_mode": "catmullrom"
						},
						"1.5": {
							"post": [0, 1.39, 0.05],
							"lerp_mode": "catmullrom"
						}
					}
				},
				"head": {
					"rotation": {
						"0.0": {
							"post": [2.5, 0, 0],
							"lerp_mode": "catmullrom"
						},
						"0.1667": {
							"post": [2.5, 0, 0],
							"lerp_mode": "catmullrom"
						},
						"0.375": {
							"post": [0, 0, 0],
							"lerp_mode": "catmullrom"
						},
						"0.5417": {
							"post": [0, 0, 0],
							"lerp_mode": "catmullrom"
						},
						"0.75": {
							"post": [2.5, 0, 0],
							"lerp_mode": "catmullrom"
						},
						"0.9167": {
							"post": [2.5, 0, 0],
							"lerp_mode": "catmullrom"
						},
						"1.125": {
							"post": [0, 0, 0],
							"lerp_mode": "catmullrom"
						},
						"1.2917": {
							"post": [0, 0, 0],
							"lerp_mode": "catmullrom"
						},
						"1.5": {
							"post": [2.5, 0, 0],
							"lerp_mode": "catmullrom"
						}
					},
					"position": {
						"0.0": {
							"post": [0, -1.5, 0],
							"lerp_mode": "catmullrom"
						},
						"0.375": {
							"post": [0, -0.5, 0],
							"lerp_mode": "catmullrom"
						},
						"0.75": {
							"post": [0, -1.5, 0],
							"lerp_mode": "catmullrom"
						},
						"1.125": {
							"post": [0, -0.5, 0],
							"lerp_mode": "catmullrom"
						},
						"1.5": {
							"post": [0, -1.5, 0],
							"lerp_mode": "catmullrom"
						}
					}
				}
			}
		},
		"animation.sheep.walk_sheared": {
			"loop": true,
			"animation_length": 1.5,
			"anim_time_update": "q.anim_time + (q.delta_time * (q.modified_move_speed * 4))",
			"bones": {
				"body": {
					"rotation": {
						"0.0": {
							"post": [0, 0, 5],
							"lerp_mode": "catmullrom"
						},
						"0.375": {
							"post": [0, 0, 0],
							"lerp_mode": "catmullrom"
						},
						"0.75": {
							"post": [0, 0, -5],
							"lerp_mode": "catmullrom"
						},
						"1.125": {
							"post": [0, 0, 0],
							"lerp_mode": "catmullrom"
						},
						"1.5": {
							"post": [0, 0, 5],
							"lerp_mode": "catmullrom"
						}
					},
					"position": {
						"0.0": {
							"post": [0, -1, 0],
							"lerp_mode": "catmullrom"
						},
						"0.375": {
							"post": [0, -0.5, 0],
							"lerp_mode": "catmullrom"
						},
						"0.75": {
							"post": [0, -1, 0],
							"lerp_mode": "catmullrom"
						},
						"1.125": {
							"post": [0, -0.5, 0],
							"lerp_mode": "catmullrom"
						},
						"1.5": {
							"post": [0, -1, 0],
							"lerp_mode": "catmullrom"
						}
					}
				},
				"leg0": {
					"rotation": {
						"0.0": {
							"post": [14.69, 0, 0],
							"lerp_mode": "catmullrom"
						},
						"0.25": {
							"post": [20, 0, 0],
							"lerp_mode": "catmullrom"
						},
						"0.75": {
							"post": [-20, 0, 0],
							"lerp_mode": "catmullrom"
						},
						"1.5": {
							"post": [14.69, 0, 0],
							"lerp_mode": "catmullrom"
						}
					},
					"position": {
						"0.0": {
							"post": [0, 0.03, -0.65],
							"lerp_mode": "catmullrom"
						},
						"0.25": {
							"post": [0, -0.25, 1],
							"lerp_mode": "catmullrom"
						},
						"0.5": {
							"post": [0, 1.88, -0.5],
							"lerp_mode": "catmullrom"
						},
						"0.75": {
							"post": [0, -0.25, -1],
							"lerp_mode": "catmullrom"
						},
						"1.125": {
							"post": [0, -0.09, -3.25],
							"lerp_mode": "catmullrom"
						},
						"1.4583": {
							"post": [0, 0.07, -0.98],
							"lerp_mode": "catmullrom"
						},
						"1.5": {
							"post": [0, 0.03, -0.65],
							"lerp_mode": "catmullrom"
						}
					}
				},
				"leg1": {
					"rotation": {
						"0.0": {
							"post": [-20, 0, 0],
							"lerp_mode": "catmullrom"
						},
						"1.0": {
							"post": [20, 0, 0],
							"lerp_mode": "catmullrom"
						},
						"1.5": {
							"post": [-20, 0, 0],
							"lerp_mode": "catmullrom"
						}
					},
					"position": {
						"0.0": {
							"post": [0, -0.25, -1],
							"lerp_mode": "catmullrom"
						},
						"0.375": {
							"post": [0, -0.09, -3.25],
							"lerp_mode": "catmullrom"
						},
						"0.7083": {
							"post": [0, 0.07, -0.98],
							"lerp_mode": "catmullrom"
						},
						"1.0": {
							"post": [0, -0.25, 1],
							"lerp_mode": "catmullrom"
						},
						"1.25": {
							"post": [0, 1.88, -0.5],
							"lerp_mode": "catmullrom"
						},
						"1.5": {
							"post": [0, -0.25, -1],
							"lerp_mode": "catmullrom"
						}
					}
				},
				"leg2": {
					"rotation": {
						"0.0": {
							"post": [-5.9, 0, 0],
							"lerp_mode": "catmullrom"
						},
						"0.5833": {
							"post": [20, 0, 0],
							"lerp_mode": "catmullrom"
						},
						"0.75": {
							"post": [11.11, 0, 0],
							"lerp_mode": "catmullrom"
						},
						"1.0833": {
							"post": [-20, 0, 0],
							"lerp_mode": "catmullrom"
						},
						"1.5": {
							"post": [-5.9, 0, 0],
							"lerp_mode": "catmullrom"
						}
					},
					"position": {
						"0.0": {
							"post": [0, -0.07, -2.22],
							"lerp_mode": "catmullrom"
						},
						"0.2917": {
							"post": [0, 0.07, -0.98],
							"lerp_mode": "catmullrom"
						},
						"0.5833": {
							"post": [0, -0.25, 1],
							"lerp_mode": "catmullrom"
						},
						"0.75": {
							"post": [0, 1.39, 0.05],
							"lerp_mode": "catmullrom"
						},
						"0.9167": {
							"post": [0, 1.88, -0.5],
							"lerp_mode": "catmullrom"
						},
						"1.0833": {
							"post": [0, -0.25, -1],
							"lerp_mode": "catmullrom"
						},
						"1.4583": {
							"post": [0, -0.09, -2.25],
							"lerp_mode": "catmullrom"
						},
						"1.5": {
							"post": [0, -0.07, -2.22],
							"lerp_mode": "catmullrom"
						}
					}
				},
				"leg3": {
					"rotation": {
						"0.0": {
							"post": [11.11, 0, 0],
							"lerp_mode": "catmullrom"
						},
						"0.3333": {
							"post": [-20, 0, 0],
							"lerp_mode": "catmullrom"
						},
						"1.3333": {
							"post": [20, 0, 0],
							"lerp_mode": "catmullrom"
						},
						"1.5": {
							"post": [11.11, 0, 0],
							"lerp_mode": "catmullrom"
						}
					},
					"position": {
						"0.0": {
							"post": [0, 1.39, 0.05],
							"lerp_mode": "catmullrom"
						},
						"0.1667": {
							"post": [0, 1.88, -0.5],
							"lerp_mode": "catmullrom"
						},
						"0.3333": {
							"post": [0, -0.25, -1],
							"lerp_mode": "catmullrom"
						},
						"0.7083": {
							"post": [0, -0.09, -2.25],
							"lerp_mode": "catmullrom"
						},
						"1.0417": {
							"post": [0, 0.07, -0.98],
							"lerp_mode": "catmullrom"
						},
						"1.3333": {
							"post": [0, -0.25, 1],
							"lerp_mode": "catmullrom"
						},
						"1.5": {
							"post": [0, 1.39, 0.05],
							"lerp_mode": "catmullrom"
						}
					}
				},
				"head": {
					"rotation": {
						"0.0": {
							"post": [2.5, 0, 0],
							"lerp_mode": "catmullrom"
						},
						"0.1667": {
							"post": [2.5, 0, 0],
							"lerp_mode": "catmullrom"
						},
						"0.375": {
							"post": [0, 0, 0],
							"lerp_mode": "catmullrom"
						},
						"0.5417": {
							"post": [0, 0, 0],
							"lerp_mode": "catmullrom"
						},
						"0.75": {
							"post": [2.5, 0, 0],
							"lerp_mode": "catmullrom"
						},
						"0.9167": {
							"post": [2.5, 0, 0],
							"lerp_mode": "catmullrom"
						},
						"1.125": {
							"post": [0, 0, 0],
							"lerp_mode": "catmullrom"
						},
						"1.2917": {
							"post": [0, 0, 0],
							"lerp_mode": "catmullrom"
						},
						"1.5": {
							"post": [2.5, 0, 0],
							"lerp_mode": "catmullrom"
						}
					},
					"position": {
						"0.0": {
							"post": [0, -1.5, 0],
							"lerp_mode": "catmullrom"
						},
						"0.375": {
							"post": [0, -0.5, 0],
							"lerp_mode": "catmullrom"
						},
						"0.75": {
							"post": [0, -1.5, 0],
							"lerp_mode": "catmullrom"
						},
						"1.125": {
							"post": [0, -0.5, 0],
							"lerp_mode": "catmullrom"
						},
						"1.5": {
							"post": [0, -1.5, 0],
							"lerp_mode": "catmullrom"
						}
					}
				}
			}
		},
		"animation.sheep.run": {
			"loop": true,
			"animation_length": 1.5,
			"anim_time_update": "q.anim_time + (q.delta_time * (q.modified_move_speed * 4))",
			"bones": {
				"body": {
					"rotation": {
						"0.0": {
							"post": [5, 0, 0],
							"lerp_mode": "catmullrom"
						},
						"0.75": {
							"post": [-5, 0, 0],
							"lerp_mode": "catmullrom"
						},
						"1.5": {
							"post": [5, 0, 0],
							"lerp_mode": "catmullrom"
						}
					},
					"position": {
						"0.0": {
							"post": [0, -2.5, 0],
							"lerp_mode": "catmullrom"
						},
						"0.375": {
							"post": [0, -1.5, 0],
							"lerp_mode": "catmullrom"
						},
						"0.75": {
							"post": [0, -1.5, 0],
							"lerp_mode": "catmullrom"
						},
						"1.125": {
							"post": [0, -2.5, 0],
							"lerp_mode": "catmullrom"
						},
						"1.5": {
							"post": [0, -2.5, 0],
							"lerp_mode": "catmullrom"
						}
					}
				},
				"leg0": {
					"rotation": {
						"0.0": {
							"post": [-6.67, 0, 0],
							"lerp_mode": "catmullrom"
						},
						"0.1667": {
							"post": [-20, 0, 0],
							"lerp_mode": "catmullrom"
						},
						"1.1667": {
							"post": [20, 0, 0],
							"lerp_mode": "catmullrom"
						},
						"1.5": {
							"post": [-6.67, 0, 0],
							"lerp_mode": "catmullrom"
						}
					},
					"position": {
						"0.0": {
							"post": [0, 1.41, 0.24],
							"lerp_mode": "catmullrom"
						},
						"0.1667": {
							"post": [0, -0.25, 0],
							"lerp_mode": "catmullrom"
						},
						"0.5417": {
							"post": [0, -0.09, -2.25],
							"lerp_mode": "catmullrom"
						},
						"0.875": {
							"post": [0, 0.07, 0.02],
							"lerp_mode": "catmullrom"
						},
						"1.1667": {
							"post": [0, -0.25, 2],
							"lerp_mode": "catmullrom"
						},
						"1.4167": {
							"post": [0, 1.88, 0.5],
							"lerp_mode": "catmullrom"
						},
						"1.5": {
							"post": [0, 1.41, 0.24],
							"lerp_mode": "catmullrom"
						}
					}
				},
				"leg1": {
					"rotation": {
						"0.0": {
							"post": [-20, 0, 0],
							"lerp_mode": "catmullrom"
						},
						"1.0": {
							"post": [20, 0, 0],
							"lerp_mode": "catmullrom"
						},
						"1.5": {
							"post": [-20, 0, 0],
							"lerp_mode": "catmullrom"
						}
					},
					"position": {
						"0.0": {
							"post": [0, -0.25, 0],
							"lerp_mode": "catmullrom"
						},
						"0.375": {
							"post": [0, -0.09, -1.25],
							"lerp_mode": "catmullrom"
						},
						"0.7083": {
							"post": [0, 0.07, 0.02],
							"lerp_mode": "catmullrom"
						},
						"1.0": {
							"post": [0, -0.25, 2],
							"lerp_mode": "catmullrom"
						},
						"1.25": {
							"post": [0, 1.88, 0.5],
							"lerp_mode": "catmullrom"
						},
						"1.5": {
							"post": [0, -0.25, 0],
							"lerp_mode": "catmullrom"
						}
					}
				},
				"leg2": {
					"rotation": {
						"0.0": {
							"post": [19.14, 0, 0],
							"lerp_mode": "catmullrom"
						},
						"0.0417": {
							"post": [20, 0, 0],
							"lerp_mode": "catmullrom"
						},
						"0.1667": {
							"post": [14.69, 0, 0],
							"lerp_mode": "catmullrom"
						},
						"0.5417": {
							"post": [-20, 0, 0],
							"lerp_mode": "catmullrom"
						},
						"1.5": {
							"post": [19.14, 0, 0],
							"lerp_mode": "catmullrom"
						}
					},
					"position": {
						"0.0": {
							"post": [0, -0.28, 0.86],
							"lerp_mode": "catmullrom"
						},
						"0.0417": {
							"post": [0, -0.25, 1],
							"lerp_mode": "catmullrom"
						},
						"0.1667": {
							"post": [0, 0.93, 0.4],
							"lerp_mode": "catmullrom"
						},
						"0.2917": {
							"post": [0, 1.88, -0.5],
							"lerp_mode": "catmullrom"
						},
						"0.5417": {
							"post": [0, -0.25, -1],
							"lerp_mode": "catmullrom"
						},
						"0.9167": {
							"post": [0, -0.09, -3.25],
							"lerp_mode": "catmullrom"
						},
						"1.25": {
							"post": [0, 0.07, -0.98],
							"lerp_mode": "catmullrom"
						},
						"1.5": {
							"post": [0, -0.28, 0.86],
							"lerp_mode": "catmullrom"
						}
					}
				},
				"leg3": {
					"rotation": {
						"0.0": {
							"post": [14.69, 0, 0],
							"lerp_mode": "catmullrom"
						},
						"0.375": {
							"post": [-20, 0, 0],
							"lerp_mode": "catmullrom"
						},
						"1.375": {
							"post": [20, 0, 0],
							"lerp_mode": "catmullrom"
						},
						"1.5": {
							"post": [14.69, 0, 0],
							"lerp_mode": "catmullrom"
						}
					},
					"position": {
						"0.0": {
							"post": [0, 0.93, 0.4],
							"lerp_mode": "catmullrom"
						},
						"0.125": {
							"post": [0, 1.88, -0.5],
							"lerp_mode": "catmullrom"
						},
						"0.375": {
							"post": [0, -0.25, -1],
							"lerp_mode": "catmullrom"
						},
						"0.75": {
							"post": [0, -0.09, -3.25],
							"lerp_mode": "catmullrom"
						},
						"1.0833": {
							"post": [0, 0.07, -0.98],
							"lerp_mode": "catmullrom"
						},
						"1.375": {
							"post": [0, -0.25, 1],
							"lerp_mode": "catmullrom"
						},
						"1.5": {
							"post": [0, 0.93, 0.4],
							"lerp_mode": "catmullrom"
						}
					}
				},
				"head": {
					"rotation": {
						"0.0": {
							"post": [10, 0, 0],
							"lerp_mode": "catmullrom"
						},
						"0.375": {
							"post": [0, 0, 0],
							"lerp_mode": "catmullrom"
						},
						"0.75": {
							"post": [0, 0, 0],
							"lerp_mode": "catmullrom"
						},
						"1.125": {
							"post": [10, 0, 0],
							"lerp_mode": "catmullrom"
						},
						"1.5": {
							"post": [10, 0, 0],
							"lerp_mode": "catmullrom"
						}
					},
					"position": {
						"0.0": {
							"post": [0, -2.5, 0],
							"lerp_mode": "catmullrom"
						},
						"0.75": {
							"post": [0, -0.5, 0.5],
							"lerp_mode": "catmullrom"
						},
						"1.5": {
							"post": [0, -2.5, 0],
							"lerp_mode": "catmullrom"
						}
					}
				}
			}
		},
		"animation.sheep.run_sheared": {
			"loop": true,
			"animation_length": 1.5,
			"anim_time_update": "q.anim_time + (q.delta_time * (q.modified_move_speed * 4))",
			"bones": {
				"body": {
					"rotation": {
						"0.0": {
							"post": [5, 0, 0],
							"lerp_mode": "catmullrom"
						},
						"0.75": {
							"post": [-5, 0, 0],
							"lerp_mode": "catmullrom"
						},
						"1.5": {
							"post": [5, 0, 0],
							"lerp_mode": "catmullrom"
						}
					},
					"position": {
						"0.0": {
							"post": [0, -2.5, 0],
							"lerp_mode": "catmullrom"
						},
						"0.375": {
							"post": [0, -1.5, 0],
							"lerp_mode": "catmullrom"
						},
						"0.75": {
							"post": [0, -1.5, 0],
							"lerp_mode": "catmullrom"
						},
						"1.125": {
							"post": [0, -2.5, 0],
							"lerp_mode": "catmullrom"
						},
						"1.5": {
							"post": [0, -2.5, 0],
							"lerp_mode": "catmullrom"
						}
					}
				},
				"leg0": {
					"rotation": {
						"0.0": {
							"post": [-6.67, 0, 0],
							"lerp_mode": "catmullrom"
						},
						"0.1667": {
							"post": [-20, 0, 0],
							"lerp_mode": "catmullrom"
						},
						"1.1667": {
							"post": [20, 0, 0],
							"lerp_mode": "catmullrom"
						},
						"1.5": {
							"post": [-6.67, 0, 0],
							"lerp_mode": "catmullrom"
						}
					},
					"position": {
						"0.0": {
							"post": [0, 1.41, -0.76],
							"lerp_mode": "catmullrom"
						},
						"0.1667": {
							"post": [0, -0.25, -1],
							"lerp_mode": "catmullrom"
						},
						"0.5417": {
							"post": [0, -0.09, -3.25],
							"lerp_mode": "catmullrom"
						},
						"0.875": {
							"post": [0, 0.07, -0.98],
							"lerp_mode": "catmullrom"
						},
						"1.1667": {
							"post": [0, -0.25, 1],
							"lerp_mode": "catmullrom"
						},
						"1.4167": {
							"post": [0, 1.88, -0.5],
							"lerp_mode": "catmullrom"
						},
						"1.5": {
							"post": [0, 1.41, -0.76],
							"lerp_mode": "catmullrom"
						}
					}
				},
				"leg1": {
					"rotation": {
						"0.0": {
							"post": [-20, 0, 0],
							"lerp_mode": "catmullrom"
						},
						"1.0": {
							"post": [20, 0, 0],
							"lerp_mode": "catmullrom"
						},
						"1.5": {
							"post": [-20, 0, 0],
							"lerp_mode": "catmullrom"
						}
					},
					"position": {
						"0.0": {
							"post": [0, -0.25, -1],
							"lerp_mode": "catmullrom"
						},
						"0.375": {
							"post": [0, -0.09, -3.25],
							"lerp_mode": "catmullrom"
						},
						"0.7083": {
							"post": [0, 0.07, -0.98],
							"lerp_mode": "catmullrom"
						},
						"1.0": {
							"post": [0, -0.25, 1],
							"lerp_mode": "catmullrom"
						},
						"1.25": {
							"post": [0, 1.88, -0.5],
							"lerp_mode": "catmullrom"
						},
						"1.5": {
							"post": [0, -0.25, -1],
							"lerp_mode": "catmullrom"
						}
					}
				},
				"leg2": {
					"rotation": {
						"0.0": {
							"post": [19.14, 0, 0],
							"lerp_mode": "catmullrom"
						},
						"0.0417": {
							"post": [20, 0, 0],
							"lerp_mode": "catmullrom"
						},
						"0.1667": {
							"post": [14.69, 0, 0],
							"lerp_mode": "catmullrom"
						},
						"0.5417": {
							"post": [-20, 0, 0],
							"lerp_mode": "catmullrom"
						},
						"1.5": {
							"post": [19.14, 0, 0],
							"lerp_mode": "catmullrom"
						}
					},
					"position": {
						"0.0": {
							"post": [0, -0.28, 0.86],
							"lerp_mode": "catmullrom"
						},
						"0.0417": {
							"post": [0, -0.25, 1],
							"lerp_mode": "catmullrom"
						},
						"0.1667": {
							"post": [0, 0.93, 0.4],
							"lerp_mode": "catmullrom"
						},
						"0.2917": {
							"post": [0, 1.88, -0.5],
							"lerp_mode": "catmullrom"
						},
						"0.5417": {
							"post": [0, -0.25, -1],
							"lerp_mode": "catmullrom"
						},
						"0.9167": {
							"post": [0, -0.09, -3.25],
							"lerp_mode": "catmullrom"
						},
						"1.25": {
							"post": [0, 0.07, -0.98],
							"lerp_mode": "catmullrom"
						},
						"1.5": {
							"post": [0, -0.28, 0.86],
							"lerp_mode": "catmullrom"
						}
					}
				},
				"leg3": {
					"rotation": {
						"0.0": {
							"post": [14.69, 0, 0],
							"lerp_mode": "catmullrom"
						},
						"0.375": {
							"post": [-20, 0, 0],
							"lerp_mode": "catmullrom"
						},
						"1.375": {
							"post": [20, 0, 0],
							"lerp_mode": "catmullrom"
						},
						"1.5": {
							"post": [14.69, 0, 0],
							"lerp_mode": "catmullrom"
						}
					},
					"position": {
						"0.0": {
							"post": [0, 0.93, 0.4],
							"lerp_mode": "catmullrom"
						},
						"0.125": {
							"post": [0, 1.88, -0.5],
							"lerp_mode": "catmullrom"
						},
						"0.375": {
							"post": [0, -0.25, -1],
							"lerp_mode": "catmullrom"
						},
						"0.75": {
							"post": [0, -0.09, -3.25],
							"lerp_mode": "catmullrom"
						},
						"1.0833": {
							"post": [0, 0.07, -0.98],
							"lerp_mode": "catmullrom"
						},
						"1.375": {
							"post": [0, -0.25, 1],
							"lerp_mode": "catmullrom"
						},
						"1.5": {
							"post": [0, 0.93, 0.4],
							"lerp_mode": "catmullrom"
						}
					}
				},
				"head": {
					"rotation": {
						"0.0": {
							"post": [10, 0, 0],
							"lerp_mode": "catmullrom"
						},
						"0.375": {
							"post": [0, 0, 0],
							"lerp_mode": "catmullrom"
						},
						"0.75": {
							"post": [0, 0, 0],
							"lerp_mode": "catmullrom"
						},
						"1.125": {
							"post": [10, 0, 0],
							"lerp_mode": "catmullrom"
						},
						"1.5": {
							"post": [10, 0, 0],
							"lerp_mode": "catmullrom"
						}
					},
					"position": {
						"0.0": {
							"post": [0, -2.5, 0],
							"lerp_mode": "catmullrom"
						},
						"0.75": {
							"post": [0, -0.5, 0.5],
							"lerp_mode": "catmullrom"
						},
						"1.5": {
							"post": [0, -2.5, 0],
							"lerp_mode": "catmullrom"
						}
					}
				}
			}
		},
		"animation.sheep.graze": {
			"loop": "hold_on_last_frame",
			"animation_length": 2.45833,
			"bones": {
				"body": {
					"rotation": {
						"0.0": [0, 0, 0],
						"0.5": [17.5, 0, 0],
						"1.8333": [17.5, 0, 0],
						"2.25": [0, 0, 0]
					},
					"position": {
						"0.0": [0, 0, 0],
						"0.5": [0, -4, 0],
						"1.8333": [0, -4, 0],
						"2.25": [0, 0, 0]
					}
				},
				"leg0": {
					"rotation": {
						"0.5833": [0, 0, 0],
						"0.8333": [-7.5, 0, 0],
						"1.5": [-7.5, 0, 0],
						"1.75": [0, 0, 0]
					},
					"position": {
						"0.5": [0, 0, 0],
						"0.6667": [0, 1, -1],
						"0.8333": [0, 0, -2],
						"1.5": [0, 0, -2],
						"1.6667": [0, 1, -1],
						"1.8333": [0, 0, 0]
					}
				},
				"leg1": {
					"rotation": {
						"0.25": [0, 0, 0],
						"0.5": [-7.5, 0, 0],
						"1.8333": [-7.5, 0, 0],
						"2.0833": [0, 0, 0]
					},
					"position": {
						"0.1667": [0, 0, 0],
						"0.3333": [0, 1, -1],
						"0.5": [0, 0, -2],
						"1.8333": [0, 0, -2],
						"2.0": [0, 1, -1],
						"2.1667": [0, 0, 0]
					}
				},
				"leg2": {
					"rotation": {
						"0.5": [0, 0, 0],
						"0.75": [20, 0, 0],
						"1.9167": [20, 0, 0],
						"2.1667": [0, 0, 0]
					},
					"position": {
						"0.375": [0, 0, 0],
						"0.5833": [0, 2, 1],
						"0.75": [0, -0.5, 1],
						"1.9167": [0, -0.5, 1],
						"2.0833": [0, 2, 1],
						"2.2917": [0, 0, 0]
					}
				},
				"leg3": {
					"rotation": {
						"0.0833": [0, 0, 0],
						"0.375": [20, 0, 0],
						"2.0833": [20, 0, 0],
						"2.375": [0, 0, 0]
					},
					"position": {
						"0.0": [0, 0, 0],
						"0.2083": [0, 2, 1],
						"0.375": [0, -0.5, 1],
						"2.0833": [0, -0.5, 1],
						"2.25": [0, 2, 1],
						"2.4583": [0, 0, 0]
					}
				},
				"head": {
					"rotation": {
						"0.0": [0, 0, 0],
						"0.25": [25, 0, 0],
						"0.5": [65, 0, 0],
						"0.6667": [52.5, 0, 0],
						"0.8333": [65, 0, 0],
						"1.0": [52.5, 0, 0],
						"1.1667": [65, 0, 0],
						"1.3333": [52.5, 0, 0],
						"1.5": [65, 0, 0],
						"1.6667": [52.5, 0, 0],
						"1.8333": [65, 0, 0],
						"2.0833": [25, 0, 0],
						"2.3333": [0, 0, 0]
					},
					"position": {
						"0.0": [0, 0, 0],
						"0.5": [0, -12, 1],
						"1.8333": [0, -12, 1],
						"2.3333": [0, 0, 0]
					}
				}
			}
		},
		"animation.sheep.death": {
			"loop": "hold_on_last_frame",
			"animation_length": 1.75,
			"bones": {
				"body": {
					"rotation": {
						"0.0": [0, 0, 0],
						"0.125": [0, 0, -7.5],
						"0.375": [0, 0, 0]
					}
				},
				"leg0": {
					"rotation": {
						"0.0": [0, 0, 0],
						"0.125": [0, 0, -12.5],
						"0.25": [0, 0, 25],
						"0.5417": [0, 0, 37.5],
						"0.75": [0, 0, 37.5],
						"0.9167": [0, 0, -27.5],
						"1.0": [0, 0, -22.5],
						"1.1667": [0, 0, -27.5]
					},
					"position": {
						"0.0": [0, 0, 0],
						"0.125": [-1, 1, 0],
						"0.25": [0, 0, 0]
					}
				},
				"leg1": {
					"rotation": {
						"0.0": [0, 0, 0],
						"0.125": [0, 0, -17.5],
						"0.25": [0, 0, 0],
						"0.375": [0, 0, 12.5],
						"0.75": [0, 0, 12.5],
						"0.9167": [0, 0, 0],
						"1.0": [0, 0, 2.5],
						"1.1667": [0, 0, 0]
					},
					"position": {
						"0.0": [0, 0, 0],
						"0.125": [0, -1, 0],
						"0.25": [0, 1, 0],
						"0.375": [0, 0, 0]
					}
				},
				"leg2": {
					"rotation": {
						"0.0": [0, 0, 0],
						"0.125": [0, 0, -12.5],
						"0.25": [0, 0, 25],
						"0.5417": [0, 0, 37.5],
						"0.75": [0, 0, 37.5],
						"0.9167": [0, 0, -27.5],
						"1.0": [0, 0, -22.5],
						"1.1667": [0, 0, -27.5]
					},
					"position": {
						"0.0": [0, 0, 0],
						"0.125": [-1, 1, 0],
						"0.25": [0, 0, 0]
					}
				},
				"leg3": {
					"rotation": {
						"0.0": [0, 0, 0],
						"0.125": [0, 0, -17.5],
						"0.25": [0, 0, 0],
						"0.375": [0, 0, 12.5],
						"0.75": [0, 0, 12.5],
						"0.9167": [0, 0, 0],
						"1.0": [0, 0, 2.5],
						"1.1667": [0, 0, 0]
					},
					"position": {
						"0.0": [0, 0, 0],
						"0.125": [0, -1, 0],
						"0.25": [0, 1, 0],
						"0.375": [0, 0, 0]
					}
				},
				"head": {
					"rotation": {
						"0.0": [0, 0, 0],
						"0.125": [0, -30, 0],
						"0.25": [0, -30, 0],
						"0.4583": [0, 30, 0],
						"0.75": [0, 30, 0],
						"0.9167": [0, 0, 0],
						"1.0417": [0, 5, 0],
						"1.1667": [0, 0, 0]
					}
				},
				"root": {
					"rotation": {
						"0.0": [0, 0, 0],
						"0.25": [0, 0, -7.5],
						"0.75": [0, 0, 90],
						"0.8333": [0, 0, 87.5],
						"0.9167": [0, 0, 90]
					},
					"position": {
						"0.0": [0, 0, 0],
						"0.25": [-1, 0, 0],
						"0.75": [-1, 3, 0]
					}
				}
			}
		},
		"animation.sheep.death_rot": {
			"loop": true,
			"bones": {
				"root": {
					"rotation": [0, 0, "Math.min(Math.sqrt(Math.max(0, query.anim_time * 20 - 0.5) / 20 * 1.6), 1) * -90"]
				}
			}
		}
	}
}