{
	"format_version": "1.8.0",
	"animations": {
		"animation.spider.look_at_target_upside_down": {
			"loop": true,
			"bones": {
				"head": {
					"rotation": [0, 0, -180]
				}
			}
		},
		"animation.spider.idle": {
			"loop": true,
			"animation_length": 1.5,
			"bones": {
				"left_fang": {
					"rotation": {
						"0.0": [-15, 0, -12.5],
						"0.125": [-2.5, 0, 2.5],
						"0.25": [12.5, 0, 20],
						"0.375": [-2.5, 0, 2.5],
						"0.5": [12.5, 0, 20],
						"1.5": [-15, 0, -12.5]
					}
				},
				"right_fang": {
					"rotation": {
						"0.0": [-15, 0, 12.5],
						"0.125": [-2.5, 0, -2.5],
						"0.25": [12.5, 0, -20],
						"0.375": [-2.5, 0, -2.5],
						"0.5": [12.5, 0, -20],
						"1.5": [-15, 0, 12.5]
					}
				},
				"head": {
					"rotation": {
						"0.0": [5, 0, 0],
						"0.375": [0, 0, 0],
						"0.75": [0, 0, 0],
						"1.125": [5, 0, 0]
					},
					"position": {
						"0.0": [0, 0, 0],
						"0.75": [0, -0.5, 0],
						"1.5": [0, 0, 0]
					}
				},
				"abdomen": {
					"rotation": {
						"0.0": [20, 0, 0],
						"0.75": [22.5, 0, 0],
						"1.5": [20, 0, 0]
					}
				},
				"leg0": {
					"rotation": [-22.60046, 51.00093, -32.35947]
				},
				"leg1": {
					"rotation": [-22.60046, -51.00093, 32.35947]
				},
				"leg2": {
					"rotation": [-2.67617, 17.03487, -20.62682]
				},
				"leg3": {
					"rotation": [-2.67617, -17.03487, 20.62682]
				},
				"leg4": {
					"rotation": [8.76512, -18.45925, -21.05106]
				},
				"leg5": {
					"rotation": [8.76512, 18.45925, 21.05106]
				},
				"leg6": {
					"rotation": [30.89608, -56.93294, -38.42457]
				},
				"leg7": {
					"rotation": [30.89608, 56.93294, 38.42457]
				}
			}
		},
		"animation.spider.walk": {
			"loop": true,
			"animation_length": 1,
			"anim_time_update": "q.anim_time + (q.delta_time * (q.modified_move_speed * 4))",
			"bones": {
				"leg0": {
					"rotation": {
						"0.0": {
							"post": [0, 20, 0],
							"lerp_mode": "catmullrom"
						},
						"0.1667": {
							"post": [-7.09597, 18.74724, -21.17283],
							"lerp_mode": "catmullrom"
						},
						"0.5": {
							"post": [-17.82268, 39.53414, -26.78184],
							"lerp_mode": "catmullrom"
						},
						"0.6667": {
							"post": [-36.88125, 55.95881, -41.75195],
							"lerp_mode": "catmullrom"
						},
						"0.8333": {
							"post": [-36.88125, 55.95881, -41.75195],
							"lerp_mode": "catmullrom"
						},
						"1.0": {
							"post": [0, 20, 0],
							"lerp_mode": "catmullrom"
						}
					}
				},
				"leg1": {
					"rotation": {
						"0.0": {
							"post": [-17.82268, -39.53414, 26.78184],
							"lerp_mode": "catmullrom"
						},
						"0.1667": {
							"post": [-36.88125, -55.95881, 41.75195],
							"lerp_mode": "catmullrom"
						},
						"0.3333": {
							"post": [-36.88125, -55.95881, 41.75195],
							"lerp_mode": "catmullrom"
						},
						"0.5": {
							"post": [0, -20, 0],
							"lerp_mode": "catmullrom"
						},
						"0.6667": {
							"post": [-7.09597, -18.74724, 21.17283],
							"lerp_mode": "catmullrom"
						},
						"1.0": {
							"post": [-17.82268, -39.53414, 26.78184],
							"lerp_mode": "catmullrom"
						}
					}
				},
				"left_fang": {
					"rotation": [12.5, 0, 20]
				},
				"right_fang": {
					"rotation": [12.5, 0, -20]
				},
				"abdomen": {
					"rotation": {
						"0.0": {
							"post": [20, 0, 0],
							"lerp_mode": "catmullrom"
						},
						"0.5": {
							"post": [25, 0, 0],
							"lerp_mode": "catmullrom"
						},
						"1.0": {
							"post": [20, 0, 0],
							"lerp_mode": "catmullrom"
						}
					}
				},
				"root": {
					"position": {
						"0.0": {
							"post": [0, 0.5, 0],
							"lerp_mode": "catmullrom"
						},
						"0.25": {
							"post": [0, 0, 0],
							"lerp_mode": "catmullrom"
						},
						"0.5": {
							"post": [0, 0.5, 0],
							"lerp_mode": "catmullrom"
						},
						"0.75": {
							"post": [0, 0, 0],
							"lerp_mode": "catmullrom"
						},
						"1.0": {
							"post": [0, 0.5, 0],
							"lerp_mode": "catmullrom"
						}
					}
				},
				"head": {
					"rotation": {
						"0.0": {
							"post": [2.5, 0, 0],
							"lerp_mode": "catmullrom"
						},
						"0.3333": {
							"post": [2.5, 0, 0],
							"lerp_mode": "catmullrom"
						},
						"0.5": {
							"post": [-2.5, 0, 0],
							"lerp_mode": "catmullrom"
						},
						"0.8333": {
							"post": [-2.5, 0, 0],
							"lerp_mode": "catmullrom"
						},
						"1.0": {
							"post": [2.5, 0, 0],
							"lerp_mode": "catmullrom"
						}
					}
				},
				"leg2": {
					"rotation": {
						"0.0": {
							"post": [1.23, 0.19, -24.45],
							"lerp_mode": "catmullrom"
						},
						"0.3333": {
							"post": [-3.4362, 16.93585, -22.98324],
							"lerp_mode": "catmullrom"
						},
						"0.5": {
							"post": [-3.4362, 16.93585, -22.98324],
							"lerp_mode": "catmullrom"
						},
						"0.6667": {
							"post": [0, -7.5, 0],
							"lerp_mode": "catmullrom"
						},
						"0.8333": {
							"post": [2.88419, -6.92618, -22.67458],
							"lerp_mode": "catmullrom"
						},
						"1.0": {
							"post": [1.23, 0.19, -24.45],
							"lerp_mode": "catmullrom"
						}
					}
				},
				"leg3": {
					"rotation": {
						"0.0": {
							"post": [-3.4362, -16.93585, 22.98324],
							"lerp_mode": "catmullrom"
						},
						"0.1667": {
							"post": [0, 7.5, 0],
							"lerp_mode": "catmullrom"
						},
						"0.3333": {
							"post": [2.88419, 6.92618, 22.67458],
							"lerp_mode": "catmullrom"
						},
						"0.8333": {
							"post": [-3.4362, -16.93585, 22.98324],
							"lerp_mode": "catmullrom"
						},
						"1.0": {
							"post": [-3.4362, -16.93585, 22.98324],
							"lerp_mode": "catmullrom"
						}
					}
				},
				"leg4": {
					"rotation": {
						"0.0": {
							"post": [5.62071, -15.92569, -22.82075],
							"lerp_mode": "catmullrom"
						},
						"0.1667": {
							"post": [-1.197, -52.16045, 2.94184],
							"lerp_mode": "catmullrom"
						},
						"0.3333": {
							"post": [27.71035, -46.15, -34.64084],
							"lerp_mode": "catmullrom"
						},
						"0.5": {
							"post": [18.47, -30.66, -31.08],
							"lerp_mode": "catmullrom"
						},
						"0.75": {
							"post": [10.53583, -22.02784, -23.29278],
							"lerp_mode": "catmullrom"
						},
						"1.0": {
							"post": [5.62071, -15.92569, -22.82075],
							"lerp_mode": "catmullrom"
						}
					}
				},
				"leg5": {
					"rotation": {
						"0.0": {
							"post": [18.47, 30.66, 31.08],
							"lerp_mode": "catmullrom"
						},
						"0.25": {
							"post": [10.53583, 22.02784, 23.29278],
							"lerp_mode": "catmullrom"
						},
						"0.5": {
							"post": [5.62071, 15.92569, 22.82075],
							"lerp_mode": "catmullrom"
						},
						"0.6667": {
							"post": [-1.197, 52.16045, -2.94184],
							"lerp_mode": "catmullrom"
						},
						"0.8333": {
							"post": [27.71035, 46.15, 34.64084],
							"lerp_mode": "catmullrom"
						},
						"1.0": {
							"post": [18.47, 30.66, 31.08],
							"lerp_mode": "catmullrom"
						}
					}
				},
				"leg6": {
					"rotation": {
						"0.0": {
							"post": [27.11, -72.67, -32.71],
							"lerp_mode": "catmullrom"
						},
						"0.0833": {
							"post": [52.71808, -64.89239, -60.17663],
							"lerp_mode": "catmullrom"
						},
						"0.5": {
							"post": [38.29, -53.62, -47.87],
							"lerp_mode": "catmullrom"
						},
						"0.75": {
							"post": [17.49089, -43.63153, -28.85749],
							"lerp_mode": "catmullrom"
						},
						"0.9167": {
							"post": [1.68299, -75.09973, -6.49913],
							"lerp_mode": "catmullrom"
						},
						"1.0": {
							"post": [27.11, -72.67, -32.71],
							"lerp_mode": "catmullrom"
						}
					}
				},
				"leg7": {
					"rotation": {
						"0.0": {
							"post": [38.29, 53.62, 47.87],
							"lerp_mode": "catmullrom"
						},
						"0.25": {
							"post": [17.49089, 43.63153, 28.85749],
							"lerp_mode": "catmullrom"
						},
						"0.4167": {
							"post": [1.68299, 75.09973, 6.49913],
							"lerp_mode": "catmullrom"
						},
						"0.5833": {
							"post": [52.71808, 64.89239, 60.17663],
							"lerp_mode": "catmullrom"
						},
						"1.0": {
							"post": [38.29, 53.62, 47.87],
							"lerp_mode": "catmullrom"
						}
					}
				}
			}
		},
		"animation.spider.climb": {
			"loop": true,
			"animation_length": 1,
			"anim_time_update": "q.anim_time + (q.delta_time * 2)",
			"bones": {
				"root": {
					"rotation": [-90, 0, 0]
				},
				"leg0": {
					"rotation": {
						"0.0": {
							"post": [0, 20, 0],
							"lerp_mode": "catmullrom"
						},
						"0.1667": {
							"post": [-7.09597, 18.74724, -21.17283],
							"lerp_mode": "catmullrom"
						},
						"0.5": {
							"post": [-17.82268, 39.53414, -26.78184],
							"lerp_mode": "catmullrom"
						},
						"0.6667": {
							"post": [-36.88125, 55.95881, -41.75195],
							"lerp_mode": "catmullrom"
						},
						"0.8333": {
							"post": [-36.88125, 55.95881, -41.75195],
							"lerp_mode": "catmullrom"
						},
						"1.0": {
							"post": [0, 20, 0],
							"lerp_mode": "catmullrom"
						}
					}
				},
				"leg1": {
					"rotation": {
						"0.0": {
							"post": [-17.82268, -39.53414, 26.78184],
							"lerp_mode": "catmullrom"
						},
						"0.1667": {
							"post": [-36.88125, -55.95881, 41.75195],
							"lerp_mode": "catmullrom"
						},
						"0.3333": {
							"post": [-36.88125, -55.95881, 41.75195],
							"lerp_mode": "catmullrom"
						},
						"0.5": {
							"post": [0, -20, 0],
							"lerp_mode": "catmullrom"
						},
						"0.6667": {
							"post": [-7.09597, -18.74724, 21.17283],
							"lerp_mode": "catmullrom"
						},
						"1.0": {
							"post": [-17.82268, -39.53414, 26.78184],
							"lerp_mode": "catmullrom"
						}
					}
				},
				"leg2": {
					"rotation": {
						"0.0": {
							"post": [1.23, 0.19, -24.45],
							"lerp_mode": "catmullrom"
						},
						"0.3333": {
							"post": [-3.4362, 16.93585, -22.98324],
							"lerp_mode": "catmullrom"
						},
						"0.5": {
							"post": [-3.4362, 16.93585, -22.98324],
							"lerp_mode": "catmullrom"
						},
						"0.6667": {
							"post": [0, -7.5, 0],
							"lerp_mode": "catmullrom"
						},
						"0.8333": {
							"post": [2.88419, -6.92618, -22.67458],
							"lerp_mode": "catmullrom"
						},
						"1.0": {
							"post": [1.23, 0.19, -24.45],
							"lerp_mode": "catmullrom"
						}
					}
				},
				"leg3": {
					"rotation": {
						"0.0": {
							"post": [-3.4362, -16.93585, 22.98324],
							"lerp_mode": "catmullrom"
						},
						"0.1667": {
							"post": [0, 7.5, 0],
							"lerp_mode": "catmullrom"
						},
						"0.3333": {
							"post": [2.88419, 6.92618, 22.67458],
							"lerp_mode": "catmullrom"
						},
						"0.8333": {
							"post": [-3.4362, -16.93585, 22.98324],
							"lerp_mode": "catmullrom"
						},
						"1.0": {
							"post": [-3.4362, -16.93585, 22.98324],
							"lerp_mode": "catmullrom"
						}
					}
				},
				"leg4": {
					"rotation": {
						"0.0": {
							"post": [5.62071, -15.92569, -22.82075],
							"lerp_mode": "catmullrom"
						},
						"0.1667": {
							"post": [-1.197, -52.16045, 2.94184],
							"lerp_mode": "catmullrom"
						},
						"0.3333": {
							"post": [27.71035, -46.15, -34.64084],
							"lerp_mode": "catmullrom"
						},
						"0.5": {
							"post": [18.47, -30.66, -31.08],
							"lerp_mode": "catmullrom"
						},
						"0.75": {
							"post": [10.53583, -22.02784, -23.29278],
							"lerp_mode": "catmullrom"
						},
						"1.0": {
							"post": [5.62071, -15.92569, -22.82075],
							"lerp_mode": "catmullrom"
						}
					}
				},
				"leg5": {
					"rotation": {
						"0.0": {
							"post": [18.47, 30.66, 31.08],
							"lerp_mode": "catmullrom"
						},
						"0.25": {
							"post": [10.53583, 22.02784, 23.29278],
							"lerp_mode": "catmullrom"
						},
						"0.5": {
							"post": [5.62071, 15.92569, 22.82075],
							"lerp_mode": "catmullrom"
						},
						"0.6667": {
							"post": [-1.197, 52.16045, -2.94184],
							"lerp_mode": "catmullrom"
						},
						"0.8333": {
							"post": [27.71035, 46.15, 34.64084],
							"lerp_mode": "catmullrom"
						},
						"1.0": {
							"post": [18.47, 30.66, 31.08],
							"lerp_mode": "catmullrom"
						}
					}
				},
				"leg6": {
					"rotation": {
						"0.0": {
							"post": [27.11, -72.67, -32.71],
							"lerp_mode": "catmullrom"
						},
						"0.0833": {
							"post": [52.71808, -64.89239, -60.17663],
							"lerp_mode": "catmullrom"
						},
						"0.5": {
							"post": [38.29, -53.62, -47.87],
							"lerp_mode": "catmullrom"
						},
						"0.75": {
							"post": [17.49089, -43.63153, -28.85749],
							"lerp_mode": "catmullrom"
						},
						"0.9167": {
							"post": [1.68299, -75.09973, -6.49913],
							"lerp_mode": "catmullrom"
						},
						"1.0": {
							"post": [27.11, -72.67, -32.71],
							"lerp_mode": "catmullrom"
						}
					}
				},
				"leg7": {
					"rotation": {
						"0.0": {
							"post": [38.29, 53.62, 47.87],
							"lerp_mode": "catmullrom"
						},
						"0.25": {
							"post": [17.49089, 43.63153, 28.85749],
							"lerp_mode": "catmullrom"
						},
						"0.4167": {
							"post": [1.68299, 75.09973, 6.49913],
							"lerp_mode": "catmullrom"
						},
						"0.5833": {
							"post": [52.71808, 64.89239, 60.17663],
							"lerp_mode": "catmullrom"
						},
						"1.0": {
							"post": [38.29, 53.62, 47.87],
							"lerp_mode": "catmullrom"
						}
					}
				}
			}
		},
		"animation.spider.upside_down": {
			"loop": true,
			"bones": {
				"root": {
					"rotation": [-180, 0, 0],
					"position": [0, -2, 0]
				}
			}
		},
		"animation.spider.attack": {
			"loop": "hold_on_last_frame",
			"animation_length": 0.75,
			"bones": {
				"root": {
					"rotation": {
						"0.0": [0, 0, 0],
						"0.25": [-90, 0, 0],
						"0.5": [-90, 0, 0],
						"0.75": [0, 0, 0]
					},
					"position": {
						"0.0": [0, 0, 0],
						"0.125": [0, 9, 0],
						"0.4583": [0, 9, 0],
						"0.5833": [0, 0, 0]
					}
				},
				"head": {
					"rotation": {
						"0.125": [0, 0, 0],
						"0.25": [-15, 0, 0],
						"0.375": [45, 0, 0]
					}
				},
				"left_fang": {
					"rotation": {
						"0.125": [0, 0, 0],
						"0.25": [-48.65181, -23.03568, -30.44729],
						"0.4583": [0, 0, 0]
					}
				},
				"right_fang": {
					"rotation": {
						"0.125": [0, 0, 0],
						"0.25": [-48.65181, 23.03568, 30.44729],
						"0.4583": [0, 0, 0]
					}
				},
				"leg0": {
					"rotation": {
						"0.125": [-22.60046, 51.00093, -32.35947],
						"0.375": [-47.93903, 29.86068, -69.99186],
						"0.625": [-22.60046, 51.00093, -32.35947]
					}
				},
				"leg1": {
					"rotation": {
						"0.125": [-22.60046, -51.00093, 32.35947],
						"0.375": [-48.85647, -27.99106, 71.88828],
						"0.625": [-22.60046, -51.00093, 32.35947]
					}
				},
				"leg2": {
					"rotation": {
						"0.125": [-2.67617, 17.03487, -20.62682],
						"0.375": [-12.6154, 11.8435, -59.03973],
						"0.625": [-2.67617, 17.03487, -20.62682]
					}
				},
				"leg3": {
					"rotation": {
						"0.125": [-2.67617, -17.03487, 20.62682],
						"0.375": [-12.09129, -12.37843, 56.54202],
						"0.625": [-2.67617, -17.03487, 20.62682]
					}
				},
				"leg4": {
					"rotation": {
						"0.125": [8.76512, -18.45925, -21.05106],
						"0.375": [18.53184, -8.60616, -61.03069],
						"0.625": [8.76512, -18.45925, -21.05106]
					}
				},
				"leg5": {
					"rotation": {
						"0.125": [8.76512, 18.45925, 21.05106],
						"0.375": [17.74601, 10.1637, 56.21482],
						"0.625": [8.76512, 18.45925, 21.05106]
					}
				},
				"leg6": {
					"rotation": {
						"0.125": [30.89608, -56.93294, -38.42457],
						"0.375": [54.71591, -35.85064, -70.38505],
						"0.625": [30.89608, -56.93294, -38.42457]
					}
				},
				"leg7": {
					"rotation": {
						"0.125": [30.89608, 56.93294, 38.42457],
						"0.375": [54.71591, 35.85064, 70.38505],
						"0.625": [30.89608, 56.93294, 38.42457]
					}
				}
			}
		},
		"animation.spider.death": {
			"loop": "hold_on_last_frame",
			"animation_length": 1,
			"bones": {
				"root": {
					"rotation": {
						"0.0": [0, 0, 0],
						"0.5": [-180, 0, 0]
					},
					"position": {
						"0.0": [0, 0, 0],
						"0.5": [0, -3, 0],
						"0.6": [0, -2, 0],
						"0.7": [0, -3, 0]
					}
				},
				"abdomen": {
					"rotation": {
						"0.0": [0, 0, 0],
						"0.2": [27.5, 0, 0],
						"0.4": [-25, 0, 0],
						"0.5": [-25, 0, 0],
						"0.6": [-7.5, 0, 0],
						"0.7": [-25, 0, 0]
					}
				},
				"head": {
					"rotation": {
						"0.0": [0, 0, 0],
						"0.2": [27.5, 0, 0],
						"0.5": [27.5, 0, 0],
						"0.6": [25, 0, 0],
						"0.7": [32.5, 0, 0]
					}
				},
				"leg0": {
					"rotation": {
						"0.0": [-26.50648, 47.13536, -34.23216],
						"0.3": [-39.95281, 37.42655, -54.03935],
						"0.5": [-49.74702, 19.58991, -74.15234],
						"0.6": [-48.458, 23.37058, -70.63503],
						"0.7": [-49.74702, 19.58991, -74.15234]
					}
				},
				"leg1": {
					"rotation": {
						"0.0": [-26.50648, -47.13536, 34.23216],
						"0.3": [-39.95281, -37.42655, 54.03935],
						"0.5": [-49.74702, -19.58991, 74.15234],
						"0.6": [-48.458, -23.37058, 70.63503],
						"0.7": [-49.74702, -19.58991, 74.15234]
					}
				},
				"leg2": {
					"rotation": {
						"0.0": [-5.85463, 13.83447, -23.21088],
						"0.3": [0.66963, 14.98539, 2.58807],
						"0.5": [-13.36965, 6.86379, -63.30542],
						"0.6": [-12.73415, 7.99365, -58.39341],
						"0.7": [-14.33501, 4.46375, -73.06161]
					}
				},
				"leg3": {
					"rotation": {
						"0.0": [-5.85463, -13.83447, 23.21088],
						"0.3": [0.66963, -14.98539, -2.58807],
						"0.5": [-13.36965, -6.86379, 63.30542],
						"0.6": [-12.73415, -7.99365, 58.39341],
						"0.7": [-14.33501, -4.46375, 73.06161]
					}
				},
				"leg4": {
					"rotation": {
						"0.0": [8.0634, -21.07593, -21.50238],
						"0.3": [-6.1191, -21.69365, 16.17354],
						"0.5": [19.25656, -11.86554, -59.51995],
						"0.6": [16.98216, -14.98328, -49.74943],
						"0.7": [20.94102, -8.42106, -69.05898]
					}
				},
				"leg5": {
					"rotation": {
						"0.0": [8.0634, 21.07593, 21.50238],
						"0.3": [-6.1191, 21.69365, -16.17354],
						"0.5": [19.25656, 11.86554, 59.51995],
						"0.6": [16.98216, 14.98328, 49.74943],
						"0.7": [20.94102, 8.42106, 69.05898]
					}
				},
				"leg6": {
					"rotation": {
						"0.0": [36.32065, -55.03389, -41.89383],
						"0.3": [-30.0129, -57.77464, 34.32669],
						"0.5": [57.56424, -30.58184, -72.08295],
						"0.6": [55.80185, -34.76135, -68.82099],
						"0.7": [60.12771, -22.01609, -77.84877]
					}
				},
				"leg7": {
					"rotation": {
						"0.0": [36.32065, 55.03389, 41.89383],
						"0.3": [-30.0129, 57.77464, -34.32669],
						"0.5": [57.56424, 30.58184, 72.08295],
						"0.6": [55.80185, 34.76135, 68.82099],
						"0.7": [60.12771, 22.01609, 77.84877]
					}
				}
			}
		},
		"animation.spider.death_rot": {
			"loop": true,
			"bones": {
				"root": {
					"rotation": [0, 0, "Math.min(Math.sqrt(Math.max(0, query.anim_time * 20 - 0.5) / 20 * 1.6), 1) * -180"]
				}
			}
		},
		"animation.spider.death_rot_cave": {
			"loop": true,
			"bones": {
				"root": {
					"rotation": [0, 0, "Math.min(Math.sqrt(Math.max(0, query.anim_time * 20 - 0.5) / 20 * 1.6), 1) * -90"]
				}
			}
		}
	}
}