{
	"format_version": "1.8.0",
	"animations": {
		"animation.wolf.blink": {
			"loop": true,
			"animation_length": 1,
			"anim_time_update": "q.anim_time + (q.delta_time * math.random(0.1, 1))",
			"bones": {
				"eyelids": {
					"position": {
						"0.0": [0, 0, 0],
						"0.5": [0, 0, 1],
						"1.0": [0, 0, 0]
					}
				}
			}
		},
		"animation.wolf.idle": {
			"loop": true,
			"animation_length": 2,
			"bones": {
				"tail": {
					"rotation": {
						"0.0": {
							"post": [0, 22.5, 0],
							"lerp_mode": "catmullrom"
						},
						"0.5": {
							"post": [0, -22.5, 0],
							"lerp_mode": "catmullrom"
						},
						"1.0": {
							"post": [0, 22.5, 0],
							"lerp_mode": "catmullrom"
						},
						"1.5": {
							"post": [0, -22.5, 0],
							"lerp_mode": "catmullrom"
						},
						"2.0": {
							"post": [0, 22.5, 0],
							"lerp_mode": "catmullrom"
						}
					}
				},
				"jaw": {
					"rotation": {
						"0.0": {
							"post": [0, 0, 0],
							"lerp_mode": "catmullrom"
						},
						"0.5": {
							"post": [0, 0, 0],
							"lerp_mode": "catmullrom"
						},
						"1.0": {
							"post": [10, 0, 0],
							"lerp_mode": "catmullrom"
						},
						"2.0": {
							"post": [0, 0, 0],
							"lerp_mode": "catmullrom"
						}
					}
				},
				"left_ear": {
					"rotation": {
						"0.0": {
							"post": [0, 0, 0],
							"lerp_mode": "catmullrom"
						},
						"1.0": {
							"post": [0, 0, 20],
							"lerp_mode": "catmullrom"
						},
						"1.1667": {
							"post": [0, 0, -18.33],
							"lerp_mode": "catmullrom"
						},
						"1.375": {
							"post": [0, 0, 20],
							"lerp_mode": "catmullrom"
						},
						"2.0": {
							"post": [0, 0, 0],
							"lerp_mode": "catmullrom"
						}
					}
				},
				"right_ear": {
					"rotation": {
						"0.0": {
							"post": [0, 0, 0],
							"lerp_mode": "catmullrom"
						},
						"1.0": {
							"post": [0, 0, -20],
							"lerp_mode": "catmullrom"
						},
						"1.1667": {
							"post": [0, 0, 18.33],
							"lerp_mode": "catmullrom"
						},
						"1.375": {
							"post": [0, 0, -20],
							"lerp_mode": "catmullrom"
						},
						"2.0": {
							"post": [0, 0, 0],
							"lerp_mode": "catmullrom"
						}
					}
				}
			}
		},
		"animation.wolf.walk": {
			"loop": true,
			"animation_length": 1.5,
			"anim_time_update": "q.anim_time + (q.delta_time * (q.modified_move_speed * 2.7))",
			"bones": {
				"leg0": {
					"rotation": {
						"0.0": {
							"post": [18.84, 0, 0],
							"lerp_mode": "catmullrom"
						},
						"0.0833": {
							"post": [22.5, 0, 0],
							"lerp_mode": "catmullrom"
						},
						"0.3333": {
							"post": [30, 0, 0],
							"lerp_mode": "catmullrom"
						},
						"0.75": {
							"post": [-30, 0, 0],
							"lerp_mode": "catmullrom"
						},
						"1.5": {
							"post": [18.84, 0, 0],
							"lerp_mode": "catmullrom"
						}
					},
					"position": {
						"0.0": {
							"post": [0, -1.14, -0.89],
							"lerp_mode": "catmullrom"
						},
						"0.3333": {
							"post": [0, -1.25, 0],
							"lerp_mode": "catmullrom"
						},
						"0.5": {
							"post": [0, 0.75, -1],
							"lerp_mode": "catmullrom"
						},
						"0.75": {
							"post": [0, -1.25, -2],
							"lerp_mode": "catmullrom"
						},
						"1.0833": {
							"post": [0, -0.75, -2.2],
							"lerp_mode": "catmullrom"
						},
						"1.5": {
							"post": [0, -1.14, -0.89],
							"lerp_mode": "catmullrom"
						}
					}
				},
				"leg1": {
					"rotation": {
						"0.0": {
							"post": [-30, 0, 0],
							"lerp_mode": "catmullrom"
						},
						"0.8333": {
							"post": [22.5, 0, 0],
							"lerp_mode": "catmullrom"
						},
						"1.0833": {
							"post": [30, 0, 0],
							"lerp_mode": "catmullrom"
						},
						"1.5": {
							"post": [-30, 0, 0],
							"lerp_mode": "catmullrom"
						}
					},
					"position": {
						"0.0": {
							"post": [0, -1.25, -2],
							"lerp_mode": "catmullrom"
						},
						"0.3333": {
							"post": [0, -0.75, -2.2],
							"lerp_mode": "catmullrom"
						},
						"1.0833": {
							"post": [0, -1.25, 0],
							"lerp_mode": "catmullrom"
						},
						"1.25": {
							"post": [0, 0.75, -1],
							"lerp_mode": "catmullrom"
						},
						"1.5": {
							"post": [0, -1.25, -2],
							"lerp_mode": "catmullrom"
						}
					}
				},
				"leg2": {
					"rotation": {
						"0.0": {
							"post": [-7.43, 0, 0],
							"lerp_mode": "catmullrom"
						},
						"0.4167": {
							"post": [22.5, 0, 0],
							"lerp_mode": "catmullrom"
						},
						"0.6667": {
							"post": [30, 0, 0],
							"lerp_mode": "catmullrom"
						},
						"0.75": {
							"post": [21.36, 0, 0],
							"lerp_mode": "catmullrom"
						},
						"1.0833": {
							"post": [-30, 0, 0],
							"lerp_mode": "catmullrom"
						},
						"1.5": {
							"post": [-7.43, 0, 0],
							"lerp_mode": "catmullrom"
						}
					},
					"position": {
						"0.0": {
							"post": [0, -0.77, -1.05],
							"lerp_mode": "catmullrom"
						},
						"0.6667": {
							"post": [0, -1.25, 1],
							"lerp_mode": "catmullrom"
						},
						"0.75": {
							"post": [0, -0.16, 0.7],
							"lerp_mode": "catmullrom"
						},
						"0.8333": {
							"post": [0, 0.75, 0],
							"lerp_mode": "catmullrom"
						},
						"1.0833": {
							"post": [0, -1.25, -1],
							"lerp_mode": "catmullrom"
						},
						"1.4167": {
							"post": [0, -0.75, -1.2],
							"lerp_mode": "catmullrom"
						},
						"1.5": {
							"post": [0, -0.77, -1.05],
							"lerp_mode": "catmullrom"
						}
					}
				},
				"leg3": {
					"rotation": {
						"0.0": {
							"post": [21.36, 0, 0],
							"lerp_mode": "catmullrom"
						},
						"0.3333": {
							"post": [-30, 0, 0],
							"lerp_mode": "catmullrom"
						},
						"1.1667": {
							"post": [22.5, 0, 0],
							"lerp_mode": "catmullrom"
						},
						"1.4167": {
							"post": [30, 0, 0],
							"lerp_mode": "catmullrom"
						},
						"1.5": {
							"post": [21.36, 0, 0],
							"lerp_mode": "catmullrom"
						}
					},
					"position": {
						"0.0": {
							"post": [0, -0.16, 0.7],
							"lerp_mode": "catmullrom"
						},
						"0.0833": {
							"post": [0, 0.75, 0],
							"lerp_mode": "catmullrom"
						},
						"0.3333": {
							"post": [0, -1.25, -1],
							"lerp_mode": "catmullrom"
						},
						"0.6667": {
							"post": [0, -0.75, -1.2],
							"lerp_mode": "catmullrom"
						},
						"1.4167": {
							"post": [0, -1.25, 1],
							"lerp_mode": "catmullrom"
						},
						"1.5": {
							"post": [0, -0.16, 0.7],
							"lerp_mode": "catmullrom"
						}
					}
				},
				"left_ear": {
					"rotation": {
						"0.0": {
							"post": [0, 0, 0],
							"lerp_mode": "catmullrom"
						},
						"0.25": {
							"post": [-20, 0, 0],
							"lerp_mode": "catmullrom"
						},
						"0.4167": {
							"post": [-20, 0, 0],
							"lerp_mode": "catmullrom"
						},
						"0.75": {
							"post": [0, 0, 0],
							"lerp_mode": "catmullrom"
						},
						"0.9167": {
							"post": [-20, 0, 0],
							"lerp_mode": "catmullrom"
						},
						"1.0833": {
							"post": [-20, 0, 0],
							"lerp_mode": "catmullrom"
						},
						"1.5": {
							"post": [0, 0, 0],
							"lerp_mode": "catmullrom"
						}
					}
				},
				"right_ear": {
					"rotation": {
						"0.0": {
							"post": [0, 0, 0],
							"lerp_mode": "catmullrom"
						},
						"0.3333": {
							"post": [-20, 0, 0],
							"lerp_mode": "catmullrom"
						},
						"0.4167": {
							"post": [-20, 0, 0],
							"lerp_mode": "catmullrom"
						},
						"0.8333": {
							"post": [0, 0, 0],
							"lerp_mode": "catmullrom"
						},
						"1.0": {
							"post": [-20, 0, 0],
							"lerp_mode": "catmullrom"
						},
						"1.0833": {
							"post": [-20, 0, 0],
							"lerp_mode": "catmullrom"
						},
						"1.5": {
							"post": [0, 0, 0],
							"lerp_mode": "catmullrom"
						}
					}
				},
				"tail": {
					"rotation": {
						"0.0": {
							"post": [2.5, 0, 0],
							"lerp_mode": "catmullrom"
						},
						"0.1667": {
							"post": [-10, 0, 0],
							"lerp_mode": "catmullrom"
						},
						"0.4167": {
							"post": [-10, 0, 0],
							"lerp_mode": "catmullrom"
						},
						"0.5833": {
							"post": [2.5, 0, 0],
							"lerp_mode": "catmullrom"
						},
						"0.75": {
							"post": [2.5, 0, 0],
							"lerp_mode": "catmullrom"
						},
						"0.9167": {
							"post": [-10, 0, 0],
							"lerp_mode": "catmullrom"
						},
						"1.0833": {
							"post": [-10, 0, 0],
							"lerp_mode": "catmullrom"
						},
						"1.3333": {
							"post": [2.5, 0, 0],
							"lerp_mode": "catmullrom"
						},
						"1.5": {
							"post": [2.5, 0, 0],
							"lerp_mode": "catmullrom"
						}
					}
				},
				"head": {
					"rotation": {
						"0.0": {
							"post": [0, 0, -5],
							"lerp_mode": "catmullrom"
						},
						"0.25": {
							"post": [2.5, 0, -1.48],
							"lerp_mode": "catmullrom"
						},
						"0.4167": {
							"post": [2.5, 0, 0],
							"lerp_mode": "catmullrom"
						},
						"0.75": {
							"post": [0, 0, 5],
							"lerp_mode": "catmullrom"
						},
						"0.9167": {
							"post": [2.5, 0, 1.48],
							"lerp_mode": "catmullrom"
						},
						"1.0833": {
							"post": [2.5, 0, 0],
							"lerp_mode": "catmullrom"
						},
						"1.5": {
							"post": [0, 0, -5],
							"lerp_mode": "catmullrom"
						}
					}
				},
				"upperBody": {
					"rotation": {
						"0.0": {
							"post": [0, 0, 5],
							"lerp_mode": "catmullrom"
						},
						"0.4167": {
							"post": [0, 0, 0],
							"lerp_mode": "catmullrom"
						},
						"0.8333": {
							"post": [0, 0, -5],
							"lerp_mode": "catmullrom"
						},
						"1.0833": {
							"post": [0, 0, 0],
							"lerp_mode": "catmullrom"
						},
						"1.5": {
							"post": [0, 0, 5],
							"lerp_mode": "catmullrom"
						}
					},
					"position": {
						"0.0": {
							"post": [0, -1, 0],
							"lerp_mode": "catmullrom"
						},
						"0.4167": {
							"post": [0, -0.5, 0],
							"lerp_mode": "catmullrom"
						},
						"0.8333": {
							"post": [0, -1, 0],
							"lerp_mode": "catmullrom"
						},
						"1.0833": {
							"post": [0, -0.5, 0],
							"lerp_mode": "catmullrom"
						},
						"1.5": {
							"post": [0, -1, 0],
							"lerp_mode": "catmullrom"
						}
					}
				},
				"root": {
					"position": [0, 0.5, 0]
				},
				"body": {
					"rotation": {
						"0.0": {
							"post": [0, 0, -2.5],
							"lerp_mode": "catmullrom"
						},
						"0.4167": {
							"post": [0, 0, 0],
							"lerp_mode": "catmullrom"
						},
						"0.8333": {
							"post": [0, 0, 2.5],
							"lerp_mode": "catmullrom"
						},
						"1.0833": {
							"post": [0, 0, 0],
							"lerp_mode": "catmullrom"
						},
						"1.5": {
							"post": [0, 0, -2.5],
							"lerp_mode": "catmullrom"
						}
					}
				}
			}
		},
		"animation.wolf.run": {
			"loop": true,
			"animation_length": 1.5,
			"anim_time_update": "q.anim_time + (q.delta_time * (q.modified_move_speed * 4))",
			"bones": {
				"root": {
					"rotation": {
						"0.0": {
							"post": [-7.5, 0, 0],
							"lerp_mode": "catmullrom"
						},
						"1.0": {
							"post": [5, 0, 0],
							"lerp_mode": "catmullrom"
						},
						"1.5": {
							"post": [-7.5, 0, 0],
							"lerp_mode": "catmullrom"
						}
					},
					"position": [0, 0.5, 0]
				},
				"leg0": {
					"rotation": {
						"0.0": {
							"post": [-31.36, 0, 0],
							"lerp_mode": "catmullrom"
						},
						"0.1667": {
							"post": [-42.5, 0, 0],
							"lerp_mode": "catmullrom"
						},
						"0.9167": {
							"post": [22.5, 0, 0],
							"lerp_mode": "catmullrom"
						},
						"1.1667": {
							"post": [30, 0, 0],
							"lerp_mode": "catmullrom"
						},
						"1.5": {
							"post": [-31.36, 0, 0],
							"lerp_mode": "catmullrom"
						}
					},
					"position": {
						"0.0": {
							"post": [0, -1.26, -1.74],
							"lerp_mode": "catmullrom"
						},
						"0.1667": {
							"post": [0, -2.25, -2],
							"lerp_mode": "catmullrom"
						},
						"0.4167": {
							"post": [0, -0.75, -2.2],
							"lerp_mode": "catmullrom"
						},
						"0.75": {
							"post": [0, -1.23, -0.89],
							"lerp_mode": "catmullrom"
						},
						"1.1667": {
							"post": [0, -2, 0],
							"lerp_mode": "catmullrom"
						},
						"1.3333": {
							"post": [0, 0.75, -1],
							"lerp_mode": "catmullrom"
						},
						"1.5": {
							"post": [0, -1.26, -1.74],
							"lerp_mode": "catmullrom"
						}
					}
				},
				"leg1": {
					"rotation": {
						"0.0": {
							"post": [-42.5, 0, 0],
							"lerp_mode": "catmullrom"
						},
						"0.8333": {
							"post": [22.5, 0, 0],
							"lerp_mode": "catmullrom"
						},
						"1.0833": {
							"post": [30, 0, 0],
							"lerp_mode": "catmullrom"
						},
						"1.5": {
							"post": [-42.5, 0, 0],
							"lerp_mode": "catmullrom"
						}
					},
					"position": {
						"0.0": {
							"post": [0, -2.25, -2],
							"lerp_mode": "catmullrom"
						},
						"0.3333": {
							"post": [0, -0.75, -2.2],
							"lerp_mode": "catmullrom"
						},
						"0.6667": {
							"post": [0, -1.23, -0.89],
							"lerp_mode": "catmullrom"
						},
						"1.0833": {
							"post": [0, -2, 0],
							"lerp_mode": "catmullrom"
						},
						"1.25": {
							"post": [0, 0.75, -1],
							"lerp_mode": "catmullrom"
						},
						"1.5": {
							"post": [0, -2.25, -2],
							"lerp_mode": "catmullrom"
						}
					}
				},
				"leg2": {
					"rotation": {
						"0.0": {
							"post": [33.09, 0, 0],
							"lerp_mode": "catmullrom"
						},
						"0.0833": {
							"post": [35.56, 0, 0],
							"lerp_mode": "catmullrom"
						},
						"0.1667": {
							"post": [30, 0, 0],
							"lerp_mode": "catmullrom"
						},
						"0.5833": {
							"post": [-42.5, 0, 0],
							"lerp_mode": "catmullrom"
						},
						"1.4167": {
							"post": [22.5, 0, 0],
							"lerp_mode": "catmullrom"
						},
						"1.5": {
							"post": [33.09, 0, 0],
							"lerp_mode": "catmullrom"
						}
					},
					"position": {
						"0.0": {
							"post": [0, -1.8, 0.81],
							"lerp_mode": "catmullrom"
						},
						"0.0833": {
							"post": [0, -2.07, 0.95],
							"lerp_mode": "catmullrom"
						},
						"0.1667": {
							"post": [0, -2, 1],
							"lerp_mode": "catmullrom"
						},
						"0.3333": {
							"post": [0, 0.75, 0],
							"lerp_mode": "catmullrom"
						},
						"0.5833": {
							"post": [0, -2.25, -1],
							"lerp_mode": "catmullrom"
						},
						"0.9167": {
							"post": [0, -0.75, -1.2],
							"lerp_mode": "catmullrom"
						},
						"1.25": {
							"post": [0, -0.73, 0.11],
							"lerp_mode": "catmullrom"
						},
						"1.5": {
							"post": [0, -1.8, 0.81],
							"lerp_mode": "catmullrom"
						}
					}
				},
				"leg3": {
					"rotation": {
						"0.0": {
							"post": [35.56, 0, 0],
							"lerp_mode": "catmullrom"
						},
						"0.0833": {
							"post": [30, 0, 0],
							"lerp_mode": "catmullrom"
						},
						"0.5": {
							"post": [-42.5, 0, 0],
							"lerp_mode": "catmullrom"
						},
						"1.3333": {
							"post": [22.5, 0, 0],
							"lerp_mode": "catmullrom"
						},
						"1.5": {
							"post": [35.56, 0, 0],
							"lerp_mode": "catmullrom"
						}
					},
					"position": {
						"0.0": {
							"post": [0, -2.07, 0.95],
							"lerp_mode": "catmullrom"
						},
						"0.0833": {
							"post": [0, -2, 1],
							"lerp_mode": "catmullrom"
						},
						"0.25": {
							"post": [0, 0.75, 0],
							"lerp_mode": "catmullrom"
						},
						"0.5": {
							"post": [0, -2.25, -1],
							"lerp_mode": "catmullrom"
						},
						"0.8333": {
							"post": [0, -0.75, -1.2],
							"lerp_mode": "catmullrom"
						},
						"1.1667": {
							"post": [0, -0.73, 0.11],
							"lerp_mode": "catmullrom"
						},
						"1.5": {
							"post": [0, -2.07, 0.95],
							"lerp_mode": "catmullrom"
						}
					}
				},
				"tail": {
					"rotation": {
						"0.0": {
							"post": [67.5, 0, 0],
							"lerp_mode": "catmullrom"
						},
						"0.75": {
							"post": [0, 0, 0],
							"lerp_mode": "catmullrom"
						},
						"1.5": {
							"post": [67.5, 0, 0],
							"lerp_mode": "catmullrom"
						}
					}
				},
				"head": {
					"rotation": {
						"0.0": {
							"post": [0, 0, 0],
							"lerp_mode": "catmullrom"
						},
						"0.3333": {
							"post": [10, 0, 0],
							"lerp_mode": "catmullrom"
						},
						"0.75": {
							"post": [10, 0, 0],
							"lerp_mode": "catmullrom"
						},
						"1.0833": {
							"post": [0, 0, 0],
							"lerp_mode": "catmullrom"
						},
						"1.5": {
							"post": [0, 0, 0],
							"lerp_mode": "catmullrom"
						}
					},
					"position": {
						"0.0": {
							"post": [0, 1, 0],
							"lerp_mode": "catmullrom"
						},
						"0.75": {
							"post": [0, -1, 0],
							"lerp_mode": "catmullrom"
						},
						"1.5": {
							"post": [0, 1, 0],
							"lerp_mode": "catmullrom"
						}
					}
				},
				"left_ear": {
					"rotation": {
						"0.0": {
							"post": [-55, 0, 0],
							"lerp_mode": "catmullrom"
						},
						"0.5": {
							"post": [-55, 0, 0],
							"lerp_mode": "catmullrom"
						},
						"1.0": {
							"post": [25, 0, 0],
							"lerp_mode": "catmullrom"
						},
						"1.5": {
							"post": [-55, 0, 0],
							"lerp_mode": "catmullrom"
						}
					}
				},
				"right_ear": {
					"rotation": {
						"0.0": {
							"post": [-55, 0, 0],
							"lerp_mode": "catmullrom"
						},
						"0.5": {
							"post": [-55, 0, 0],
							"lerp_mode": "catmullrom"
						},
						"1.0": {
							"post": [25, 0, 0],
							"lerp_mode": "catmullrom"
						},
						"1.5": {
							"post": [-55, 0, 0],
							"lerp_mode": "catmullrom"
						}
					}
				},
				"upperBody": {
					"position": [0, -2, 0]
				},
				"torso": {
					"rotation": {
						"0.0": {
							"post": [-5, 0, 0],
							"lerp_mode": "catmullrom"
						},
						"0.75": {
							"post": [5, 0, 0],
							"lerp_mode": "catmullrom"
						},
						"1.5": {
							"post": [-5, 0, 0],
							"lerp_mode": "catmullrom"
						}
					}
				},
				"body": {
					"rotation": {
						"0.0": {
							"post": [0, 0, 0],
							"lerp_mode": "catmullrom"
						},
						"0.25": {
							"post": [-5, 0, 0],
							"lerp_mode": "catmullrom"
						},
						"0.5": {
							"post": [-5, 0, 0],
							"lerp_mode": "catmullrom"
						},
						"0.8333": {
							"post": [4.17, 0, 0],
							"lerp_mode": "catmullrom"
						},
						"1.5": {
							"post": [0, 0, 0],
							"lerp_mode": "catmullrom"
						}
					},
					"position": {
						"0.0": {
							"post": [0, 0, -1],
							"lerp_mode": "catmullrom"
						},
						"0.5": {
							"post": [0, 1, -1],
							"lerp_mode": "catmullrom"
						},
						"1.5": {
							"post": [0, 0, -1],
							"lerp_mode": "catmullrom"
						}
					}
				}
			}
		},
		"animation.wolf.sitting": {
			"loop": true,
			"animation_length": 1,
			"bones": {
				"root": {
					"rotation": [-35, 0, 0],
					"position": [0, -1, 0]
				},
				"head": {
					"rotation": {
						"0.0": {
							"post": [32.5, 0, 0],
							"lerp_mode": "catmullrom"
						},
						"0.5": {
							"post": [30, 0, 0],
							"lerp_mode": "catmullrom"
						},
						"1.0": {
							"post": [32.5, 0, 0],
							"lerp_mode": "catmullrom"
						}
					}
				},
				"left_ear": {
					"rotation": {
						"0.0": {
							"post": [0, 0, 0],
							"lerp_mode": "catmullrom"
						},
						"0.5": {
							"post": [-20, 0, 0],
							"lerp_mode": "catmullrom"
						},
						"0.75": {
							"post": [9.17, 0, 0],
							"lerp_mode": "catmullrom"
						},
						"1.0": {
							"post": [0, 0, 0],
							"lerp_mode": "catmullrom"
						}
					}
				},
				"right_ear": {
					"rotation": {
						"0.0": {
							"post": [0, 0, 0],
							"lerp_mode": "catmullrom"
						},
						"0.5": {
							"post": [-20, 0, 0],
							"lerp_mode": "catmullrom"
						},
						"0.75": {
							"post": [9.17, 0, 0],
							"lerp_mode": "catmullrom"
						},
						"1.0": {
							"post": [0, 0, 0],
							"lerp_mode": "catmullrom"
						}
					}
				},
				"leg0": {
					"rotation": [-42.5, 0, 32.5]
				},
				"leg1": {
					"rotation": [-42.5, 0, -32.5]
				},
				"leg2": {
					"rotation": [22.5, 0, 0]
				},
				"leg3": {
					"rotation": [22.5, 0, 0]
				},
				"tail": {
					"rotation": {
						"0.0": {
							"post": [51.75656, 11.86554, -30.48005],
							"lerp_mode": "catmullrom"
						},
						"0.5": {
							"post": [51.75656, -11.86554, 30.48005],
							"lerp_mode": "catmullrom"
						},
						"1.0": {
							"post": [51.75656, 11.86554, -30.48005],
							"lerp_mode": "catmullrom"
						}
					}
				}
			}
		},
		"animation.wolf.interested": {
			"loop": true,
			"animation_length": 1,
			"bones": {
				"head": {
					"rotation": [0, 0, 45]
				},
				"tail": {
					"rotation": {
						"0.0": {
							"post": [83.60502, 17.72091, -24.60981],
							"lerp_mode": "catmullrom"
						},
						"0.125": {
							"post": [83.60502, -17.72091, 24.60981],
							"lerp_mode": "catmullrom"
						},
						"0.25": {
							"post": [83.60502, 17.72091, -24.60981],
							"lerp_mode": "catmullrom"
						},
						"0.375": {
							"post": [83.60502, -17.72091, 24.60981],
							"lerp_mode": "catmullrom"
						},
						"0.5": {
							"post": [83.60502, 17.72091, -24.60981],
							"lerp_mode": "catmullrom"
						},
						"0.625": {
							"post": [83.60502, -17.72091, 24.60981],
							"lerp_mode": "catmullrom"
						},
						"0.75": {
							"post": [83.60502, 17.72091, -24.60981],
							"lerp_mode": "catmullrom"
						},
						"0.875": {
							"post": [83.60502, -17.72091, 24.60981],
							"lerp_mode": "catmullrom"
						},
						"1.0": {
							"post": [83.60502, 17.72091, -24.60981],
							"lerp_mode": "catmullrom"
						}
					}
				}
			}
		},
		"animation.wolf.shaking": {
			"animation_length": 2,
			"bones": {
				"head": {
					"rotation": {
						"0.0": {
							"post": [0, 0, 0],
							"lerp_mode": "catmullrom"
						},
						"0.25": {
							"post": [0, 0, -30],
							"lerp_mode": "catmullrom"
						},
						"0.4167": {
							"post": [0, 0, 30],
							"lerp_mode": "catmullrom"
						},
						"0.5833": {
							"post": [0, 0, -30],
							"lerp_mode": "catmullrom"
						},
						"0.75": {
							"post": [0, 0, 30],
							"lerp_mode": "catmullrom"
						},
						"0.9167": {
							"post": [0, 0, -30],
							"lerp_mode": "catmullrom"
						},
						"1.0833": {
							"post": [0, 0, 30],
							"lerp_mode": "catmullrom"
						},
						"1.25": {
							"post": [0, 0, -30],
							"lerp_mode": "catmullrom"
						},
						"1.4167": {
							"post": [0, 0, 30],
							"lerp_mode": "catmullrom"
						},
						"1.5833": {
							"post": [0, 0, -30],
							"lerp_mode": "catmullrom"
						},
						"2.0": {
							"post": [0, 0, 0],
							"lerp_mode": "catmullrom"
						}
					}
				},
				"left_ear": {
					"rotation": {
						"0.0": {
							"post": [0, 0, 0],
							"lerp_mode": "catmullrom"
						},
						"0.75": {
							"post": [0, 0, 0],
							"lerp_mode": "catmullrom"
						},
						"0.9167": {
							"post": [0, 0, 33],
							"lerp_mode": "catmullrom"
						},
						"1.0833": {
							"post": [0, 0, -22.5],
							"lerp_mode": "catmullrom"
						},
						"1.25": {
							"post": [0, 0, 33],
							"lerp_mode": "catmullrom"
						},
						"1.4167": {
							"post": [0, 0, -22.5],
							"lerp_mode": "catmullrom"
						},
						"1.5833": {
							"post": [0, 0, 33],
							"lerp_mode": "catmullrom"
						},
						"1.75": {
							"post": [0, 0, -22.5],
							"lerp_mode": "catmullrom"
						},
						"2.0": {
							"post": [0, 0, 0],
							"lerp_mode": "catmullrom"
						}
					}
				},
				"body": {
					"rotation": {
						"0.0": {
							"post": [0, 0, 0],
							"lerp_mode": "catmullrom"
						},
						"0.25": {
							"post": [0, 0, 0],
							"lerp_mode": "catmullrom"
						},
						"0.4167": {
							"post": [0, 0, -7.5],
							"lerp_mode": "catmullrom"
						},
						"0.5833": {
							"post": [0, 0, 7.5],
							"lerp_mode": "catmullrom"
						},
						"0.75": {
							"post": [0, 0, -7.5],
							"lerp_mode": "catmullrom"
						},
						"0.9167": {
							"post": [0, 0, 7.5],
							"lerp_mode": "catmullrom"
						},
						"1.0833": {
							"post": [0, 0, -7.5],
							"lerp_mode": "catmullrom"
						},
						"1.25": {
							"post": [0, 0, 7.5],
							"lerp_mode": "catmullrom"
						},
						"1.4167": {
							"post": [0, 0, -7.5],
							"lerp_mode": "catmullrom"
						},
						"1.5833": {
							"post": [0, 0, 7.5],
							"lerp_mode": "catmullrom"
						},
						"2.0": {
							"post": [0, 0, 0],
							"lerp_mode": "catmullrom"
						}
					}
				},
				"upperBody": {
					"rotation": {
						"0.0": {
							"post": [0, 0, 0],
							"lerp_mode": "catmullrom"
						},
						"0.25": {
							"post": [0, 0, 0],
							"lerp_mode": "catmullrom"
						},
						"0.4167": {
							"post": [0, 0, 12.5],
							"lerp_mode": "catmullrom"
						},
						"0.5833": {
							"post": [0, 0, -11.92],
							"lerp_mode": "catmullrom"
						},
						"0.75": {
							"post": [0, 0, 12.5],
							"lerp_mode": "catmullrom"
						},
						"0.9167": {
							"post": [0, 0, -11.92],
							"lerp_mode": "catmullrom"
						},
						"1.0833": {
							"post": [0, 0, 12.5],
							"lerp_mode": "catmullrom"
						},
						"1.25": {
							"post": [0, 0, -11.92],
							"lerp_mode": "catmullrom"
						},
						"1.4167": {
							"post": [0, 0, 12.5],
							"lerp_mode": "catmullrom"
						},
						"1.5833": {
							"post": [0, 0, -11.92],
							"lerp_mode": "catmullrom"
						},
						"2.0": {
							"post": [0, 0, 0],
							"lerp_mode": "catmullrom"
						}
					}
				},
				"leg2": {
					"rotation": {
						"0.0": {
							"post": [0, 0, 0],
							"lerp_mode": "catmullrom"
						},
						"0.0833": {
							"post": [-44.00703, 10.54529, 10.72858],
							"lerp_mode": "catmullrom"
						},
						"0.25": {
							"post": [-44.69639, 20.10974, 19.16145],
							"lerp_mode": "catmullrom"
						},
						"0.4167": {
							"post": [-41.51498, 7.36271, 10.71384],
							"lerp_mode": "catmullrom"
						},
						"0.5833": {
							"post": [-54.69639, 20.10974, 19.16145],
							"lerp_mode": "catmullrom"
						},
						"0.75": {
							"post": [-41.51498, 7.36271, 10.71384],
							"lerp_mode": "catmullrom"
						},
						"0.9167": {
							"post": [-54.69639, 20.10974, 19.16145],
							"lerp_mode": "catmullrom"
						},
						"1.0833": {
							"post": [-41.51498, 7.36271, 10.71384],
							"lerp_mode": "catmullrom"
						},
						"1.25": {
							"post": [-54.69639, 20.10974, 19.16145],
							"lerp_mode": "catmullrom"
						},
						"1.4167": {
							"post": [-41.51498, 7.36271, 10.71384],
							"lerp_mode": "catmullrom"
						},
						"1.5833": {
							"post": [-54.69639, 20.10974, 19.16145],
							"lerp_mode": "catmullrom"
						},
						"2.0": {
							"post": [0, 0, 0],
							"lerp_mode": "catmullrom"
						}
					},
					"position": {
						"0.0": [0, 0, 0],
						"0.1667": [0, 1, 0],
						"0.3333": [-1, 1, 0],
						"0.5": [-1, 0, 0],
						"1.5": [-1, 0, 0],
						"1.6667": [-1, 1, 0],
						"1.8333": [0, 1, 0],
						"2.0": [0, 0, 0]
					}
				},
				"leg3": {
					"rotation": {
						"0.0": {
							"post": [0, 0, 0],
							"lerp_mode": "catmullrom"
						},
						"0.0833": {
							"post": [-44.00703, -10.54529, -10.72858],
							"lerp_mode": "catmullrom"
						},
						"0.25": {
							"post": [-44.69639, -20.10974, -19.16145],
							"lerp_mode": "catmullrom"
						},
						"0.4167": {
							"post": [-49.91461, -25.18221, -25.1008],
							"lerp_mode": "catmullrom"
						},
						"0.5833": {
							"post": [-39.01498, -7.36271, -10.71384],
							"lerp_mode": "catmullrom"
						},
						"0.75": {
							"post": [-49.91461, -25.18221, -25.1008],
							"lerp_mode": "catmullrom"
						},
						"0.9167": {
							"post": [-39.01498, -7.36271, -10.71384],
							"lerp_mode": "catmullrom"
						},
						"1.0833": {
							"post": [-49.91461, -25.18221, -25.1008],
							"lerp_mode": "catmullrom"
						},
						"1.25": {
							"post": [-39.01498, -7.36271, -10.71384],
							"lerp_mode": "catmullrom"
						},
						"1.4167": {
							"post": [-49.91461, -25.18221, -25.1008],
							"lerp_mode": "catmullrom"
						},
						"1.5833": {
							"post": [-39.01498, -7.36271, -10.71384],
							"lerp_mode": "catmullrom"
						},
						"2.0": {
							"post": [0, 0, 0],
							"lerp_mode": "catmullrom"
						}
					},
					"position": {
						"0.0": [0, 0, 0],
						"0.1667": [0, 1, 0],
						"0.3333": [1, 1, 0],
						"0.5": [1, 0, 0],
						"1.5": [1, 0, 0],
						"1.6667": [1, 1, 0],
						"1.8333": [0, 1, 0],
						"2.0": [0, 0, 0]
					}
				},
				"tail": {
					"rotation": {
						"0.0": {
							"post": [-27.5, 0, 0],
							"lerp_mode": "catmullrom"
						},
						"0.25": {
							"post": [66.67, 7.5, 0],
							"lerp_mode": "catmullrom"
						},
						"0.4167": {
							"post": [82.54665, -28.87975, -18.35623],
							"lerp_mode": "catmullrom"
						},
						"0.5833": {
							"post": [82.74138, 22.67763, 13.54027],
							"lerp_mode": "catmullrom"
						},
						"0.75": {
							"post": [82.54665, -28.87975, -18.35623],
							"lerp_mode": "catmullrom"
						},
						"0.9167": {
							"post": [82.74138, 22.67763, 13.54027],
							"lerp_mode": "catmullrom"
						},
						"1.0833": {
							"post": [82.54665, -28.87975, -18.35623],
							"lerp_mode": "catmullrom"
						},
						"1.25": {
							"post": [82.74138, 22.67763, 13.54027],
							"lerp_mode": "catmullrom"
						},
						"1.4167": {
							"post": [82.54665, -28.87975, -18.35623],
							"lerp_mode": "catmullrom"
						},
						"2.0": {
							"post": [-27.5, 0, 0],
							"lerp_mode": "catmullrom"
						}
					}
				},
				"right_ear": {
					"rotation": {
						"0.0": {
							"post": [0, 0, 0],
							"lerp_mode": "catmullrom"
						},
						"0.75": {
							"post": [0, 0, 0],
							"lerp_mode": "catmullrom"
						},
						"0.9167": {
							"post": [0, 0, 33],
							"lerp_mode": "catmullrom"
						},
						"1.0833": {
							"post": [0, 0, -22.5],
							"lerp_mode": "catmullrom"
						},
						"1.25": {
							"post": [0, 0, 33],
							"lerp_mode": "catmullrom"
						},
						"1.4167": {
							"post": [0, 0, -22.5],
							"lerp_mode": "catmullrom"
						},
						"1.5833": {
							"post": [0, 0, 33],
							"lerp_mode": "catmullrom"
						},
						"1.75": {
							"post": [0, 0, -22.5],
							"lerp_mode": "catmullrom"
						},
						"2.0": {
							"post": [0, 0, 0],
							"lerp_mode": "catmullrom"
						}
					}
				},
				"root": {
					"rotation": {
						"0.0": {
							"post": [0, 0, 0],
							"lerp_mode": "catmullrom"
						},
						"0.75": {
							"post": [7.5, 0, 0],
							"lerp_mode": "catmullrom"
						},
						"1.75": {
							"post": [7.5, 0, 0],
							"lerp_mode": "catmullrom"
						},
						"2.0": {
							"post": [0, 0, 0],
							"lerp_mode": "catmullrom"
						}
					},
					"position": {
						"0.0": {
							"post": [0, 0, 0],
							"lerp_mode": "catmullrom"
						},
						"0.75": {
							"post": [0, -1, 0],
							"lerp_mode": "catmullrom"
						},
						"1.75": {
							"post": [0, -1, 0],
							"lerp_mode": "catmullrom"
						},
						"2.0": {
							"post": [0, 0, 0],
							"lerp_mode": "catmullrom"
						}
					}
				},
				"leg0": {
					"rotation": {
						"0.5": [0, 0, 0],
						"0.6667": [-22.5, 0, 0],
						"1.5": [-22.5, 0, 0],
						"1.6667": [0, 0, 0]
					},
					"position": {
						"0.3333": [0, 0, 0],
						"0.5": [0, 1, 0],
						"0.6667": [0, 1, -1],
						"0.8333": [0, 0, -1],
						"1.1667": [0, 0, -1],
						"1.3333": [0, 1, -1],
						"1.5": [0, 1, 0],
						"1.6667": [0, 0, 0]
					}
				},
				"leg1": {
					"rotation": {
						"0.1667": [0, 0, 0],
						"0.3333": [-22.5, 0, 0],
						"1.8333": [-22.5, 0, 0],
						"2.0": [0, 0, 0]
					},
					"position": {
						"0.0": [0, 0, 0],
						"0.1667": [0, 1, 0],
						"0.3333": [0, 1, -1],
						"0.5": [0, 0, -1],
						"1.5": [0, 0, -1],
						"1.6667": [0, 1, -1],
						"1.8333": [0, 1, 0],
						"2.0": [0, 0, 0]
					}
				}
			}
		},
		"animation.wolf.angry": {
			"loop": true,
			"animation_length": 1,
			"bones": {
				"jaw": {
					"rotation": {
						"0.0": {
							"post": [37.5, 0, 0],
							"lerp_mode": "catmullrom"
						},
						"0.5": {
							"post": [47.5, 0, 0],
							"lerp_mode": "catmullrom"
						},
						"1.0": {
							"post": [37.5, 0, 0],
							"lerp_mode": "catmullrom"
						}
					}
				},
				"tail": {
					"rotation": [40, 0, 0]
				}
			}
		},
		"animation.wolf.death": {
			"loop": "hold_on_last_frame",
			"animation_length": 1,
			"bones": {
				"root": {
					"rotation": {
						"0.0": [0, 0, 0],
						"0.2": [-27.5, 0, 0],
						"0.7": [0, 0, -90],
						"0.8": [0, 0, -87.5],
						"1.0": [0, 0, -90]
					},
					"position": {
						"0.0": [0, 0, 0],
						"0.2": [0, 2, 0]
					}
				},
				"leg1": {
					"rotation": {
						"0.0": [0, 0, 0],
						"0.2": [52.5, 0, 0],
						"0.4": [42.66117, 34.12398, -31.33144],
						"0.6": [42.66117, 34.12398, -31.33144],
						"0.8": [-26.93828, 7.84308, 10.66602],
						"0.9": [-27.46101, 5.55645, 6.18863],
						"1.0": [-26.93828, 7.84308, 10.66602]
					}
				},
				"leg2": {
					"rotation": {
						"0.0": [0, 0, 0],
						"0.3": [-52.5, 0, 0],
						"0.7": [20, 0, 0]
					}
				},
				"leg3": {
					"rotation": {
						"0.0": [0, 0, 0],
						"0.2": [-67.5, 0, 0],
						"0.4": [-25, 0, -70],
						"0.5": [33.41892, 17.48997, -60.57059],
						"0.8": [29.14743, -7.43547, 13.06431],
						"0.9": [29.62165, -4.98093, 8.6822],
						"1.0": [29.14743, -7.43547, 13.06431]
					}
				},
				"head": {
					"rotation": {
						"0.0": [0, 0, 0],
						"0.1": [20, 0, 0],
						"0.3": [-7.5, 0, 0],
						"0.5": [-8.26511, -24.77164, 3.48303],
						"0.7": [22.5, 0, 0],
						"0.8": [22.67458, -6.92618, -2.88419],
						"1.0": [22.81179, 9.23186, 3.86032]
					}
				},
				"tail": {
					"rotation": {
						"0.0": [0, 0, 0],
						"0.2": [67.5, 0, 0],
						"0.4": [76.59381, 48.42583, 35.93461],
						"0.7": [76.59381, 48.42583, 35.93461],
						"0.8": [63.39756, -5.01148, 4.71953],
						"0.9": [64.56299, 17.89138, 14.87698],
						"1.0": [63.39756, -5.01148, 4.71953]
					}
				}
			}
		},
		"animation.wolf.death_rot": {
			"loop": true,
			"bones": {
				"root": {
					"rotation": [0, 0, "Math.min(Math.sqrt(Math.max(0, query.anim_time * 20 - 0.5) / 20 * 1.6), 1) * -90"]
				}
			}
		}
	}
}