{
	"format_version": "1.8.0",
	"animations": {
		"animation.zombie.baby_transform": {
			"loop": true,
			"bones": {
				"head": {
					"scale": [1.5, 1.5, 1.5]
				}
			}
		},
		"animation.zombie.idle1": {
			"loop": true,
			"animation_length": 2,
			"bones": {
				"root": {
					"position": [0, -0.5, 0]
				},
				"spine": {
					"rotation": {
						"0.0": [35.07673, 9.96156, 0.88045],
						"1.0": [27.5, 5, 0],
						"2.0": [35.07673, 9.96156, 0.88045]
					}
				},
				"head": {
					"rotation": {
						"0.0": [2.5, 0, 0],
						"0.5": [7.50706, -2.4786, -0.32652],
						"1.0": [7.50706, -2.4786, -0.32652],
						"1.5": [2.5, 0, 0],
						"2.0": [2.5, 0, 0]
					}
				},
				"rightArm": {
					"rotation": {
						"0.0": [-25, 0, 0],
						"0.5": [-44.98637, 0.64686, 2.41492],
						"1.0": [-39.98637, 0.64686, 2.41492],
						"2.0": [-25, 0, 0]
					}
				},
				"leftArm": {
					"rotation": {
						"0.0": [-25, 0, 0],
						"0.5": [-44.98637, -0.64686, -2.41492],
						"1.0": [-39.98637, -0.64686, -2.41492],
						"2.0": [-25, 0, 0]
					}
				},
				"rightLeg": {
					"rotation": [-8.6422, 27.98203, 10.74647]
				},
				"leftLeg": {
					"rotation": [7.5, 0, -10]
				}
			}
		},
		"animation.zombie.idle2": {
			"loop": true,
			"animation_length": 2,
			"bones": {
				"root": {
					"position": [0, -0.5, 0]
				},
				"spine": {
					"rotation": {
						"0.0": [-22.5, 0, 5],
						"1.0": [-10, 0, 5],
						"2.0": [-22.5, 0, 5]
					}
				},
				"head": {
					"rotation": {
						"0.0": [20, 0, 0],
						"0.5": [0, 0, 0],
						"1.0": [0, 0, 0],
						"1.5": [20, 0, 0]
					}
				},
				"rightArm": {
					"rotation": {
						"0.0": [-44.3569, 7.13136, 10.29284],
						"0.3": [-59.93367, 3.89558, 4.96477],
						"1.0": [-59.93367, 3.89558, 4.96477],
						"2.0": [-44.3569, 7.13136, 10.29284]
					}
				},
				"leftArm": {
					"rotation": {
						"0.0": [-44.3569, -7.13136, -10.29284],
						"0.3": [-59.93367, -3.89558, -4.96477],
						"1.0": [-59.93367, -3.89558, -4.96477],
						"2.0": [-44.3569, -7.13136, -10.29284]
					}
				},
				"rightLeg": {
					"rotation": [17.5, 0, 10]
				},
				"leftLeg": {
					"rotation": [-17.64892, 1.72794, -9.85108]
				}
			}
		},
		"animation.zombie.walk": {
			"loop": true,
			"animation_length": 1,
			"anim_time_update": "q.anim_time + (q.delta_time * (q.modified_move_speed * 2))",
			"blend_weight": "1",
			"bones": {
				"root": {
					"position": {
						"0.0": [0, -3, 0],
						"0.25": [0, 0, 0],
						"0.5": [0, -3, 0],
						"0.75": [0, 0, 0],
						"1.0": [0, -3, 0]
					}
				},
				"spine": {
					"rotation": {
						"0.0": [12, 0, 0],
						"0.125": [20, 0, 0],
						"0.25": [20, 0, 0],
						"0.375": [12, 0, 0],
						"0.5": [12, 0, 0],
						"0.625": [20, 0, 0],
						"0.75": [20, 0, 0],
						"0.875": [12, 0, 0],
						"1.0": [12, 0, 0]
					}
				},
				"head": {
					"rotation": {
						"0.0": [0, 0, 0],
						"0.125": [7.5, 0, 0],
						"0.2083": [7.5, 0, 0],
						"0.3333": [0, 0, 0],
						"0.4583": [-7.5, 0, 0],
						"0.5833": [2.5, 0, 0],
						"0.6667": [2.5, 0, 0],
						"0.7917": [12.5, 0, 0],
						"1.0": [0, 0, 0]
					}
				},
				"rightArm": {
					"rotation": {
						"0.0": [-90, -7, 0],
						"0.125": [-95, -7, 0],
						"0.25": [-90, -7, 0],
						"0.375": [-95, -7, 0],
						"0.5": [-90, -7, 0],
						"0.625": [-65, -7, 0],
						"0.75": [-65, -7, 0],
						"1.0": [-90, -7, 0]
					}
				},
				"leftArm": {
					"rotation": {
						"0.0": [-90, 7, 0],
						"0.125": [-95, 7, 0],
						"0.25": [-90, 7, 0],
						"0.375": [-95, 7, 0],
						"0.5": [-90, 7, 0],
						"0.625": [-65, 7, 0],
						"0.75": [-65, 7, 0],
						"1.0": [-90, 7, 0]
					}
				},
				"rightLeg": {
					"rotation": {
						"0.0": [37.5, 0, 0],
						"0.5": [-37.5, 0, 0],
						"1.0": [37.5, 0, 0]
					},
					"position": {
						"0.0": [0, 2, 0],
						"0.25": [0, 2, -1],
						"0.5": [0, 1, -1],
						"0.75": [0, 0, 0],
						"1.0": [0, 2, 0]
					}
				},
				"leftLeg": {
					"rotation": {
						"0.0": [-37.5, 0, 0],
						"0.5": [37.5, 0, 0],
						"1.0": [-37.5, 0, 0]
					},
					"position": {
						"0.0": [0, 1, -1],
						"0.25": [0, 0, 0],
						"0.5": [0, 2, 0],
						"0.75": [0, 2, -1],
						"1.0": [0, 1, -1]
					}
				}
			}
		},
		"animation.zombie.run": {
			"loop": true,
			"animation_length": 0.625,
			"bones": {
				"root": {
					"position": {
						"0.0": [0, -3, 0],
						"0.1667": [0, 0, 0],
						"0.2917": [0, -3, 0],
						"0.5": [0, 0, 0],
						"0.625": [0, -3, 0]
					}
				},
				"spine": {
					"rotation": {
						"0.0": [12, 0, 0],
						"0.0833": [20, 0, 0],
						"0.1667": [20, 0, 0],
						"0.25": [12, 0, 0],
						"0.2917": [12, 0, 0],
						"0.375": [20, 0, 0],
						"0.5": [20, 0, 0],
						"0.5417": [12, 0, 0],
						"0.625": [12, 0, 0]
					}
				},
				"head": {
					"rotation": {
						"0.0": [0, 0, 0],
						"0.125": [7.5, 0, 0],
						"0.2083": [0, 0, 0],
						"0.2917": [-7.5, 0, 0],
						"0.375": [2.5, 0, 0],
						"0.4167": [2.5, 0, 0],
						"0.5": [12.5, 0, 0],
						"0.625": [0, 0, 0]
					}
				},
				"leftArm": {
					"rotation": {
						"0.0": [-90, 7, 0],
						"0.0833": [-95, 7, 0],
						"0.1667": [-90, 7, 0],
						"0.25": [-95, 7, 0],
						"0.2917": [-90, 7, 0],
						"0.375": [-65, 7, 0],
						"0.5": [-65, 7, 0],
						"0.625": [-90, 7, 0]
					}
				},
				"rightArm": {
					"rotation": {
						"0.0": [-90, -7, 0],
						"0.0833": [-95, -7, 0],
						"0.1667": [-90, -7, 0],
						"0.25": [-95, -7, 0],
						"0.2917": [-90, -7, 0],
						"0.375": [-65, -7, 0],
						"0.5": [-65, -7, 0],
						"0.625": [-90, -7, 0]
					}
				},
				"leftLeg": {
					"rotation": {
						"0.0": [-37.5, 0, 0],
						"0.2917": [37.5, 0, 0],
						"0.625": [-37.5, 0, 0]
					},
					"position": {
						"0.0": [0, 1, -1],
						"0.1667": [0, 0, 0],
						"0.2917": [0, 2, 0],
						"0.5": [0, 2, -1],
						"0.625": [0, 1, -1]
					}
				},
				"rightLeg": {
					"rotation": {
						"0.0": [37.5, 0, 0],
						"0.2917": [-37.5, 0, 0],
						"0.625": [37.5, 0, 0]
					},
					"position": {
						"0.0": [0, 2, 0],
						"0.1667": [0, 2, -1],
						"0.2917": [0, 1, -1],
						"0.5": [0, 0, 0],
						"0.625": [0, 2, 0]
					}
				}
			}
		},
		"animation.zombie.charging": {
			"loop": "hold_on_last_frame",
			"animation_length": 1,
			"bones": {
				"rightArm": {
					"rotation": {
						"0.0": [0, 0, 0],
						"1.0": [-165, 0, 0]
					}
				}
			}
		},
		"animation.zombie.attack1": {
			"loop": "hold_on_last_frame",
			"animation_length": 0.33333,
			"bones": {
				"spine": {
					"rotation": {
						"0.0": [40, 0, 0],
						"0.1667": [-17.5, 0, 0],
						"0.3333": [40, 0, 0]
					}
				},
				"head": {
					"rotation": {
						"0.0": [0, 0, 0],
						"0.1667": [30, 0, 0],
						"0.25": [-30, 0, 0],
						"0.3333": [0, 0, 0]
					}
				},
				"rightArm": {
					"rotation": {
						"0.0": [-45, 0, 0],
						"0.1667": [-175, 0, 0],
						"0.25": [-149.51568, -10.90183, -38.52907],
						"0.3333": [0, 0, 0]
					}
				},
				"leftArm": {
					"rotation": {
						"0.0": [-45, 0, 0],
						"0.1667": [-175, 0, 0],
						"0.25": [-149.51568, 10.90183, 38.52907],
						"0.3333": [0, 0, 0]
					}
				}
			}
		},
		"animation.zombie.attack2": {
			"loop": "hold_on_last_frame",
			"animation_length": 0.33333,
			"bones": {
				"spine": {
					"rotation": {
						"0.0": [40, 0, 0],
						"0.125": [-22.61557, 0.75155, -17.48436],
						"0.3333": [40, 0, 0]
					}
				},
				"head": {
					"rotation": {
						"0.0": [0, 0, 0],
						"0.0833": [27.5, 0, 0],
						"0.125": [27.5, 0, 0],
						"0.2083": [-22.5, 0, 0],
						"0.3333": [0, 0, 0]
					}
				},
				"rightArm": {
					"rotation": {
						"0.0": [-52.5, 0, 0],
						"0.1667": [-165, 0, 0],
						"0.25": [-193.40052, 9.57658, -39.02504],
						"0.3333": [-52.5, 0, 0]
					}
				},
				"leftArm": {
					"rotation": {
						"0.0": [-62.5, 0, 0],
						"0.2083": [-50, 0, 22.5],
						"0.3333": [-62.5, 0, 0]
					}
				}
			}
		},
		"animation.zombie.attack3": {
			"loop": "hold_on_last_frame",
			"animation_length": 0.33333,
			"bones": {
				"spine": {
					"rotation": {
						"0.0": [0, 0, 0],
						"0.2083": [-19.17, 0, 0],
						"0.3333": [52.5, 0, 0]
					}
				},
				"head": {
					"rotation": {
						"0.0": [0, 0, 0],
						"0.0833": [15, 0, 0],
						"0.125": [15, 0, 0],
						"0.2917": [-25, 0, 0],
						"0.3333": [10, 0, 0]
					}
				},
				"leftArm": {
					"rotation": {
						"0.0": [0, 0, 0],
						"0.125": [-56.50703, 10.54529, 10.72858],
						"0.1667": [-5.7128, 3.92941, -9.62437],
						"0.25": [35, 0, 0],
						"0.2917": [50, 0, 0],
						"0.3333": [17.5, 0, 0]
					}
				},
				"rightArm": {
					"rotation": {
						"0.0": [-30, 0, 0],
						"0.125": [-44.00703, -10.54529, -10.72858],
						"0.1667": [-5.7128, -3.92941, 9.62437],
						"0.25": [35, 0, 0],
						"0.2917": [50, 0, 0],
						"0.3333": [17.5, 0, 0]
					}
				}
			}
		},
		"animation.zombie.damage": {
			"animation_length": 0.5,
			"bones": {
				"spine": {
					"rotation": {
						"0.0": [0, 0, 0],
						"0.125": [-32.5, 0, 0],
						"0.375": [0, 0, 0]
					}
				},
				"rightArm": {
					"rotation": {
						"0.0": [0, 0, 0],
						"0.125": [-82.5, 0, 0],
						"0.5": [0, 0, 0]
					}
				},
				"leftArm": {
					"rotation": {
						"0.0": [0, 0, 0],
						"0.125": [-82.5, 0, 0],
						"0.5": [0, 0, 0]
					}
				}
			}
		},
		"animation.zombie.riding": {
			"loop": true,
			"bones": {
				"spine": {
					"rotation": [5, 0, 0]
				},
				"leftArm": {
					"rotation": [-69.3531, 14.0761, 5.23619]
				},
				"rightArm": {
					"rotation": [-69.3531, -14.0761, -5.23619]
				},
				"leftLeg": {
					"rotation": [-68.31756, -12.88442, -2.80287]
				},
				"rightLeg": {
					"rotation": [-68.31756, 12.88442, 2.80287]
				}
			}
		},
		"animation.zombie.death_rot": {
			"loop": true,
			"bones": {
				"root": {
					"rotation": [0, 0, "Math.min(Math.sqrt(Math.max(0, query.anim_time * 20 - 0.5) / 20 * 1.6), 1) * -90"]
				}
			}
		},
		"animation.zombie.death1": {
			"loop": "hold_on_last_frame",
			"animation_length": 1,
			"bones": {
				"root": {
					"relative_to": {
						"rotation": "entity"
					},
					"rotation": {
						"0.0": [0, 0, 0.01],
						"0.1667": [-47.5, 0.00737, 0.00676],
						"0.5": [-90, 0.01, 0]
					}
				},
				"head": {
					"rotation": {
						"0.0": [0, 0, 0],
						"0.0833": [25, 0, 0],
						"0.5": [25, 0, 0],
						"0.5833": [0, -22.5, 0],
						"0.6667": [18.29388, -16.66577, -5.41615],
						"0.75": [9.36302, -31.26463, -17.62528]
					}
				},
				"rightArm": {
					"rotation": {
						"0.0": [0, 0, 0],
						"0.125": [-51.89774, 54.35477, 11.00468],
						"0.5": [-45, 0, 67.5],
						"0.625": [0, 22.5, 45],
						"0.7083": [-7.5, 22.5, 45],
						"0.7917": [0, 22.5, 45]
					}
				},
				"leftArm": {
					"rotation": {
						"0.0": [0, 0, 0],
						"0.25": [0, 0, 0],
						"0.5": [0, 0, -47.5]
					},
					"position": {
						"0.0": [0, 0, 0],
						"0.125": [0, 0, -11],
						"0.1667": [0.56, -7.33, -9.78],
						"0.2083": [1.12, -10.42, -8.55],
						"0.25": [1.67, -13, -7.33],
						"0.2917": [2.23, -14.83, -6.11],
						"0.3333": [2.78, -16.16, -4.89],
						"0.375": [3.34, -17.25, -3.66],
						"0.4167": [3.89, -18.08, -2.44],
						"0.4583": [4.44, -18.56, -1.22],
						"0.5": [5, -18.75, 0],
						"0.5417": [5, -18.75, -1],
						"0.5833": [5, -19.75, -1],
						"0.625": [5, -19.75, 0]
					}
				},
				"leftLeg": {
					"rotation": {
						"0.0": [0, 0, -17.5],
						"0.25": [-42.5, 0, -17.5],
						"0.4167": [-21.66667, 0, -17.5],
						"0.5": [0, 0, -17.5],
						"0.5833": [-2.5, 0, -17.5],
						"0.6667": [0, 0, -17.5]
					}
				},
				"rightLeg": {
					"rotation": [0, 0, 12.5]
				}
			}
		},
		"animation.zombie.death2": {
			"loop": "hold_on_last_frame",
			"animation_length": 1,
			"bones": {
				"root": {
					"rotation": {
						"0.0": [0, 0, 0],
						"0.125": [-17.5, 0, 0],
						"0.75": [90, 0, 0],
						"0.8333": [87.5, 0, 0],
						"0.9167": [90, 0, 0]
					}
				},
				"head": {
					"rotation": {
						"0.0": [0, 0, 0],
						"0.0833": [25, 0, 0],
						"0.4167": [25, 0, 0],
						"0.5": [0, -52.5, 0],
						"0.5833": [90.65973, -67.47741, -101.86262],
						"0.75": [0, -90, 0],
						"0.8333": [90, -85.5, -90],
						"0.9167": [0, -90, 0]
					},
					"position": {
						"0.0": [0, 0, 0],
						"0.125": [0, 1, 0],
						"0.1667": [0, -0.94, 5.28],
						"0.2083": [0, -4.14, 10.18],
						"0.25": [0, -6.83, 13.9],
						"0.2917": [0, -10.53, 16.79],
						"0.3333": [0, -14.72, 18.53],
						"0.375": [0, -20.65, 18.48],
						"0.4167": [0, -27.99, 16.09],
						"0.4583": [0, -33.96, 12.95],
						"0.5": [0, -35.25, 11.67],
						"0.5417": [0, -36.79, 10.39],
						"0.5833": [0, -38.03, 8.51],
						"0.75": [0, -40.25, 0.75],
						"0.8333": [0, -40.25, 1.25],
						"0.9167": [0, -40.25, 0.75]
					}
				},
				"rightArm": {
					"rotation": {
						"0.0": [0, 0, 0],
						"0.125": [-51.89774, 54.35477, 11.00468],
						"0.3333": [0, 0, 67.5],
						"0.625": [27.5, 0, 67.5],
						"0.75": [27.5, 0, 67.5],
						"0.8333": [2.5, 0, 67.5]
					}
				},
				"leftArm": {
					"rotation": {
						"0.0": [0, 0, 0],
						"0.0833": [-80, 0, 1.75926],
						"0.25": [0, 0, 0],
						"0.625": [45.31509, -18.15489, -64.98614],
						"0.75": [45.31509, -18.15489, -64.98614],
						"0.8333": [-2.18491, -18.15489, -64.98614]
					}
				},
				"rightLeg": {
					"rotation": {
						"0.0": [0, 0, 0],
						"0.1667": [-53.71433, 14.26008, 10.25103],
						"0.375": [-4.84831, 38.90277, 24.0966],
						"0.5": [29.41389, -1.21128, 55.07198],
						"0.7083": [19.41389, -1.21128, 55.07198],
						"0.75": [19.41389, -1.21128, 55.07198],
						"0.8333": [1.91389, -1.21128, 55.07198]
					}
				},
				"leftLeg": {
					"rotation": {
						"0.2917": [0, 0, 0],
						"0.5": [15, 0, 0],
						"0.625": [0, 0, 0]
					}
				}
			}
		}
	}
}