{
	"format_version": "1.8.0",
	"animations": {
		"animation.fox.blink": {
			"loop": true,
			"animation_length": 2,
			"bones": {
				"eyelids": {
					"scale": {
						"0.0": [
							0.975,
							0.975,
							0.975
						],
						"1.0": [
							1.0025,
							1.0025,
							1.0025
						],
						"2.0": [
							0.975,
							0.975,
							0.975
						]
					}
				}
			}
		},
		"animation.fox.sitting": {
			"loop": true
		},
		"animation.fox.walk": {
			"loop": true,
			"animation_length": 0.5,
			"bones": {
				"root": {
					"rotation": {
						"0.0": [
							0,
							2.5,
							2.5
						],
						"0.125": [
							0,
							0,
							2.5
						],
						"0.2917": [
							0,
							-2.5,
							-2.5
						],
						"0.375": [
							0,
							0,
							-2.5
						],
						"0.5": [
							0,
							2.5,
							2.5
						]
					}
				},
				"leg0": {
					"rotation": {
						"0.0": [
							-12.5,
							0,
							0
						],
						"0.1667": [
							32.5,
							0,
							0
						],
						"0.2917": [
							-35,
							0,
							0
						],
						"0.5": [
							-12.5,
							0,
							0
						]
					}
				},
				"knee0": {
					"rotation": {
						"0.0": [
							5,
							0,
							0
						],
						"0.1667": [
							8.75,
							0,
							0
						],
						"0.2917": [
							45,
							0,
							0
						],
						"0.375": [
							0,
							0,
							0
						],
						"0.5": [
							5,
							0,
							0
						]
					}
				},
				"leg1": {
					"rotation": {
						"0.0": [
							-35,
							0,
							0
						],
						"0.2917": [
							-12.5,
							0,
							0
						],
						"0.4167": [
							32.5,
							0,
							0
						],
						"0.5": [
							-35,
							0,
							0
						]
					}
				},
				"knee1": {
					"rotation": {
						"0.0": [
							45,
							0,
							0
						],
						"0.125": [
							0,
							0,
							0
						],
						"0.2917": [
							5,
							0,
							0
						],
						"0.375": [
							8.75,
							0,
							0
						],
						"0.5": [
							45,
							0,
							0
						]
					}
				},
				"leg2": {
					"rotation": {
						"0.0": [
							-35,
							0,
							0
						],
						"0.125": [
							-12.5,
							0,
							0
						],
						"0.2917": [
							22.5,
							0,
							0
						],
						"0.5": [
							-35,
							0,
							0
						]
					}
				},
				"knee2": {
					"rotation": {
						"0.0": [
							45,
							0,
							0
						],
						"0.125": [
							0,
							0,
							0
						],
						"0.2917": [
							5,
							0,
							0
						],
						"0.3333": [
							23.75,
							0,
							0
						],
						"0.5": [
							45,
							0,
							0
						]
					}
				},
				"leg3": {
					"rotation": {
						"0.0": [
							22.5,
							0,
							0
						],
						"0.2917": [
							-35,
							0,
							0
						],
						"0.3333": [
							-12.5,
							0,
							0
						],
						"0.5": [
							22.5,
							0,
							0
						]
					}
				},
				"knee3": {
					"rotation": {
						"0.0": [
							5,
							0,
							0
						],
						"0.0833": [
							23.75,
							0,
							0
						],
						"0.2917": [
							45,
							0,
							0
						],
						"0.3333": [
							0,
							0,
							0
						],
						"0.5": [
							5,
							0,
							0
						]
					}
				},
				"tail": {
					"rotation": {
						"0.0": [
							-10,
							-12.5,
							0
						],
						"0.2917": [
							-10,
							12.5,
							0
						],
						"0.5": [
							-10,
							-12.5,
							0
						]
					}
				},
				"tail2": {
					"rotation": {
						"0.0": [
							0,
							0,
							7.5
						],
						"0.125": [
							0,
							0,
							12.5
						],
						"0.2917": [
							0,
							0,
							-7.5
						],
						"0.375": [
							0,
							0,
							-12.5
						],
						"0.5": [
							0,
							0,
							7.5
						]
					}
				},
				"ears": {
					"rotation": {
						"0.0": [
							0,
							0,
							0
						],
						"0.2917": [
							-7.5,
							0,
							0
						],
						"0.5": [
							0,
							0,
							0
						]
					}
				},
				"left_ear": {
					"rotation": {
						"0.0": [
							0,
							0,
							0
						],
						"0.125": [
							-7.5,
							0,
							0
						],
						"0.5": [
							0,
							0,
							0
						]
					}
				},
				"right_ear": {
					"rotation": {
						"0.0": [
							0,
							0,
							0
						],
						"0.375": [
							-12.5,
							0,
							0
						],
						"0.5": [
							0,
							0,
							0
						]
					}
				}
			}
		},
		"animation.fox.idle": {
			"loop": true,
			"animation_length": 2,
			"bones": {
				"head": {
					"position": {
						"0.0": [
							0,
							0,
							0
						],
						"1.25": [
							0,
							-0.25,
							0
						],
						"2.0": [
							0,
							0,
							0
						]
					}
				},
				"left_ear": {
					"rotation": {
						"0.0": [
							0,
							10,
							0
						],
						"0.625": [
							-4.02154,
							-20.45825,
							8.36746
						],
						"0.8333": [
							-1.6999,
							8.79074,
							-0.3675
						],
						"1.3333": [
							-4.56823,
							13.43901,
							-1.18159
						],
						"1.5": [
							0,
							-2.95455,
							0
						],
						"1.8333": [
							0,
							-5.83333,
							0
						],
						"2.0": [
							0,
							10,
							0
						]
					}
				},
				"right_ear": {
					"rotation": {
						"0.0": [
							0,
							-10,
							0
						],
						"0.1667": [
							0,
							5.83333,
							0
						],
						"0.5": [
							0,
							2.95455,
							0
						],
						"0.6667": [
							-4.56823,
							-13.43901,
							1.18159
						],
						"1.1667": [
							-1.6999,
							-8.79074,
							0.3675
						],
						"1.375": [
							-4.02154,
							20.45825,
							-8.36746
						],
						"2.0": [
							0,
							-10,
							0
						]
					}
				},
				"body": {
					"scale": {
						"0.0": [
							1,
							1,
							1
						],
						"1.0": [
							1.025,
							1.025,
							1.025
						],
						"2.0": [
							1,
							1,
							1
						]
					}
				},
				"tail": {
					"rotation": {
						"0.0": [
							17.89807,
							-11.91276,
							-3.81397
						],
						"0.1667": [
							16.97927,
							8.63965,
							1.26195
						],
						"0.3333": [
							17.89807,
							-11.91276,
							-3.81397
						],
						"0.5": [
							16.97927,
							8.63965,
							1.26195
						],
						"0.6667": [
							17.89807,
							-11.91276,
							-3.81397
						],
						"0.8333": [
							16.97927,
							8.63965,
							1.26195
						],
						"2.0": [
							17.89807,
							-11.91276,
							-3.81397
						]
					}
				},
				"tail2": {
					"rotation": {
						"0.0": [
							0,
							0,
							-10
						],
						"0.0833": [
							0,
							0,
							5
						],
						"0.1667": [
							0,
							0,
							10
						],
						"0.25": [
							0,
							0,
							-5
						],
						"0.3333": [
							0,
							0,
							-10
						],
						"0.4167": [
							0,
							0,
							5
						],
						"0.5": [
							0,
							0,
							10
						],
						"0.5833": [
							0,
							0,
							-5
						],
						"0.6667": [
							0,
							0,
							-10
						],
						"0.75": [
							0,
							0,
							5
						],
						"0.8333": [
							0,
							0,
							10
						],
						"0.9167": [
							0,
							0,
							-5
						],
						"1.5": [
							0,
							0,
							-10
						]
					}
				},
				"snout": {
					"rotation": {
						"0.0": [
							0,
							0,
							0
						],
						"1.5": [
							-5,
							0,
							0
						],
						"1.625": [
							-1.66667,
							0,
							0
						],
						"1.75": [
							-3.83333,
							0,
							0
						],
						"1.875": [
							-0.375,
							0,
							0
						],
						"2.0": [
							0,
							0,
							0
						]
					}
				}
			}
		},
		"animation.fox.sit": {
			"loop": true,
			"animation_length": 2,
			"bones": {
				"head": {
					"position": {
						"0.0": [
							0,
							3,
							2
						],
						"1.25": [
							0,
							2.75,
							2
						],
						"2.0": [
							0,
							3,
							2
						]
					}
				},
				"left_ear": {
					"rotation": {
						"0.0": [
							0,
							10,
							0
						],
						"0.625": [
							-4.02154,
							-20.45825,
							8.36746
						],
						"0.8333": [
							-1.6999,
							8.79074,
							-0.3675
						],
						"1.3333": [
							-4.56823,
							13.43901,
							-1.18159
						],
						"1.5": [
							0,
							-2.95455,
							0
						],
						"1.8333": [
							0,
							-5.83333,
							0
						],
						"2.0": [
							0,
							10,
							0
						]
					}
				},
				"right_ear": {
					"rotation": {
						"0.0": [
							0,
							-10,
							0
						],
						"0.1667": [
							0,
							5.83333,
							0
						],
						"0.5": [
							0,
							2.95455,
							0
						],
						"0.6667": [
							-4.56823,
							-13.43901,
							1.18159
						],
						"1.1667": [
							-1.6999,
							-8.79074,
							0.3675
						],
						"1.375": [
							-4.02154,
							20.45825,
							-8.36746
						],
						"2.0": [
							0,
							-10,
							0
						]
					}
				},
				"body": {
					"rotation": [
						-42.5,
						0,
						0
					],
					"scale": {
						"0.0": [
							1,
							1,
							1
						],
						"1.0": [
							1.025,
							1.025,
							1.025
						],
						"2.0": [
							1,
							1,
							1
						]
					}
				},
				"leg0": {
					"rotation": [
						-43.18482,
						10.17781,
						20.17393
					],
					"position": [
						0,
						-1,
						-2
					]
				},
				"knee0": {
					"rotation": [
						32.5,
						0,
						0
					]
				},
				"leg1": {
					"rotation": [
						-43.18482,
						-10.17781,
						-20.17393
					],
					"position": [
						0,
						-2,
						-2
					]
				},
				"knee1": {
					"rotation": [
						32.5,
						0,
						0
					]
				},
				"tail": {
					"rotation": {
						"0.0": [
							17.89807,
							-11.91276,
							-3.81397
						],
						"0.1667": [
							16.97927,
							8.63965,
							1.26195
						],
						"0.3333": [
							17.89807,
							-11.91276,
							-3.81397
						],
						"0.5": [
							16.97927,
							8.63965,
							1.26195
						],
						"0.6667": [
							17.89807,
							-11.91276,
							-3.81397
						],
						"0.8333": [
							16.97927,
							8.63965,
							1.26195
						],
						"2.0": [
							17.89807,
							-11.91276,
							-3.81397
						]
					},
					"position": [
						0,
						-5,
						-3
					]
				},
				"tail2": {
					"rotation": {
						"0.0": [
							0,
							0,
							-10
						],
						"0.0833": [
							0,
							0,
							5
						],
						"0.1667": [
							0,
							0,
							10
						],
						"0.25": [
							0,
							0,
							-5
						],
						"0.3333": [
							0,
							0,
							-10
						],
						"0.4167": [
							0,
							0,
							5
						],
						"0.5": [
							0,
							0,
							10
						],
						"0.5833": [
							0,
							0,
							-5
						],
						"0.6667": [
							0,
							0,
							-10
						],
						"0.75": [
							0,
							0,
							5
						],
						"0.8333": [
							0,
							0,
							10
						],
						"0.9167": [
							0,
							0,
							-5
						],
						"1.5": [
							0,
							0,
							-10
						]
					}
				},
				"snout": {
					"rotation": {
						"0.0": [
							0,
							0,
							0
						],
						"1.5": [
							-5,
							0,
							0
						],
						"1.625": [
							-1.66667,
							0,
							0
						],
						"1.75": [
							-3.83333,
							0,
							0
						],
						"1.875": [
							-0.375,
							0,
							0
						],
						"2.0": [
							0,
							0,
							0
						]
					}
				}
			}
		},
		"animation.fox.crouch": {
			"loop": true,
			"animation_length": 1,
			"bones": {
				"head": {
					"position": [
						0,
						-3,
						0
					]
				},
				"body": {
					"position": [
						0,
						-3,
						0
					]
				},
				"tail": {
					"rotation": [
						-10,
						0,
						0
					],
					"position": [
						0,
						-3,
						0
					]
				},
				"tail2": {
					"rotation": [
						10,
						0,
						0
					]
				}
			}
		},
		"animation.fox_bma.pounce": {
			"loop": "hold_on_last_frame",
			"animation_length": 1.5,
			"bones": {
				"head": {
					"position": {
						"0.0": [
							0,
							-3,
							0
						],
						"0.1667": [
							0,
							-2.75,
							0.25
						],
						"0.4167": [
							0,
							-1,
							1.5
						],
						"1.2083": [
							0,
							-3,
							1
						],
						"1.5": [
							0,
							-3,
							0
						]
					}
				},
				"body": {
					"rotation": {
						"0.0": [
							0,
							0,
							0
						],
						"0.1667": [
							12.5,
							0,
							0
						],
						"0.4167": [
							-22.5,
							0,
							0
						],
						"0.5417": [
							-7.5,
							0,
							0
						],
						"1.2083": [
							10,
							0,
							0
						],
						"1.5": [
							0,
							0,
							0
						]
					},
					"position": {
						"0.0": [
							0,
							-3,
							0
						],
						"0.1667": [
							0,
							-3,
							0
						]
					}
				},
				"leg0": {
					"rotation": {
						"0.0": [
							-52.07555,
							7.9185,
							11.12673
						],
						"0.1667": [
							-29.57555,
							7.9185,
							11.12673
						],
						"0.4167": [
							-64.57555,
							7.9185,
							11.12673
						],
						"0.5417": [
							0.42445,
							7.9185,
							11.12673
						],
						"0.75": [
							12.5,
							0,
							0
						],
						"0.875": [
							17.5,
							0,
							0
						],
						"1.0": [
							12.5,
							0,
							0
						],
						"1.125": [
							17.5,
							0,
							0
						],
						"1.25": [
							12.5,
							0,
							0
						],
						"1.375": [
							17.5,
							0,
							0
						],
						"1.5": [
							-52.07555,
							7.9185,
							11.12673
						]
					},
					"position": {
						"0.0": [
							0,
							-2,
							1
						],
						"0.1667": [
							0,
							-1,
							1
						],
						"0.4167": [
							0,
							-2.5,
							1
						],
						"0.5417": [
							0,
							-2.12,
							0.57
						],
						"1.2083": [
							0,
							-1,
							1
						],
						"1.5": [
							0,
							-2,
							1
						]
					}
				},
				"knee0": {
					"rotation": {
						"0.0": [
							47.39118,
							3.68425,
							-3.38262
						],
						"0.1667": [
							4.89118,
							3.68425,
							-3.38262
						],
						"0.4167": [
							62.39118,
							3.68425,
							-3.38262
						],
						"0.5417": [
							67.39118,
							3.68425,
							-3.38262
						],
						"0.8333": [
							29.89118,
							3.68425,
							-3.38262
						],
						"0.9583": [
							34.89118,
							3.68425,
							-3.38262
						],
						"1.0833": [
							29.89118,
							3.68425,
							-3.38262
						],
						"1.2083": [
							34.89118,
							3.68425,
							-3.38262
						],
						"1.3333": [
							29.89118,
							3.68425,
							-3.38262
						],
						"1.5": [
							47.39118,
							3.68425,
							-3.38262
						]
					}
				},
				"leg1": {
					"rotation": {
						"0.0": [
							-52.07555,
							-7.9185,
							-11.12673
						],
						"0.1667": [
							-29.57555,
							-7.9185,
							-11.12673
						],
						"0.4167": [
							-64.57555,
							-7.9185,
							-11.12673
						],
						"0.5417": [
							0.42445,
							-7.9185,
							-11.12673
						],
						"0.75": [
							12.5,
							0,
							0
						],
						"0.875": [
							17.5,
							0,
							0
						],
						"1.0": [
							12.5,
							0,
							0
						],
						"1.125": [
							17.5,
							0,
							0
						],
						"1.25": [
							12.5,
							0,
							0
						],
						"1.375": [
							17.5,
							0,
							0
						],
						"1.5": [
							-52.07555,
							-7.9185,
							-11.12673
						]
					},
					"position": {
						"0.0": [
							0,
							-2,
							1
						],
						"0.1667": [
							0,
							-1,
							1
						],
						"0.4167": [
							0,
							-2.5,
							1
						],
						"0.5417": [
							0,
							-2.12,
							0.57
						],
						"1.2083": [
							0,
							-1,
							1
						],
						"1.5": [
							0,
							-2,
							1
						]
					}
				},
				"knee1": {
					"rotation": {
						"0.0": [
							47.39118,
							3.68425,
							-3.38262
						],
						"0.1667": [
							4.89118,
							3.68425,
							-3.38262
						],
						"0.4167": [
							62.39118,
							3.68425,
							-3.38262
						],
						"0.5417": [
							67.39118,
							3.68425,
							-3.38262
						],
						"0.8333": [
							29.89118,
							3.68425,
							-3.38262
						],
						"0.9583": [
							34.89118,
							3.68425,
							-3.38262
						],
						"1.0833": [
							29.89118,
							3.68425,
							-3.38262
						],
						"1.2083": [
							34.89118,
							3.68425,
							-3.38262
						],
						"1.3333": [
							29.89118,
							3.68425,
							-3.38262
						],
						"1.5": [
							47.39118,
							3.68425,
							-3.38262
						]
					}
				},
				"leg2": {
					"rotation": {
						"0.2083": [
							0,
							0,
							0
						],
						"0.3333": [
							7.5,
							0,
							0
						],
						"0.5": [
							15,
							0,
							0
						],
						"0.6667": [
							7.5,
							0,
							0
						],
						"0.8333": [
							15,
							0,
							0
						],
						"1.0": [
							7.5,
							0,
							0
						],
						"1.1667": [
							15,
							0,
							0
						],
						"1.5": [
							0,
							0,
							0
						]
					},
					"position": {
						"0.2083": [
							0,
							0,
							0
						],
						"0.3333": [
							0,
							-2,
							0
						],
						"1.3333": [
							0,
							-2,
							0
						],
						"1.5": [
							0,
							0,
							0
						]
					}
				},
				"knee2": {
					"rotation": {
						"0.25": [
							0,
							0,
							0
						],
						"0.3333": [
							22.5,
							0,
							0
						],
						"0.5833": [
							27.5,
							0,
							0
						],
						"0.75": [
							20,
							0,
							0
						],
						"0.9167": [
							27.5,
							0,
							0
						],
						"1.0833": [
							20,
							0,
							0
						],
						"1.25": [
							27.5,
							0,
							0
						],
						"1.4167": [
							20,
							0,
							0
						],
						"1.5": [
							0,
							0,
							0
						]
					}
				},
				"leg3": {
					"rotation": {
						"0.1667": [
							0,
							0,
							0
						],
						"0.3333": [
							7.5,
							0,
							0
						],
						"0.5": [
							15,
							0,
							0
						],
						"0.6667": [
							7.5,
							0,
							0
						],
						"0.8333": [
							15,
							0,
							0
						],
						"1.0": [
							7.5,
							0,
							0
						],
						"1.1667": [
							15,
							0,
							0
						],
						"1.5": [
							0,
							0,
							0
						]
					},
					"position": {
						"0.1667": [
							0,
							0,
							0
						],
						"0.3333": [
							0,
							-2,
							0
						],
						"1.3333": [
							0,
							-2,
							0
						],
						"1.5": [
							0,
							0,
							0
						]
					}
				},
				"knee3": {
					"rotation": {
						"0.25": [
							0,
							0,
							0
						],
						"0.3333": [
							22.5,
							0,
							0
						],
						"0.5833": [
							27.5,
							0,
							0
						],
						"0.75": [
							20,
							0,
							0
						],
						"0.9167": [
							27.5,
							0,
							0
						],
						"1.0833": [
							20,
							0,
							0
						],
						"1.25": [
							27.5,
							0,
							0
						],
						"1.4167": [
							20,
							0,
							0
						],
						"1.5": [
							0,
							0,
							0
						]
					}
				},
				"tail": {
					"rotation": {
						"0.0": [
							-10,
							0,
							0
						],
						"0.125": [
							-12.5,
							0,
							0
						],
						"0.5417": [
							-28.86364,
							0,
							0
						],
						"0.6667": [
							-21.40316,
							0,
							0
						],
						"0.7917": [
							-28.86364,
							0,
							0
						],
						"0.9167": [
							-21.40316,
							0,
							0
						],
						"1.0417": [
							-28.86364,
							0,
							0
						],
						"1.1667": [
							-21.40316,
							0,
							0
						],
						"1.2917": [
							-28.86364,
							0,
							0
						],
						"1.5": [
							-10,
							0,
							0
						]
					},
					"position": {
						"0.0": [
							0,
							-2.75,
							-0.5
						],
						"0.1667": [
							0,
							-1,
							-1.5
						],
						"0.4167": [
							0,
							-5.65,
							-0.75
						],
						"0.5417": [
							0,
							-3.25,
							-1
						],
						"1.2083": [
							0,
							-1,
							-1.75
						],
						"1.5": [
							0,
							-2.75,
							-0.5
						]
					}
				},
				"tail2": {
					"rotation": {
						"0.0": [
							10,
							0,
							0
						],
						"0.1667": [
							-7.5,
							0,
							0
						],
						"0.2917": [
							2.5,
							0,
							0
						],
						"0.4167": [
							17.5,
							0,
							0
						],
						"0.7083": [
							5,
							0,
							0
						],
						"0.8333": [
							-10,
							0,
							0
						],
						"0.9583": [
							5,
							0,
							0
						],
						"1.0833": [
							-10,
							0,
							0
						],
						"1.2083": [
							5,
							0,
							0
						],
						"1.3333": [
							-10,
							0,
							0
						],
						"1.5": [
							10,
							0,
							0
						]
					}
				}
			}
		},
		"animation.fox_bma.wiggle": {
			"loop": true,
			"animation_length": 1,
			"bones": {
				"head": {
					"position": [
						0,
						-3,
						0
					]
				},
				"body": {
					"rotation": {
						"0.0": [
							0,
							-5,
							0
						],
						"0.125": [
							0,
							5,
							0
						],
						"0.25": [
							0,
							-5,
							0
						],
						"0.375": [
							0,
							5,
							0
						],
						"0.5": [
							0,
							-5,
							0
						],
						"0.625": [
							0,
							5,
							0
						],
						"0.75": [
							0,
							-5,
							0
						],
						"0.875": [
							0,
							5,
							0
						],
						"1.0": [
							0,
							-5,
							0
						]
					},
					"position": [
						0,
						-3,
						0
					]
				},
				"tail": {
					"position": {
						"0.0": [
							-0.75,
							-3,
							0
						],
						"0.125": [
							0.75,
							-3,
							0
						],
						"0.25": [
							-0.75,
							-3,
							0
						],
						"0.375": [
							0.75,
							-3,
							0
						],
						"0.5": [
							-0.75,
							-3,
							0
						],
						"0.625": [
							0.75,
							-3,
							0
						],
						"0.7083": [
							-0.75,
							-3,
							0
						],
						"0.8333": [
							0.75,
							-3,
							0
						],
						"0.9167": [
							-0.75,
							-3,
							0
						],
						"1.0": [
							-0.75,
							-3,
							0
						]
					}
				},
				"tail2": {
					"rotation": {
						"0.0": [
							0,
							0,
							-7.5
						],
						"0.0417": [
							0,
							0,
							7.5
						],
						"0.125": [
							0,
							0,
							7.5
						],
						"0.1667": [
							0,
							0,
							-7.5
						],
						"0.25": [
							0,
							0,
							-7.5
						],
						"0.2917": [
							0,
							0,
							7.5
						],
						"0.375": [
							0,
							0,
							7.5
						],
						"0.4167": [
							0,
							0,
							-7.5
						],
						"0.5": [
							0,
							0,
							-7.5
						],
						"0.5417": [
							0,
							0,
							7.5
						],
						"0.625": [
							0,
							0,
							7.5
						],
						"0.6667": [
							0,
							0,
							-7.5
						],
						"0.7917": [
							0,
							0,
							7.5
						],
						"0.875": [
							0,
							0,
							7.5
						],
						"0.9167": [
							0,
							0,
							-7.5
						],
						"1.0": [
							0,
							0,
							-7.5
						]
					}
				}
			}
		},
		"animation.fox_bma.sleeping": {
			"loop": true,
			"animation_length": 2,
			"bones": {
				"root": {
					"rotation": [
						0,
						0,
						-90
					],
					"position": [
						7,
						3,
						0
					]
				},
				"head": {
					"rotation": [
						-900,
						-77.5,
						-810
					],
					"position": [
						1.1,
						0,
						0
					]
				},
				"left_ear": {
					"rotation": {
						"0.4167": [
							0,
							0,
							0
						],
						"0.5833": [
							0,
							-37.5,
							0
						],
						"1.4167": [
							0,
							-37.5,
							0
						],
						"1.5833": [
							0,
							0,
							0
						]
					}
				},
				"right_ear": {
					"rotation": {
						"0.8333": [
							0,
							0,
							0
						],
						"1.0": [
							0,
							37.5,
							0
						],
						"1.8333": [
							0,
							37.5,
							0
						],
						"2.0": [
							0,
							0,
							0
						]
					}
				},
				"snout": {
					"rotation": {
						"0.0": [
							0,
							0,
							0
						],
						"0.125": [
							-2.5,
							0,
							0
						],
						"0.25": [
							0,
							0,
							0
						],
						"0.375": [
							-2.5,
							0,
							0
						],
						"0.5": [
							0,
							0,
							0
						],
						"0.625": [
							-2.5,
							0,
							0
						],
						"2.0": [
							0,
							0,
							0
						]
					}
				},
				"leg0": {
					"position": [
						1,
						3,
						0
					],
					"scale": 0.4
				},
				"leg1": {
					"position": [
						-0.5,
						5,
						0
					],
					"scale": 0.03
				},
				"leg2": {
					"position": [
						0.25,
						4,
						0
					],
					"scale": [
						0.6,
						0.5,
						0.7
					]
				},
				"leg3": {
					"position": [
						-0.25,
						4,
						0
					]
				},
				"tail": {
					"rotation": {
						"0.0": [
							-110,
							0,
							0
						],
						"1.3333": [
							-110,
							0,
							0
						],
						"1.5": [
							-109.98247,
							-0.85481,
							-2.34941
						],
						"1.6667": [
							-110,
							0,
							0
						],
						"1.8333": [
							-109.98247,
							-0.85481,
							-2.34941
						],
						"2.0": [
							-110,
							0,
							0
						]
					}
				},
				"tail2": {
					"rotation": {
						"0.0": [
							0,
							0,
							0
						],
						"1.3333": [
							0,
							0,
							0
						],
						"1.4167": [
							0,
							0,
							5
						],
						"1.5": [
							0,
							0,
							5
						],
						"1.5833": [
							0,
							0,
							-2.5
						],
						"1.6667": [
							0,
							0,
							-7.5
						],
						"1.75": [
							0,
							0,
							0
						],
						"1.8333": [
							0,
							0,
							-7.5
						],
						"1.9167": [
							0,
							0,
							-7.5
						],
						"2.0": [
							0,
							0,
							0
						]
					}
				}
			}
		}
	}
}