{
  "format_version": "1.8.0",
  "render_controllers": {
    "controller.render.creeper": {
      "geometry": "Geometry.default",
      "materials": [ { "*": "Material.default" } ],
      "textures": [ "Texture.default" ],
      "overlay_color": {
          "r": "((variable.flash == 0.0) || (query.swelling_dir < 0.0)) ? this : 1.0",
          "g": "((variable.flash == 0.0) || (query.swelling_dir < 0.0)) ? this : 1.0",
          "b": "((variable.flash == 0.0) || (query.swelling_dir < 0.0)) ? this : 1.0",
          "a": "((variable.flash == 0.0) || (query.swelling_dir < 0.0)) ? this : 1.0"
      },
      "is_hurt_color": {
        "r": 1.0,
        "g": 1.0,
        "b": 1.0,
        "a": "q.is_alive ? 0.2 : 0"
      }
    }
  }
}
