{
  "format_version": "1.8.0",
  "render_controllers": {
    "controller.render.evoker": {
      "geometry": "Geometry.default",
      "materials": [ { "*": "Material.default" } ],
      "part_visibility": [
        { "*": true },
        { "arms": "!(query.is_casting || query.is_celebrating)" },
        { "leftarm": "query.is_casting || query.is_celebrating" },
        { "rightarm": "query.is_casting || query.is_celebrating" }
      ],
      "textures": [ "Texture.default" ],
      "is_hurt_color": {
        "r": 1.0,
        "g": 1.0,
        "b": 1.0,
        "a": "q.is_alive ? 0.2 : 0"
      }
    }
  }
}
