{
  "format_version": "1.8.0",
  "render_controllers": {
    "controller.render.iron_golem": {
      "materials": [
        {
          "*": "Material.default"
        }
      ],
      "geometry": "Geometry.default",
      "textures": ["Texture.default"],
      "is_hurt_color": {
        "r": 1.0,
        "g": 1.0,
        "b": 1.0,
        "a": "q.is_alive ? 0.2 : 0"
      }
    },
    "controller.render.iron_golem_cracks": {
      "arrays": {
        "textures": {
          "Array.cracks": [
            "Texture.cracked_high",
            "Texture.cracked_med",
            "Texture.cracked_low",
            "Texture.cracked_none"
          ]
        }
      },
      "materials": [
        {
          "*": "material.default"
        }
      ],
      "geometry": "Geometry.default",
      "textures": [
        "Array.cracks[math.clamp(query.health / 25, 0, 3)]"
      ],
      "is_hurt_color": {
        "r": 1.0,
        "g": 1.0,
        "b": 1.0,
        "a": "q.is_alive ? 0.2 : 0"
      }
    }
  }
}
