{
	"format_version": "1.8.0",
	"geometry.enderman.v1.8": {
		"texturewidth": 64,
		"textureheight": 32,
		"visible_bounds_width": 4,
		"visible_bounds_height": 4,
		"visible_bounds_offset": [
			0,
			2,
			0
		],
		"bones": [
			{
				"name": "root",
				"pivot": [
					0,
					11,
					0
				]
			},
			{
				"name": "spine",
				"parent": "root",
				"pivot": [
					0,
					30,
					0
				]
			},
			{
				"name": "head",
				"parent": "spine",
				"pivot": [
					0,
					42,
					0
				],
				"cubes": [
					{
						"origin": [
							-4,
							42,
							-4
						],
						"size": [
							8,
							8,
							8
						],
						"uv": [
							0,
							0
						]
					}
				]
			},
			{
				"name": "hat",
				"parent": "head",
				"pivot": [
					0,
					42,
					0
				],
				"reset": true,
				"cubes": [
					{
						"origin": [
							-4,
							41.5,
							-4
						],
						"size": [
							8,
							8,
							8
						],
						"uv": [
							0,
							16
						],
						"inflate": -0.5
					}
				]
			},
			{
				"name": "eyelids",
				"parent": "head",
				"pivot": [
					0,
					42,
					0
				],
				"cubes": [
					{
						"origin": [
							-4,
							45,
							-4.05
						],
						"size": [
							3,
							1,
							0
						],
						"uv": [
							15,
							9
						]
					},
					{
						"origin": [
							1,
							45,
							-4.05
						],
						"size": [
							3,
							1,
							0
						],
						"uv": [
							15,
							9
						]
					}
				]
			},
			{
				"name": "body",
				"parent": "spine",
				"pivot": [
					0,
					30,
					0
				],
				"reset": true,
				"cubes": [
					{
						"origin": [
							-4,
							30,
							-2
						],
						"size": [
							8,
							12,
							4
						],
						"uv": [
							32,
							16
						]
					}
				]
			},
			{
				"name": "rightArm",
				"parent": "body",
				"pivot": [
					-5,
					40,
					0
				],
				"reset": true,
				"cubes": [
					{
						"origin": [
							-6,
							27,
							-1
						],
						"size": [
							2,
							15,
							2
						],
						"uv": [
							56,
							0
						]
					}
				]
			},
			{
				"name": "rightElbow",
				"parent": "rightArm",
				"pivot": [
					-5,
					27,
					0
				],
				"cubes": [
					{
						"origin": [
							-6,
							12,
							-1
						],
						"size": [
							2,
							15,
							2
						],
						"uv": [
							56,
							15
						]
					}
				]
			},
			{
				"name": "rightItem",
				"parent": "rightElbow",
				"pivot": [
					-8,
					19,
					1
				]
			},
			{
				"name": "leftArm",
				"parent": "body",
				"pivot": [
					5,
					40,
					0
				],
				"reset": true,
				"mirror": true,
				"cubes": [
					{
						"origin": [
							4,
							27,
							-1
						],
						"size": [
							2,
							15,
							2
						],
						"uv": [
							56,
							0
						]
					}
				]
			},
			{
				"name": "leftElbow",
				"parent": "leftArm",
				"pivot": [
					5,
					27,
					0
				],
				"cubes": [
					{
						"origin": [
							4,
							12,
							-1
						],
						"size": [
							2,
							15,
							2
						],
						"uv": [
							56,
							15
						],
						"mirror": true
					}
				]
			},
			{
				"name": "hip",
				"parent": "root",
				"pivot": [
					0,
					11,
					0
				]
			},
			{
				"name": "rightLeg",
				"parent": "hip",
				"pivot": [
					-2,
					30,
					0
				],
				"reset": true,
				"cubes": [
					{
						"origin": [
							-3,
							15,
							-1
						],
						"size": [
							2,
							15,
							2
						],
						"uv": [
							56,
							0
						]
					}
				]
			},
			{
				"name": "rightKnee",
				"parent": "rightLeg",
				"pivot": [
					-2,
					14.5,
					0
				],
				"cubes": [
					{
						"origin": [
							-3,
							0,
							-1
						],
						"size": [
							2,
							15,
							2
						],
						"uv": [
							56,
							15
						]
					}
				]
			},
			{
				"name": "leftLeg",
				"parent": "hip",
				"pivot": [
					2,
					30,
					0
				],
				"reset": true,
				"mirror": true,
				"cubes": [
					{
						"origin": [
							1,
							15,
							-1
						],
						"size": [
							2,
							15,
							2
						],
						"uv": [
							56,
							0
						]
					}
				]
			},
			{
				"name": "leftKnee",
				"parent": "leftLeg",
				"pivot": [
					2,
					14.5,
					0
				],
				"cubes": [
					{
						"origin": [
							1,
							0,
							-1
						],
						"size": [
							2,
							15,
							2
						],
						"uv": [
							56,
							15
						],
						"mirror": true
					}
				]
			}
		]
	}
}