{
	"format_version": "1.8.0",
	"geometry.mooshroom": {
		"visible_bounds_width": 2,
		"visible_bounds_height": 2,
		"visible_bounds_offset": [
			0,
			1,
			0
		],
		"texturewidth": 64,
		"textureheight": 32,
		"bones": [
			{
				"name": "body",
				"pivot": [
					0,
					19,
					2
				],
				"bind_pose_rotation": [
					90,
					0,
					0
				],
				"cubes": [
					{
						"origin": [
							-6,
							11,
							-5
						],
						"size": [
							12,
							18,
							10
						],
						"uv": [
							18,
							4
						]
					},
					{
						"origin": [
							-2,
							11,
							-6
						],
						"size": [
							4,
							6,
							1
						],
						"uv": [
							52,
							0
						]
					}
				]
			},
			{
				"name": "head",
				"pivot": [
					0,
					20,
					-8
				],
				"locators": {
					"lead": [
						0,
						20,
						-8
					]
				},
				"cubes": [
					{
						"origin": [
							-4,
							16,
							-14
						],
						"size": [
							8,
							8,
							6
						],
						"uv": [
							0,
							0
						]
					},
					{
						"origin": [
							-5,
							22,
							-12
						],
						"size": [
							1,
							3,
							1
						],
						"uv": [
							22,
							0
						]
					},
					{
						"origin": [
							4,
							22,
							-12
						],
						"size": [
							1,
							3,
							1
						],
						"uv": [
							22,
							0
						]
					}
				]
			},
			{
				"name": "leg0",
				"parent": "body",
				"pivot": [
					-4,
					12,
					7
				],
				"cubes": [
					{
						"origin": [
							-6,
							6,
							5
						],
						"size": [
							4,
							6,
							4
						],
						"uv": [
							0,
							16
						]
					}
				]
			},
			{
				"name": "knee",
				"parent": "leg0",
				"pivot": [
					-4,
					6,
					5
				],
				"cubes": [
					{
						"origin": [
							-6,
							0,
							5
						],
						"size": [
							4,
							6,
							4
						],
						"uv": [
							0,
							22
						]
					}
				]
			},
			{
				"name": "leg1",
				"parent": "body",
				"pivot": [
					4,
					12,
					7
				],
				"mirror": true,
				"cubes": [
					{
						"origin": [
							2,
							6,
							5
						],
						"size": [
							4,
							6,
							4
						],
						"uv": [
							0,
							16
						]
					}
				]
			},
			{
				"name": "knee1",
				"parent": "leg1",
				"pivot": [
					4,
					6,
					5
				],
				"cubes": [
					{
						"origin": [
							2,
							0,
							5
						],
						"size": [
							4,
							6,
							4
						],
						"uv": [
							0,
							22
						],
						"mirror": true
					}
				]
			},
			{
				"name": "leg2",
				"parent": "body",
				"pivot": [
					-4,
					12,
					-6
				],
				"cubes": [
					{
						"origin": [
							-6,
							6,
							-7
						],
						"size": [
							4,
							6,
							4
						],
						"uv": [
							0,
							16
						]
					}
				]
			},
			{
				"name": "knee2",
				"parent": "leg2",
				"pivot": [
					-4,
					6,
					-7
				],
				"cubes": [
					{
						"origin": [
							-6,
							0,
							-7
						],
						"size": [
							4,
							6,
							4
						],
						"uv": [
							0,
							22
						]
					}
				]
			},
			{
				"name": "leg3",
				"parent": "body",
				"pivot": [
					4,
					12,
					-6
				],
				"mirror": true,
				"cubes": [
					{
						"origin": [
							2,
							6,
							-7
						],
						"size": [
							4,
							6,
							4
						],
						"uv": [
							0,
							16
						]
					}
				]
			},
			{
				"name": "knee3",
				"parent": "leg3",
				"pivot": [
					4,
					6,
					-7
				],
				"cubes": [
					{
						"origin": [
							2,
							0,
							-7
						],
						"size": [
							4,
							6,
							4
						],
						"uv": [
							0,
							22
						],
						"mirror": true
					}
				]
			}
		]
	}
}