{
	"format_version": "1.8.0",
	"geometry.polarbear_bma": {
		"texturewidth": 128,
		"textureheight": 64,
		"visible_bounds_width": 3,
		"visible_bounds_height": 2.5,
		"visible_bounds_offset": [
			0,
			0.75,
			0
		],
		"bones": [
			{
				"name": "root",
				"pivot": [
					0,
					0,
					9
				]
			},
			{
				"name": "body",
				"parent": "root",
				"pivot": [
					-2,
					8,
					0
				],
				"rotation": [
					90,
					0,
					0
				],
				"cubes": [
					{
						"origin": [
							-6.82043,
							-5,
							-0.0023
						],
						"size": [
							14,
							14,
							11
						],
						"uv": [
							0,
							19
						]
					},
					{
						"origin": [
							-5.82043,
							9,
							-0.0023
						],
						"size": [
							12,
							12,
							10
						],
						"uv": [
							39,
							0
						]
					}
				]
			},
			{
				"name": "head",
				"parent": "root",
				"pivot": [
					0,
					14,
					-16
				],
				"mirror": true,
				"cubes": [
					{
						"origin": [
							-3.5,
							10,
							-19
						],
						"size": [
							7,
							7,
							7
						],
						"uv": [
							0,
							0
						],
						"mirror": false
					}
				],
				"locators": {
					"lead": [
						0,
						14,
						-16
					]
				}
			},
			{
				"name": "left_ear",
				"parent": "head",
				"pivot": [
					2.75,
					16,
					-16.25
				],
				"cubes": [
					{
						"origin": [
							2.5,
							16,
							-17
						],
						"size": [
							2,
							2,
							1
						],
						"uv": [
							26,
							0
						],
						"mirror": true
					}
				]
			},
			{
				"name": "right_ear",
				"parent": "head",
				"pivot": [
					-2.75,
					16,
					-16.25
				],
				"cubes": [
					{
						"origin": [
							-4.5,
							16,
							-17
						],
						"size": [
							2,
							2,
							1
						],
						"uv": [
							26,
							0
						]
					}
				]
			},
			{
				"name": "snout",
				"parent": "head",
				"pivot": [
					0,
					11.5,
					-18.5
				],
				"cubes": [
					{
						"origin": [
							-2.5,
							10,
							-22
						],
						"size": [
							5,
							3,
							3
						],
						"uv": [
							0,
							44
						]
					}
				]
			},
			{
				"name": "eyelids",
				"parent": "head",
				"pivot": [
					0,
					13.5,
					-19.1
				],
				"cubes": [
					{
						"origin": [
							-2.5,
							13,
							-19.1
						],
						"size": [
							1,
							1,
							0
						],
						"uv": [
							7,
							8
						]
					},
					{
						"origin": [
							1.5,
							13,
							-19.1
						],
						"size": [
							1,
							1,
							0
						],
						"uv": [
							7,
							8
						],
						"mirror": true
					}
				]
			},
			{
				"name": "leg0",
				"parent": "root",
				"pivot": [
					-4.5,
					10,
					8
				],
				"cubes": [
					{
						"origin": [
							-6.5,
							0,
							4
						],
						"size": [
							4,
							10,
							8
						],
						"uv": [
							50,
							22
						]
					}
				]
			},
			{
				"name": "leg1",
				"parent": "root",
				"pivot": [
					4.5,
					10,
					8
				],
				"cubes": [
					{
						"origin": [
							2.5,
							0,
							4
						],
						"size": [
							4,
							10,
							8
						],
						"uv": [
							50,
							22
						]
					}
				]
			},
			{
				"name": "leg2",
				"parent": "root",
				"pivot": [
					-3.5,
					10,
					-7
				],
				"cubes": [
					{
						"origin": [
							-5.5,
							0,
							-10
						],
						"size": [
							4,
							10,
							6
						],
						"uv": [
							50,
							40
						]
					}
				]
			},
			{
				"name": "leg3",
				"parent": "root",
				"pivot": [
					3.5,
					10,
					-7
				],
				"cubes": [
					{
						"origin": [
							1.5,
							0,
							-10
						],
						"size": [
							4,
							10,
							6
						],
						"uv": [
							50,
							40
						]
					}
				]
			}
		]
	}
}