{
	"format_version": "1.8.0",
	"geometry.ravager": {
		"texturewidth": 128,
		"textureheight": 128,
		"visible_bounds_width": 7,
		"visible_bounds_height": 3.5,
		"visible_bounds_offset": [
			0,
			1.25,
			0
		],
		"bones": [
			{
				"name": "root",
				"pivot": [
					0,
					0,
					0
				]
			},
			{
				"name": "body",
				"parent": "root",
				"pivot": [
					0,
					19,
					2
				],
				"rotation": [
					90,
					0,
					0
				],
				"cubes": [
					{
						"origin": [
							-7,
							10,
							-2
						],
						"size": [
							14,
							16,
							20
						],
						"uv": [
							0,
							55
						]
					},
					{
						"origin": [
							-6,
							-3,
							-2
						],
						"size": [
							12,
							13,
							18
						],
						"uv": [
							0,
							91
						]
					}
				]
			},
			{
				"name": "neck",
				"parent": "root",
				"pivot": [
					0,
					20,
					-20
				],
				"cubes": [
					{
						"origin": [
							-5,
							21,
							-10
						],
						"size": [
							10,
							10,
							18
						],
						"uv": [
							68,
							73
						]
					}
				]
			},
			{
				"name": "head",
				"parent": "neck",
				"pivot": [
					0,
					28,
					-10
				],
				"cubes": [
					{
						"origin": [
							-8,
							14,
							-24
						],
						"size": [
							16,
							20,
							16
						],
						"uv": [
							0,
							0
						]
					}
				],
				"locators": {
					"stun": [
						0,
						32,
						-15
					]
				}
			},
			{
				"name": "mouth",
				"parent": "head",
				"pivot": [
					0,
					15,
					-10
				],
				"cubes": [
					{
						"origin": [
							-8,
							13,
							-24
						],
						"size": [
							16,
							3,
							16
						],
						"uv": [
							0,
							36
						]
					}
				]
			},
			{
				"name": "horns",
				"parent": "head",
				"pivot": [
					-5,
					27,
					-19
				],
				"rotation": [
					60,
					0,
					0
				],
				"cubes": [
					{
						"origin": [
							-10,
							27,
							-20
						],
						"size": [
							2,
							14,
							4
						],
						"uv": [
							74,
							55
						]
					},
					{
						"origin": [
							8,
							27,
							-20
						],
						"size": [
							2,
							14,
							4
						],
						"uv": [
							74,
							55
						]
					}
				]
			},
			{
				"name": "nose",
				"parent": "head",
				"pivot": [
					0,
					18,
					-24
				],
				"cubes": [
					{
						"origin": [
							-2,
							12,
							-28
						],
						"size": [
							4,
							8,
							4
						],
						"uv": [
							0,
							0
						]
					}
				]
			},
			{
				"name": "eyelids",
				"parent": "head",
				"pivot": [
					0,
					20.5,
					-24.1
				],
				"cubes": [
					{
						"origin": [
							-6,
							20,
							-24.1
						],
						"size": [
							4,
							1,
							0
						],
						"uv": [
							19,
							26
						]
					},
					{
						"origin": [
							2,
							20,
							-24.1
						],
						"size": [
							4,
							1,
							0
						],
						"uv": [
							19,
							26
						],
						"mirror": true
					}
				]
			},
			{
				"name": "right_hind_leg",
				"parent": "root",
				"pivot": [
					-12,
					30,
					22
				],
				"cubes": [
					{
						"origin": [
							-12,
							17,
							17
						],
						"size": [
							8,
							20,
							8
						],
						"uv": [
							96,
							0
						]
					}
				]
			},
			{
				"name": "right_hind_knee",
				"parent": "right_hind_leg",
				"pivot": [
					-8,
					17,
					17
				],
				"cubes": [
					{
						"origin": [
							-12,
							0,
							17
						],
						"size": [
							8,
							17,
							8
						],
						"uv": [
							96,
							20
						]
					}
				]
			},
			{
				"name": "left_hind_leg",
				"parent": "root",
				"pivot": [
					12,
					30,
					22
				],
				"cubes": [
					{
						"origin": [
							4,
							17,
							17
						],
						"size": [
							8,
							20,
							8
						],
						"uv": [
							96,
							0
						],
						"mirror": true
					}
				]
			},
			{
				"name": "left_hind_knee",
				"parent": "left_hind_leg",
				"pivot": [
					8,
					17,
					17
				],
				"cubes": [
					{
						"origin": [
							4,
							0,
							17
						],
						"size": [
							8,
							17,
							8
						],
						"uv": [
							96,
							20
						],
						"mirror": true
					}
				]
			},
			{
				"name": "left_front_leg",
				"parent": "root",
				"pivot": [
					12,
					30,
					-3
				],
				"cubes": [
					{
						"origin": [
							4,
							17,
							-8
						],
						"size": [
							8,
							20,
							8
						],
						"uv": [
							96,
							0
						],
						"mirror": true
					}
				]
			},
			{
				"name": "left_front_knee",
				"parent": "left_front_leg",
				"pivot": [
					8,
					17,
					-8
				],
				"cubes": [
					{
						"origin": [
							4,
							0,
							-8
						],
						"size": [
							8,
							17,
							8
						],
						"uv": [
							96,
							20
						],
						"mirror": true
					}
				]
			},
			{
				"name": "right_front_leg",
				"parent": "root",
				"pivot": [
					-12,
					30,
					-3
				],
				"cubes": [
					{
						"origin": [
							-12,
							17,
							-8
						],
						"size": [
							8,
							20,
							8
						],
						"uv": [
							96,
							0
						]
					}
				]
			},
			{
				"name": "right_front_knee",
				"parent": "right_front_leg",
				"pivot": [
					-8,
					17,
					-8
				],
				"cubes": [
					{
						"origin": [
							-12,
							0,
							-8
						],
						"size": [
							8,
							17,
							8
						],
						"uv": [
							96,
							20
						]
					}
				]
			}
		]
	}
}