{
  "format_version": "1.21.60",
  "particle_effect": {
    "description": {
      "identifier": "minecraft:biome_tinted_leaves_particle",
      "basic_render_parameters": {
        "material": "particles_alpha",
        "texture": "textures/particle/biome_tinted_leaves_atlas"
      }
    },
    "components": {
      "minecraft:emitter_rate_manual": {
        "max_particles": 0
      },
      "minecraft:emitter_lifetime_expression": {
        "activation_expression": 1,
        "expiration_expression": 0
      },
      "minecraft:particle_lifetime_expression": {
        "max_lifetime": 0
      }
    }
  }
}
