{
	"format_version": "1.10.0",
	"minecraft:client_entity": {
		"description": {
			"identifier": "minecraft:glow_squid",
			"min_engine_version": "1.16.0",
			"materials": {
				"default": "glow_squid"
			},
			"textures": {
				"default": "textures/entity/glow_squid/glow_squid"
			},
			"geometry": {
				"default": "geometry.squid"
			},
			"animations": {
				"swim": "animation.squid.swim",
				"squid_rotate": "animation.squid.rotate"
			},
			"scripts": {
				"animate": [
					"swim",
					"squid_rotate"
				]
			},
			"render_controllers": [
				"controller.render.glow_squid"
			],
			"spawn_egg": {
				"base_color": "#0x095656",
				"overlay_color": "#0x85f1bc"
			}
		}
	}
}