{
	"format_version": "1.10.0",
	"minecraft:client_entity": {
		"description": {
			"identifier": "minecraft:panda",
			"materials": {
				"default": "panda"
			},
			"textures": {
				"default": "textures/entity/panda/panda",
				"lazy": "textures/entity/panda/panda_lazy",
				"worried": "textures/entity/panda/panda_worried",
				"playful": "textures/entity/panda/panda_playful",
				"brown": "textures/entity/panda/panda_brown",
				"weak": "textures/entity/panda/panda_sneezy",
				"aggressive": "textures/entity/panda/panda_aggressive"
			},
			"geometry": {
				"default": "geometry.panda"
			},
			"animations": {
				"idle": "animation.panda.idle",
				"walk": "animation.panda.walk",
				"blink": "animation.panda.blink",
				"unhappy": "animation.panda.unhappy",
				"sneezing": "animation.panda.sneezing",
				"look_at_target": "animation.common.look_at_target",
				"baby_transform": "animation.panda.baby_transform",
				"sitting": "animation.panda.sitting",
				"rolling": "animation.panda.rolling",
				"lying": "animation.panda.lying",
				"move": "controller.animation.panda.move",
				"unhappy_controller": "controller.animation.panda.unhappy",
				"sneezing_controller": "controller.animation.panda.sneezing"
			},
			"scripts": {
				"animate": [
					"move",
					"unhappy_controller",
					"sneezing_controller",
					{
						"baby_transform": "query.is_baby"
					},
					{
						"blink": "query.is_alive"
					}
				]
			},
			"render_controllers": [
				"controller.render.panda"
			],
			"spawn_egg": {
				"texture": "spawn_egg",
				"texture_index": 54
			}
		}
	}
}