{
	"format_version": "1.10.0",
	"minecraft:client_entity": {
		"description": {
			"identifier": "minecraft:squid",
			"min_engine_version": "1.16.0",
			"materials": {
				"default": "squid"
			},
			"textures": {
				"default": "textures/entity/squid"
			},
			"geometry": {
				"default": "geometry.squid"
			},
			"animations": {
				"swim": "animation.squid.swim",
				"squid_rotate": "animation.squid.rotate"
			},
			"scripts": {
				"animate": [
					"swim",
					"squid_rotate"
				]
			},
			"render_controllers": [
				"controller.render.squid"
			],
			"spawn_egg": {
				"texture": "spawn_egg",
				"texture_index": 15
			}
		}
	}
}