{
	"format_version": "1.10.0",
	"minecraft:client_entity": {
		"description": {
			"identifier": "minecraft:wandering_trader",
			"min_engine_version": "1.16.0",
			"materials": {
				"default": "wandering_trader"
			},
			"textures": {
				"default": "textures/entity/wandering_trader"
			},
			"geometry": {
				"default": "geometry.villager_v2"
			},
			"animations": {
				"walking": "animation.villager.walk",
				"blink": "animation.villager.eyelids",
				"death": "animation.villager.death",
				"panic": "animation.villager.panic",
				"idle": "animation.villager.idle",
				"general": "controller.animation.villager.general",
				"look_at_target": "animation.common.look_at_target",
				"baby_transform": "animation.villager.baby_transform",
				"get_in_bed": "animation.villager.get_in_bed"
			},
			"scripts": {
				"scale": "0.9375",
				"animate": [
					{
						"baby_transform": "query.is_baby"
					},
					{
						"blink": "query.is_alive&&!query.is_sleeping"
					},
					{
						"look_at_target": "query.is_alive&&!query.is_sleeping"
					},
					{
						"death": "!query.is_alive"
					},
					"general"
				]
			},
			"render_controllers": [
				"controller.render.wandering_trader"
			],
			"spawn_egg": {
				"texture": "spawn_egg_wandering_trader"
			}
		}
	}
}