{
  "namespace": "common_buttons",

  "light_text_button@light_button_assets": {
    "$button_offset|default": [ 0, 0 ],
    "$button_pressed_offset|default": [ 0, 1 ],
    "$button_text|default": "",
    "$button_font_size|default": "normal",
    "$button_font_scale_factor|default": 1.0,
    "$pressed_alpha|default": 1,
    "$default_button_alpha|default": 1,
    "$default_hover_alpha|default": 1,
    "$default_pressed_alpha|default": 1,
    "$default_button_pressed_offset|default": [ 0, 1 ],

    "$default_text_color": "$light_button_default_text_color",
    "$hover_text_color|default": "$light_button_hover_text_color",
    "$pressed_text_color|default": "$light_button_pressed_text_color",
    "$locked_text_color": "$light_button_locked_text_color",

    "$button_text_binding_type|default": "none",
    "$button_binding_condition|default": "none",
    "$button_text_grid_collection_name|default": "",

    "$button_type_panel": "common_buttons.new_ui_binding_button_label",
    "$button_state_panel|default": "common_buttons.new_ui_button_panel",

    "$default_state|default": false,
    "$hover_state|default": false,
    "$pressed_state|default": false,
    "$locked_state|default": false,

    "controls": [
      {
        "default@$button_state_panel": {
          "$new_ui_button_texture": "$default_button_texture",
          "$text_color": "$default_text_color",
          "$secondary_text_color": "$light_button_secondary_default_text_color",
          "$content_alpha": "$default_content_alpha",
          "$border_color": "$light_border_default_color",
          "$border_layer": 2,
          "$default_state": true,
          "$button_alpha": "$default_button_alpha",
          "layer": 1
        }
      },
      {
        "hover@$button_state_panel": {
          "$new_ui_button_texture": "$hover_button_texture",
          "$text_color": "$hover_text_color",
          "$secondary_text_color": "$light_button_secondary_hover_text_color",
          "$content_alpha": 1,
          "$border_color": "$light_border_hover_color",
          "$border_layer": 4,
          "$hover_state": true,
          "$button_alpha": "$default_hover_alpha",
          "layer": 4
        }
      },
      {
        "pressed@$button_state_panel": {
          "$new_ui_button_texture": "$pressed_button_texture",
          "$text_color": "$pressed_text_color",
          "$secondary_text_color": "$light_button_secondary_pressed_text_color",
          "$button_offset|default": "$button_pressed_offset",
          "$content_alpha": "$pressed_alpha",
          "$border_color": "$light_border_pressed_color",
          "$border_layer": 5,
          "$pressed_state": true,
          "$button_alpha": "$default_pressed_alpha",
          "layer": 5
        }
      },
      {
        "locked@$button_state_panel": {
          "$new_ui_button_texture": "$locked_button_texture",
          "$text_color": "$locked_text_color",
          "$secondary_text_color": "$light_button_secondary_locked_text_color",
          "$content_alpha": "$locked_alpha",
          "$border_color": "$light_border_locked_color",
          "$button_image": "common_buttons.locked_button_image",
          "$border_layer": 1,
          "$locked_state": true,
          "layer": 1
        }
      }
    ]
  },

  "light_content_button@light_button_assets": {
    "$button_offset|default": [ 0, 0 ],
    "$button_pressed_offset|default": [ 0, 1 ],
    "$pressed_alpha|default": 1,
    "$button_type_panel|default": "common_buttons.button_content_panel",
    "$button_content|default": "common.empty_panel",
    "$button_state_panel|default": "common_buttons.new_ui_button_panel",

    "$default_button_alpha|default": 1,
    "$default_hover_alpha|default": 1,
    "$default_pressed_alpha|default": 1,
    "$border_default_alpha|default": 1,

    "$default_state|default": false,
    "$hover_state|default": false,
    "$pressed_state|default": false,
    "$locked_state|default": false,
    "$default_state_border_visible|default": true,
    "$hover_state_border_visible|default": true,
    "$pressed_state_border_visible|default": true,
    "$locked_state_border_visible|default": true,

    "$default_text_color": "$light_button_default_text_color",

    "controls": [
      {
        "default@$button_state_panel": {
          "$new_ui_button_texture": "$default_button_texture",
          "$text_color": "$default_text_color",
          "$content_alpha": "$default_content_alpha",
          "$secondary_text_color": "$light_button_secondary_default_text_color",
          "$glyph_color": "$light_glyph_default_color",
          "$border_color": "$light_border_default_color",
          "$button_alpha": "$default_button_alpha",
          "$border_visible": "$default_state_border_visible",
          "$border_layer": 2,
          "$default_state": true,
          "$border_alpha": "$border_default_alpha",
          "layer": 1
        }
      },

      {
        "hover@$button_state_panel": {
          "$new_ui_button_texture": "$hover_button_texture",
          "$text_color": "$light_button_hover_text_color",
          "$secondary_text_color": "$light_button_secondary_hover_text_color",
          "$glyph_color": "$light_glyph_hover_color",
          "$content_alpha": "$hover_content_alpha",
          "$border_color": "$light_border_hover_color",
          "$border_visible": "$hover_state_border_visible",
          "$border_layer": 3,
          "$hover_state": true,
          "$button_alpha": "$default_hover_alpha",
          "layer": 2
        }
      },
      {
        "pressed@$button_state_panel": {
          "$new_ui_button_texture": "$pressed_button_texture",
          "$text_color": "$light_button_pressed_text_color",
          "$secondary_text_color": "$light_button_secondary_pressed_text_color",
          "$glyph_color": "$light_glyph_pressed_color",
          "$content_alpha": "$pressed_alpha",
          "$button_offset": "$button_pressed_offset",
          "$border_color": "$light_border_pressed_color",
          "$border_visible": "$pressed_state_border_visible",
          "$border_layer": 3,
          "$button_alpha": "$default_pressed_alpha",
          "$pressed_state": true,
          "layer": 3
        }
      },
      {
        "locked@$button_state_panel": {
          "$new_ui_button_texture": "$locked_button_texture",
          "$text_color": "$light_button_locked_text_color",
          "$secondary_text_color": "$light_button_secondary_locked_text_color",
          "$glyph_color": "$light_glyph_locked_color",
          "$content_alpha": "$locked_alpha",
          "$border_color": "$light_border_locked_color",
          "$button_image": "common_buttons.locked_button_image",
          "$border_visible": "$locked_state_border_visible",
          "$border_layer": 1,
          "$locked_state": true,
          "layer": 1
        }
      }
    ]
  },

  "light_content_button_control_content@common_buttons.light_content_button": {

    "$button_content|default": "common.empty_panel",
    "$button_content_hover|default": "common.empty_panel",
    "$button_content_pressed|default": "common.empty_panel",
    "$button_content_locked|default": "common.empty_panel",

    "controls": [
      {
        "default@$button_state_panel": {
          "$button_content": "$button_content",
          "$new_ui_button_texture": "$default_button_texture",
          "$text_color": "$default_text_color",
          "$content_alpha": "$default_content_alpha",
          "$secondary_text_color": "$light_button_secondary_default_text_color",
          "$glyph_color": "$light_glyph_default_color",
          "$border_color": "$light_border_default_color",
          "$button_alpha": "$default_button_alpha",
          "$border_visible": "$default_state_border_visible",
          "$border_layer": 2,
          "$default_state": true,
          "$border_alpha": "$border_default_alpha",
          "layer": 1
        }
      },

      {
        "hover@$button_state_panel": {
          "$button_content": "$button_content_hover",
          "$new_ui_button_texture": "$hover_button_texture",
          "$text_color": "$light_button_hover_text_color",
          "$secondary_text_color": "$light_button_secondary_hover_text_color",
          "$glyph_color": "$light_glyph_hover_color",
          "$content_alpha": "$hover_content_alpha",
          "$border_color": "$light_border_hover_color",
          "$border_visible": "$hover_state_border_visible",
          "$border_layer": 3,
          "$hover_state": true,
          "$button_alpha": "$default_hover_alpha",
          "layer": 2
        }
      },
      {
        "pressed@$button_state_panel": {
          "$button_content": "$button_content_pressed",
          "$new_ui_button_texture": "$pressed_button_texture",
          "$text_color": "$light_button_pressed_text_color",
          "$secondary_text_color": "$light_button_secondary_pressed_text_color",
          "$glyph_color": "$light_glyph_pressed_color",
          "$content_alpha": "$pressed_alpha",
          "$button_offset": "$button_pressed_offset",
          "$border_color": "$light_border_pressed_color",
          "$border_visible": "$pressed_state_border_visible",
          "$border_layer": 3,
          "$button_alpha": "$default_pressed_alpha",
          "$pressed_state": true,
          "layer": 3
        }
      },
      {
        "locked@$button_state_panel": {
          "$button_content": "$button_content_locked",
          "$new_ui_button_texture": "$locked_button_texture",
          "$text_color": "$light_button_locked_text_color",
          "$secondary_text_color": "$light_button_secondary_locked_text_color",
          "$glyph_color": "$light_glyph_locked_color",
          "$content_alpha": "$locked_alpha",
          "$border_color": "$light_border_locked_color",
          "$button_image": "common_buttons.locked_button_image",
          "$border_visible": "$locked_state_border_visible",
          "$border_layer": 1,
          "$locked_state": true,
          "layer": 1
        }
      }
    ]
  },

  "no_background_content_button@common.button": {

    "size": [ "100%c", "100%c" ],
    "$button_state_panel": "common_buttons.borderless_form_fitting_button_panel",
    "$anchor": "top_left",
    "$button_text_max_size": [ "100%c", 10 ],

    "$button_offset|default": [ 0, 3 ],
    "$pressed_button_offset|default": [ 0, 4 ],
    "$pressed_alpha|default": 1,
    "$locked_alpha": 1,

    "$default_text_color": "$light_button_default_text_color",
    "$hover_text_color|default": "$light_button_hover_text_color",
    "$pressed_text_color|default": "$light_button_pressed_text_color",

    "$button_text_binding_type|default": "none",
    "$button_binding_condition|default": "none",
    "$button_text_grid_collection_name|default": "",

    "$button_type_panel": "common_buttons.button_content_panel",
    "$border_visible": false,
    "$button_image_visible": false,
    "$button_content|default": "common.empty_panel",
    "$button_image|default": "common.empty_panel",

    "$default_state|default": false,
    "$hover_state|default": false,
    "$pressed_state|default": false,
    "$locked_state|default": false,

    "locked_control": "locked",

    "$default_button_texture|default": "",
    "$locked_button_texture|default": "textures/ui/disabledButtonNoBorder",

    "controls": [
      {
        "default@$button_state_panel": {
          "$new_ui_button_texture": "$default_button_texture",
          "$text_color": "$default_text_color",
          "$secondary_text_color": "$light_button_secondary_default_text_color",
          "$glyph_color": "$light_glyph_default_color",
          "$button_image_visible": false,
          "$content_alpha": 1,
          "$border_color": "$light_border_default_color",
          "$border_layer": 2,
          "$default_state": true,
          "layer": 1
        }
      },
      {
        "hover@$button_state_panel": {
          "$text_color": "$hover_text_color",
          "$secondary_text_color": "$light_button_secondary_hover_text_color",
          "$glyph_color": "$light_glyph_hover_color",
          "$content_alpha": 1,
          "$button_image": "common_buttons.background_button_image",
          "$border_color": "$light_border_hover_color",
          "$border_layer": 3,
          "$hover_state": true,
          "layer": 2
        }
      },
      {
        "pressed@$button_state_panel": {
          "$text_color": "$pressed_text_color",
          "$secondary_text_color": "$light_button_secondary_pressed_text_color",
          "$glyph_color": "$light_glyph_pressed_color",
          "$content_alpha": "$pressed_alpha",
          "$button_image": "common_buttons.background_button_image",
          "$button_offset": "$pressed_button_offset",
          "$border_color": "$light_border_pressed_color",
          "$border_layer": 3,
          "$pressed_state": true,
          "layer": 3
        }
      },
      {
        "locked@$button_state_panel": {
          "$new_ui_button_texture": "$locked_button_texture",
          "$text_color": "$light_button_locked_text_color",
          "$secondary_text_color": "$light_button_secondary_locked_text_color",
          "$glyph_color": "$light_glyph_locked_color",
          "$content_alpha": "$locked_alpha",
          "$button_image": "common_buttons.locked_button_image",
          "$border_color": "$light_border_locked_color",
          "$border_layer": 1,
          "$locked_state": true,
          "layer": 1
        }
      }
    ]
  },

  "light_glyph_button@light_button_assets": {

    "$button_content|default": "common.empty_panel",
    "$button_content_offset|default": [ 0, 0 ],
    "$pressed_alpha|default": 1,
    "$button_type_panel": "common_buttons.glyph_content_panel",
    "$default_button_alpha|default": 1,
    "$default_hover_alpha|default": 1,
    "$default_pressed_alpha|default": 1,
    "$default_glyph_color": "$light_glyph_default_color",

    "$default_state|default": false,
    "$hover_state|default": false,
    "$pressed_state|default": false,
    "$locked_state|default": false,

    "$button_default_offset|default": [ 0, 0 ],
    "$button_hover_offset|default": [ 0, 0 ],
    "$button_pressed_offset|default": [ 0, 1 ],
    "$button_locked_offset|default": [ 0, 0 ],

    "controls": [
      {
        "default@common_buttons.new_ui_button_panel": {
          "layer": 1,
          "$new_ui_button_texture": "$default_button_texture",
          "$glyph_color": "$default_glyph_color",
          "$content_alpha": "$default_content_alpha",
          "$border_color": "$light_border_default_color",
          "$border_layer": 2,
          "$default_state": true,
          "$button_alpha": "$default_button_alpha",
          "$button_press_offset": "$button_default_offset"
        }
      },
      {
        "hover@common_buttons.new_ui_button_panel": {
          "layer": 2,
          "$new_ui_button_texture": "$hover_button_texture",
          "$glyph_color": "$light_glyph_hover_color",
          "$content_alpha": "$hover_content_alpha",
          "$border_color": "$light_border_hover_color",
          "$border_layer": 3,
          "$hover_state": true,
          "$button_alpha": "$default_hover_alpha",
          "$button_press_offset": "$button_hover_offset"
        }
      },
      {
        "pressed@common_buttons.new_ui_button_panel": {
          "layer": 3,
          "$new_ui_button_texture": "$pressed_button_texture",
          "$glyph_color": "$light_glyph_pressed_color",
          "$content_alpha": "$pressed_alpha",
          "$border_color": "$light_border_pressed_color",
          "$border_layer": 3,
          "$pressed_state": true,
          "$button_alpha": "$default_pressed_alpha",
          "$button_press_offset": "$button_pressed_offset"
        }
      },
      {
        "locked@common_buttons.new_ui_button_panel": {
          "$new_ui_button_texture": "$locked_button_texture",
          "$glyph_color": "$light_glyph_locked_color",
          "$content_alpha": "$locked_alpha",
          "$border_color": "$light_border_locked_color",
          "$button_image": "common_buttons.locked_button_image",
          "$border_layer": 1,
          "$button_press_offset": "$button_locked_offset",
          "$locked_state": true,
          "layer": 1
        }
      }
    ]
  }
}