{
	"format_version": "1.10.0",
	"animation_controllers": {
		"controller.animation.cat.general": {
			"initial_state": "idle",
			"states": {
				"idle": {
					"animations": ["idle"],
					"transitions": [
						{"walking": "query.ground_speed>0.3"},
						{"sprinting": "query.is_sprinting || query.is_avoiding_mobs || q.ground_speed > 3.5\n"},
						{"sneaking": "query.is_sneaking"},
						{"sitting": "query.is_sitting"},
						{"lying_down": "query.is_laying_down"}
					],
					"blend_transition": 0.2,
					"blend_via_shortest_path": true
				},
				"walking": {
					"animations": ["walk"],
					"transitions": [
						{"idle": "query.ground_speed<0.3"},
						{"sprinting": "query.is_sprinting || query.is_avoiding_mobs || q.ground_speed > 3.5"},
						{"sneaking": "query.is_sneaking"},
						{"sitting": "query.is_sitting"},
						{"lying_down": "query.is_laying_down"}
					],
					"blend_transition": 0.2,
					"blend_via_shortest_path": true
				},
				"sprinting": {
					"animations": ["sprint"],
					"transitions": [
						{"idle": "query.ground_speed<0.3&&!query.is_sprinting&&!query.is_avoiding_mobs"},
						{"walking": "query.ground_speed < 3 && !query.is_sprinting && !query.is_avoiding_mobs"},
						{"sneaking": "query.is_sneaking"},
						{"sitting": "query.is_sitting"},
						{"lying_down": "query.is_laying_down"}
					],
					"blend_transition": 0.2,
					"blend_via_shortest_path": true
				},
				"sneaking": {
					"animations": ["sneak"],
					"transitions": [
						{"idle": "query.ground_speed<0.3&&!query.is_sneaking"},
						{"walking": "query.ground_speed>0.3&&!query.is_sneaking"},
						{"sprinting": "(query.is_sprinting || query.is_avoiding_mobs || q.ground_speed > 3.5) && !query.is_sneaking"},
						{"sitting": "query.is_sitting"},
						{"lying_down": "query.is_laying_down"}
					],
					"blend_transition": 0.2,
					"blend_via_shortest_path": true
				},
				"sitting": {
					"animations": ["sit"],
					"transitions": [
						{"idle": "query.ground_speed<0.3&&!query.is_sitting"},
						{"walking": "query.ground_speed>0.3&&!query.is_sitting"},
						{"sprinting": "(query.is_sprinting || query.is_avoiding_mobs || q.ground_speed > 3.5) && !query.is_sitting"},
						{"sneaking": "query.is_sneaking&&!query.is_sitting"},
						{"lying_down": "query.is_laying_down"}
					],
					"blend_transition": 0.2,
					"blend_via_shortest_path": true
				},
				"lying_down": {
					"animations": ["lie_down"],
					"transitions": [
						{"idle": "query.ground_speed<0.3&&!query.is_laying_down"},
						{"walking": "query.ground_speed>0.3&&!query.is_laying_down"},
						{"sprinting": "(query.is_sprinting || query.is_avoiding_mobs || q.ground_speed > 3.5) && !query.is_laying_down"},
						{"sneaking": "query.is_sneaking&&!query.is_laying_down"},
						{"sitting": "query.is_sitting"}
					],
					"blend_transition": 0.2,
					"blend_via_shortest_path": true
				}
			}
		},
		"controller.animation.cat.death": {
			"states": {
				"default": {
					"animations": ["general", "look_at_target", "blink"],
					"transitions": [
						{"dead": "!q.is_alive"}
					],
					"blend_transition": 0.2,
					"blend_via_shortest_path": true
				},
				"dead": {
					"animations": ["death", "death_rot"],
					"transitions": [
						{"default": "q.is_alive\n"}
					],
					"blend_transition": 0.2,
					"blend_via_shortest_path": true
				}
			}
		}
	}
}