{
	"format_version": "1.10.0",
	"animation_controllers": {
		"controller.animation.cow.general": {
			"states": {
				"default": {
					"transitions": [
						{"walking": "q.ground_speed > 0.3"},
						{"running": "q.ground_speed > 3"}
					],
					"blend_transition": 0.2,
					"blend_via_shortest_path": true
				},
				"walking": {
					"animations": ["walk"],
					"transitions": [
						{"default": "q.ground_speed < 0.3"},
						{"running": "q.ground_speed > 3"}
					],
					"blend_transition": 0.2,
					"blend_via_shortest_path": true
				},
				"running": {
					"animations": ["run"],
					"transitions": [
						{"default": "q.ground_speed < 0.3"},
						{"walking": "q.ground_speed < 2"}
					],
					"blend_transition": 0.2,
					"blend_via_shortest_path": true
				}
			}
		},
		"controller.animation.cow.death": {
			"states": {
				"default": {
					"animations": ["blink", "look_at_target", "general"],
					"transitions": [
						{"dead": "query.health==0"}
					]
				},
				"dead": {
					"animations": ["death", "death_rot"],
					"transitions": [
						{"default": "query.health>0"}
					]
				}
			}
		},
		"controller.animation.mooshroom.death": {
			"states": {
				"default": {
					"animations": ["look_at_target", "general"],
					"transitions": [
						{"dead": "query.health==0"}
					]
				},
				"dead": {
					"animations": ["death", "death_rot"],
					"transitions": [
						{"default": "query.health>0"}
					]
				}
			}
		}
	}
}