{
	"format_version": "1.19.0",
	"animation_controllers": {
		"controller.animation.pillager.general": {
			"initial_state": "idle_not_charged",
			"states": {
				"idle_not_charged": {
					"animations": [
						{"idle_not_charged": "!q.is_riding"}
					],
					"transitions": [
						{"idle_charged": "q.ground_speed < 0.3 && v.attack_state == 1"},
						{"walking_not_charged": "q.ground_speed > 0.3 && v.attack_state == 0"},
						{"walking_charged": "q.ground_speed > 0.3 && v.attack_state == 1"},
						{"celebrating": "q.is_celebrating"}
					],
					"blend_transition": 0.2,
					"blend_via_shortest_path": true
				},
				"idle_charged": {
					"animations": [
						{"idle_charged": "!q.is_riding"}
					],
					"transitions": [
						{"idle_not_charged": "q.ground_speed < 0.3 && v.attack_state == 0"},
						{"walking_not_charged": "q.ground_speed > 0.3 && v.attack_state == 0"},
						{"walking_charged": "q.ground_speed > 0.3 && v.attack_state == 1"},
						{"celebrating": "q.is_celebrating"}
					],
					"blend_transition": 0.2,
					"blend_via_shortest_path": true
				},
				"walking_not_charged": {
					"animations": [
						{"walk_not_charged": "!q.is_riding"}
					],
					"transitions": [
						{"idle_not_charged": "q.ground_speed < 0.3 && v.attack_state == 0"},
						{"idle_charged": "q.ground_speed < 0.3 && v.attack_state == 1"},
						{"walking_charged": "q.ground_speed > 0.3 && v.attack_state == 1"},
						{"celebrating": "q.is_celebrating"}
					],
					"blend_transition": 0.2,
					"blend_via_shortest_path": true
				},
				"walking_charged": {
					"animations": [
						{"walk_charged": "!q.is_riding"}
					],
					"transitions": [
						{"idle_not_charged": "q.ground_speed < 0.3 && v.attack_state == 0"},
						{"idle_charged": "q.ground_speed < 0.3 && v.attack_state == 1"},
						{"walking_not_charged": "q.ground_speed > 0.3 && v.attack_state == 0"},
						{"celebrating": "q.is_celebrating"}
					],
					"blend_transition": 0.2,
					"blend_via_shortest_path": true
				},
				"celebrating": {
					"animations": ["celebrate"],
					"transitions": [
						{"idle_not_charged": "v.attack_state == 0 && !q.is_celebrating"},
						{"idle_charged": "v.attack_state == 1 && !q.is_celebrating"}
					],
					"blend_transition": 0.2,
					"blend_via_shortest_path": true
				}
			}
		},
		"controller.animation.pillager.attack": {
			"states": {
				"default": {
					"animations": ["blink"],
					"transitions": [
						{"charging": "v.attack_state == 2"},
						{"aiming": "v.attack_state == 1 && q.has_target"}
					],
					"blend_transition": 0.2,
					"blend_via_shortest_path": true
				},
				"charging": {
					"animations": ["charge", "blink"],
					"transitions": [
						{"aiming": "v.attack_state == 1"}
					],
					"blend_transition": 0.2,
					"blend_via_shortest_path": true
				},
				"aiming": {
					"animations": ["aim"],
					"transitions": [
						{"default": "v.attack_state == 0 || !q.has_target\n"}
					],
					"blend_transition": 0.2,
					"blend_via_shortest_path": true
				}
			}
		},
		"controller.animation.pillager.arms": {
			"initial_state": "idle_not_charged",
			"states": {
				"idle_not_charged": {
					"animations": [
						{"idle_arms_not_charged": "!q.has_target && !q.is_riding && !q.is_celebrating"}
					],
					"transitions": [
						{"idle_charged": "q.ground_speed < 0.3 && v.attack_state == 1"},
						{"walking_not_charged": "q.ground_speed > 0.3 && v.attack_state == 0"},
						{"walking_charged": "q.ground_speed > 0.3 && v.attack_state == 1"}
					],
					"blend_transition": 0.2,
					"blend_via_shortest_path": true
				},
				"idle_charged": {
					"animations": [
						{"idle_arms_charged": "!q.has_target && !q.is_riding && !q.is_celebrating"}
					],
					"transitions": [
						{"idle_not_charged": "q.ground_speed < 0.3 && v.attack_state == 0"},
						{"walking_not_charged": "q.ground_speed > 0.3 && v.attack_state == 0"},
						{"walking_charged": "q.ground_speed > 0.3 && v.attack_state == 1"}
					],
					"blend_transition": 0.2,
					"blend_via_shortest_path": true
				},
				"walking_not_charged": {
					"animations": [
						{"walk_arms_not_charged": "!q.has_target && !q.is_riding && !q.is_celebrating"}
					],
					"transitions": [
						{"idle_not_charged": "q.ground_speed < 0.3 && v.attack_state == 0"},
						{"idle_charged": "q.ground_speed < 0.3 && v.attack_state == 1"},
						{"walking_charged": "q.ground_speed > 0.3 && v.attack_state == 1"}
					],
					"blend_transition": 0.2,
					"blend_via_shortest_path": true
				},
				"walking_charged": {
					"animations": [
						{"walk_arms_charged": "!q.has_target && !q.is_riding && !q.is_celebrating"}
					],
					"transitions": [
						{"idle_not_charged": "q.ground_speed < 0.3 && v.attack_state == 0"},
						{"idle_charged": "q.ground_speed < 0.3 && v.attack_state == 1"},
						{"walking_not_charged": "q.ground_speed > 0.3 && v.attack_state == 0"}
					],
					"blend_transition": 0.2,
					"blend_via_shortest_path": true
				}
			}
		},
		"controller.animation.pillager.ride": {
			"states": {
				"default": {
					"transitions": [
						{"riding": "q.is_riding"}
					],
					"blend_transition": 0.2,
					"blend_via_shortest_path": true
				},
				"riding": {
					"animations": [
						{"riding_arms_not_charged": "!q.has_target"},
						"riding_legs"
					],
					"transitions": [
						{"default": "!q.is_riding"}
					],
					"blend_transition": 0.2,
					"blend_via_shortest_path": true
				}
			}
		},
		"controller.animation.pillager.death": {
			"states": {
				"default": {
					"animations": ["controller_look_at_target", "general", "attack_cont", "arms_cont", "ride_cont"],
					"transitions": [
						{"dead": "!q.is_alive"}
					],
					"blend_transition": 0.1,
					"blend_via_shortest_path": true
				},
				"dead": {
					"animations": ["death", "death_rot"],
					"transitions": [
						{"default": "q.is_alive\n"}
					],
					"blend_transition": 0.1,
					"blend_via_shortest_path": true
				}
			}
		}
	}
}