{
	"format_version": "1.10.0",
	"animation_controllers": {
		"controller.animation.spider.general": {
			"states": {
				"default": {
					"animations": ["idle"],
					"transitions": [
						{"walking": "q.ground_speed > 0.3"},
						{"attacking": "v.attack_time > 0"}
					],
					"blend_transition": 0.2,
					"blend_via_shortest_path": true
				},
				"walking": {
					"animations": [
						{"walk": "!q.is_wall_climbing && q.modified_move_speed"}
					],
					"transitions": [
						{"default": "q.ground_speed < 0.3"},
						{"attacking": "v.attack_time > 0"}
					],
					"blend_transition": 0.2,
					"blend_via_shortest_path": true
				},
				"attacking": {
					"animations": ["attack"],
					"transitions": [
						{"default": "v.attack_time == 0 && query.all_animations_finished"}
					],
					"blend_transition": 0.2,
					"blend_via_shortest_path": true
				}
			}
		},
		"controller.animation.spider.orientation_controller": {
			"states": {
				"default": {
					"transitions": [
						{"climbing": "query.is_wall_climbing&&query.ground_speed>0.2"}
					],
					"blend_transition": 0.3,
					"blend_via_shortest_path": true
				},
				"climbing": {
					"animations": ["climb"],
					"transitions": [
						{"default": "!query.is_wall_climbing"},
						{"upside_down": "query.is_wall_climbing&&query.ground_speed<0.2"}
					],
					"blend_transition": 0.3,
					"blend_via_shortest_path": true
				},
				"upside_down": {
					"animations": ["upside_down", "look_at_target_upside_down"],
					"transitions": [
						{"default": "!query.is_wall_climbing"},
						{"climbing": "query.is_wall_climbing&&query.ground_speed>0.2"}
					],
					"blend_transition": 0.3,
					"blend_via_shortest_path": true
				}
			}
		},
		"controller.animation.spider.death": {
			"states": {
				"default": {
					"animations": ["general", "orientation_controller", "look_at_target"],
					"transitions": [
						{"active": "!q.is_alive"}
					]
				},
				"active": {
					"animations": ["death", "death_rot"],
					"transitions": [
						{"default": "q.is_alive"}
					]
				}
			}
		},
		"controller.animation.cave_spider.death": {
			"states": {
				"default": {
					"animations": ["general", "orientation_controller", "look_at_target"],
					"transitions": [
						{"active": "!q.is_alive"}
					]
				},
				"active": {
					"animations": ["death", "death_rot"],
					"transitions": [
						{"default": "q.is_alive"}
					]
				}
			}
		}
	}
}