{
	"format_version": "1.10.0",
	"minecraft:client_entity": {
		"description": {
			"identifier": "minecraft:cat",
			"materials": {
				"default": "cat"
			},
			"textures": {
				"white": "textures/entity/cat/white",
				"black": "textures/entity/cat/tuxedo",
				"red": "textures/entity/cat/redtabby",
				"siamese": "textures/entity/cat/siamesecat",
				"british": "textures/entity/cat/britishshorthair",
				"calico": "textures/entity/cat/calico",
				"persian": "textures/entity/cat/persian",
				"ragdoll": "textures/entity/cat/ragdoll",
				"tabby": "textures/entity/cat/tabby",
				"jellie": "textures/entity/cat/jellie",
				"all_black": "textures/entity/cat/allblackcat",
				"white_tame": "textures/entity/cat/white_tame",
				"black_tame": "textures/entity/cat/tuxedo_tame",
				"red_tame": "textures/entity/cat/redtabby_tame",
				"siamese_tame": "textures/entity/cat/siamesecat_tame",
				"british_tame": "textures/entity/cat/britishshorthair_tame",
				"calico_tame": "textures/entity/cat/calico_tame",
				"persian_tame": "textures/entity/cat/persian_tame",
				"ragdoll_tame": "textures/entity/cat/ragdoll_tame",
				"tabby_tame": "textures/entity/cat/tabby_tame",
				"all_black_tame": "textures/entity/cat/allblackcat_tame",
				"jellie_tame": "textures/entity/cat/jellie_tame"
			},
			"geometry": {
				"default": "geometry.cat.bma2"
			},
			"animations": {
				"sneak": "animation.cat.sneak",
				"walk": "animation.cat.walk",
				"idle": "animation.cat.idle",
				"sprint": "animation.cat.sprint",
				"sit": "animation.cat.sit",
				"look_at_target": "animation.common.look_at_target",
				"baby_transform": "animation.cat.baby_transform",
				"blink": "animation.cat.blink",
				"lie_down": "animation.cat.lie_down",
				"death": "animation.cat.death",
				"death_rot": "animation.cat.death_rot",
				"general": "controller.animation.cat.general",
				"death_cont": "controller.animation.cat.death"
			},
			"scripts": {
				"animate": [
					"death_cont",
					{
						"baby_transform": "query.is_baby"
					}
				]
			},
			"render_controllers": [
				"controller.render.cat"
			],
			"spawn_egg": {
				"texture": "spawn_egg",
				"texture_index": 53
			}
		}
	}
}