{
  "format_version": "1.10.0",
  "minecraft:client_entity": {
    "description": {
      "identifier": "minecraft:chicken",
      "min_engine_version": "1.18.0",
      "materials": {
        "default": "chicken",
        "legs": "chicken_legs"
      },
      "textures": {
        "default": "textures/entity/chicken"
      },
      "geometry": {
        "default": "geometry.chicken.bma2"
      },
      "animations": {
        "look_at_target": "animation.common.look_at_target",
        "baby_transform": "animation.chicken.baby_transform",
        "blink": "animation.chicken.blink",
        "idle": "animation.chicken.idle",
        "walk": "animation.chicken.walk",
        "run": "animation.chicken.run",
        "fly": "animation.chicken.fly",
        "death": "animation.chicken.death",
        "death_rot": "animation.chicken.death_rot",
        "general": "controller.animation.chicken.general",
        "death_cont": "controller.animation.chicken.death"
      },
      "scripts": {
        "animate": [
          "death_cont",
          {
            "baby_transform": "q.is_baby"
          }
        ]
      },
      "render_controllers": [
        "controller.render.chicken"
      ],
      "spawn_egg": {
        "texture": "spawn_egg",
        "texture_index": 0
      }
    }
  }
}