{
  "format_version": "1.10.0",
  "minecraft:client_entity": {
    "description": {
      "identifier": "minecraft:enderman",
      "min_engine_version": "1.17.0",
      "materials": {
        "default": "enderman",
        "invisible": "enderman_invisible"
      },
      "textures": {
        "default": "textures/entity/enderman/enderman"
      },
      "geometry": {
        "default": "geometry.enderman.bma2"
      },
      "animations": {
        "look_at_target_default": "animation.humanoid.look_at_target.default",
        "look_at_target_gliding": "animation.humanoid.look_at_target.gliding",
        "look_at_target_swimming": "animation.humanoid.look_at_target.swimming",
        "blink": "animation.enderman.blink",
        "idle": "animation.enderman.idle",
        "walk": "animation.enderman.walk",
        "arms_walk": "animation.enderman.arms_walk",
        "carry": "animation.enderman.carry",
        "angry": "animation.enderman.angry",
        "attack": "animation.enderman.attack",
        "death": "animation.enderman.death",
        "death_rot": "animation.enderman.death_rot",
        "general": "controller.animation.enderman.general",
        "look_at_target": "controller.animation.humanoid.look_at_target",
        "attack_cont": "controller.animation.enderman.attack",
        "death_cont": "controller.animation.enderman.death"
      },
      "scripts": {
        "pre_animation": [
          "v.attack = math.sin(v.attack_time * 25);",
          "variable.tcos0 = (Math.cos(query.modified_distance_moved * 38.17) * query.modified_move_speed / variable.gliding_speed_value) * 28.65;"
        ],
        "animate": [
          "death_cont"
        ]
      },
      "render_controllers": [ "controller.render.enderman" ],
      "spawn_egg": {
        "texture": "spawn_egg",
        "texture_index": 7
      }
    }
  }
}