{
  "format_version": "1.10.0",
  "minecraft:client_entity": {
    "description": {
      "identifier": "minecraft:fox",
      "materials": { "default": "fox" },
      "textures": {
        "red": "textures/entity/fox/fox",
        "arctic": "textures/entity/fox/arctic_fox"
      },
      "geometry": {
        "default": "geometry.fox.bma2"
      },
      "animations": {
        "look_at_target": "animation.common.look_at_target",
        "baby_transform": "animation.fox.baby_transform",
        "blink": "animation.fox.blink",
        "idle": "animation.fox.idle",
        "walk": "animation.fox.walk",
        "crouch": "animation.fox.crouch",
        "run": "animation.fox.run",
        "wiggle": "animation.fox.wiggle",
        "pounce": "animation.fox.pounce",
        "attack": "animation.fox.attack",
        "stuck": "animation.fox.stuck",
        "sit": "animation.fox.sit",
        "sleep": "animation.fox.sleep",
        "death": "animation.fox.death",
        "death_rot": "animation.fox.death_rot",
        "general": "controller.animation.fox.general",
        "attack_cont": "controller.animation.fox.attack",
        "death_cont": "controller.animation.fox.death"
      },
      "scripts": {
        "pre_animation": [
          "v.attack = math.sin(v.attack_time * 25);"
        ],
        "animate": [
          "death_cont",
          { "baby_transform": "query.is_baby" }
        ]
      },
      "render_controllers": [ "controller.render.fox" ],
      "spawn_egg": {
        "texture": "spawn_egg",
        "texture_index": 55
      }
    }
  }
}