{
	"format_version": "1.10.0",
	"animations": {
		"animation.3Dcrystal": {
			"loop": true,
			"bones": {
				"outerglass": {
					"position": [
						"c.is_first_person ? 0.4 : 0.0",
						"c.is_first_person ? 28 : 18.0",
						"c.is_first_person ? 4.0 : 0.0"
					  ],
					  "rotation": [
						"c.is_first_person ? 1.0 : 45.0",
						"c.is_first_person ? 45.0 : 0.0",
						"c.is_first_person ? 12.0 : 0.0"
					  ],
					  "scale": 0.52
				},
				"innerglass": {
					"position": [
						"c.is_first_person ? 0.0 : 0.0",
						"c.is_first_person ? 28 : 18.0",
						"c.is_first_person ? 4.0 : 0.0"
					  ],
					  "rotation": [
						"c.is_first_person ? 11.5 : 0.0",
						"c.is_first_person ? 120.0 : 0.0",
						"c.is_first_person ? -99.0 : 45.0"
					  ],
					  "scale": 0.48
				},
				"crystal": {
					"position": [
						"c.is_first_person ? 0.0 : 0.0",
						"c.is_first_person ? 28 : 18.0",
						"c.is_first_person ? 4.0 : 0.0"
					  ],
					  "rotation": [
						"c.is_first_person ? 45.0 : 0.0",
						"c.is_first_person ? 225.0 : 0.0",
						"c.is_first_person ? 10.0 : 0.0"
					  ],
					"scale": 0.4
				}
			}
		}
	}
}