{
   "grass_path" : {
      "isotropic" : {
         "down" : true,
         "up" : true
      },
      "sound" : "grass",
      "textures" : {
         "down" : "dirt",
         "side" : "grass_path_top",
         "up" : "grass_path_top"
      }
   },
   "mycelium" : {
      "isotropic" : {
         "down" : true,
         "up" : true
      },
      "sound" : "grass",
      "textures" : {
         "down" : "mycelium_bottom",
         "side" : "mycelium_top",
         "up" : "mycelium_top"
      }
   },
   "crimson_nylium" : {
      "isotropic" : {
         "down" : true,
         "up" : true
      },
      "sound" : "nylium",
      "textures" : {
         "down" : "netherrack",
         "east" : "crimson_nylium_top",
         "north" : "crimson_nylium_top",
         "south" : "crimson_nylium_top",
         "up" : "crimson_nylium_top",
         "west" : "crimson_nylium_top"
      }
   },
   "warped_nylium" : {
      "isotropic" : {
         "down" : true,
         "up" : true
      },
      "sound" : "nylium",
      "textures" : {
         "down" : "netherrack",
         "east" : "warped_nylium_top",
         "north" : "warped_nylium_top",
         "south" : "warped_nylium_top",
         "up" : "warped_nylium_top",
         "west" : "warped_nylium_top"
      }
   },
   "podzol" : {
      "isotropic" : {
         "down" : true,
         "up" : true
      },
      "sound" : "gravel",
      "textures" : {
         "down" : "dirt_podzol_bottom",
         "side" : "dirt_podzol_top",
         "up" : "dirt_podzol_top"
      }
   },
   "snow" : {
      "brightness_gamma" : 0.450,
      "isotropic" : true,
      "sound" : "snow",
      "textures" : "snow"
   },
   "snow_layer" : {
      "brightness_gamma" : 0.450,
      "isotropic" : true,
      "sound" : "snow",
      "textures" : "snow"
   }
}