{
  "format_version": "1.0",
  "animation_controllers": {
    "controller.animation.oskullo_name_tag": {
      "initial_state": "default",
      "states": {
        "default": {
          "transitions": [
            {
              "default": "true"
            }
          ],
          "on_entry": [
            "/tag @s add oskullo_name_tag"
          ]
        }
      }
    }
  },
  "animations": {
    "animation.oskullo_name_tag": {
      "loop": true,
      "bones": {
        "nametag": {
          "scale": [1.0, 1.0, 1.0],
          "position": [0, 2.8, 0]
        }
      }
    }
  },
  "geometry": {
    "geometry.oskullo_name_tag": {
      "description": {
        "identifier": "geometry.oskullo_name_tag",
        "texture_width": 128,
        "texture_height": 32,
        "visible_bounds_width": 2,
        "visible_bounds_height": 1,
        "visible_bounds_offset": [0, 2.8, 0]
      },
      "bones": [
        {
          "name": "nametag",
          "pivot": [0, 0, 0],
          "cubes": [
            {
              "origin": [-1, 0, -0.01],
              "size": [2, 1, 0],
              "uv": { "north": [0, 0, 128, 32] }
            }
          ]
        }
      ]
    }
  },
  "render_controllers": {
    "controller.render.oskullo_name_tag": {
      "geometry": "Geometry.oskullo_name_tag",
      "materials": [
        {
          "*": "material.alpha"
        }
      ],
      "textures": [
        "Texture.default"
      ]
    }
  },
  "materials": {
    "material.alpha": {
      "texture": "Texture.default",
      "render_method": "alpha_test"
    }
  },
  "textures": {
    "Texture.default": "textures/ui/oSkullo/first_person"
  },
  "client_entity": {
    "description": {
      "identifier": "oskullo:name_tag",
      "materials": {
        "default": "material.alpha"
      },
      "geometry": {
        "default": "geometry.oskullo_name_tag"
      },
      "textures": {
        "default": "textures/ui/oSkullo/first_person"
      },
      "animations": {
        "animation.oskullo_name_tag": "animation.oskullo_name_tag"
      },
      "animation_controllers": [
        {
          "controller.animation.oskullo_name_tag": "controller.animation.oskullo_name_tag"
        }
      ],
      "render_controllers": [
        "controller.render.oskullo_name_tag"
      ],
      "enable_attachables": false
    }
  }
}